geoid,county,state,housing_units,built_1939_or_earlier,built_1939_or_earlier_moe,share_built_before_1940,share_built_before_1960,moe_over_half_of_estimate,median_year_built,median_year_built_moe,median_in_1939_or_earlier_bracket,built_1940to_1949,built_1950to_1959,built_1960to_1969,built_1970to_1979,built_1980to_1989,built_1990to_1999,built_2000to_2009,built_2010to_2019,built_2020or_later
01001,Autauga County,Alabama,25039,636,172,0.0254,0.0742,no,1994,2,no,335,888,2200,4444,2489,4302,5462,3724,559
01003,Baldwin County,Alabama,132258,2153,449,0.0163,0.0495,no,1999,1,no,1713,2675,6754,10944,17805,27453,33916,22586,6259
01005,Barbour County,Alabama,11762,943,194,0.0802,0.1846,no,1983,3,no,341,887,1505,1647,2199,2312,1270,460,198
01007,Bibb County,Alabama,9133,375,137,0.0411,0.1454,no,1990,3,no,382,571,591,1279,1296,1747,1833,882,177
01009,Blount County,Alabama,24918,985,224,0.0395,0.1323,no,1990,1,no,934,1378,1925,3781,3386,5271,4371,2553,334
01011,Bullock County,Alabama,4579,156,96,0.0341,0.1105,yes,1987,4,no,33,317,335,911,739,1202,598,240,48
01013,Butler County,Alabama,9885,620,200,0.0627,0.1775,no,1979,2,no,437,698,1266,2100,1968,1465,696,552,83
01015,Calhoun County,Alabama,53361,3442,465,0.0645,0.2325,no,1979,2,no,2998,5967,5953,9729,7681,7448,6147,3507,489
01017,Chambers County,Alabama,16435,2094,322,0.1274,0.2833,no,1979,2,no,999,1563,1359,2367,2288,2145,2057,1382,181
01019,Cherokee County,Alabama,14702,677,148,0.0460,0.1462,no,1986,2,no,576,897,1684,2183,2306,2492,2458,1146,283
01021,Chilton County,Alabama,19839,873,245,0.0440,0.1351,no,1988,3,no,569,1239,2022,3438,2263,3287,3697,2133,318
01023,Choctaw County,Alabama,7200,231,93,0.0321,0.1428,no,1984,3,no,200,597,703,1402,1042,1487,912,537,89
01025,Clarke County,Alabama,11749,511,165,0.0435,0.1476,no,1981,2,no,496,727,1772,2206,2187,2087,1141,554,68
01027,Clay County,Alabama,7106,707,153,0.0995,0.2131,no,1984,2,no,174,633,759,783,1226,1159,951,617,97
01029,Cleburne County,Alabama,6874,358,130,0.0521,0.1772,no,1989,3,no,298,562,604,797,929,1531,1215,432,148
01031,Coffee County,Alabama,24656,917,160,0.0372,0.1303,no,1987,1,no,702,1593,2580,4326,3147,3408,4185,3233,565
01033,Colbert County,Alabama,28040,1667,305,0.0595,0.2282,no,1979,3,no,1650,3082,3798,4052,2928,3308,3510,3453,592
01035,Conecuh County,Alabama,6444,329,126,0.0511,0.1673,no,1982,3,no,223,526,818,1094,1074,1434,629,255,62
01037,Coosa County,Alabama,6058,473,118,0.0781,0.1563,no,1985,3,no,174,300,799,802,905,1122,913,424,146
01039,Covington County,Alabama,18714,1197,212,0.0640,0.2171,no,1979,3,no,872,1993,2381,3405,2286,3335,1960,1091,194
01041,Crenshaw County,Alabama,6583,444,129,0.0674,0.1457,no,1982,3,no,145,370,676,1423,1022,1046,779,602,76
01043,Cullman County,Alabama,39871,2183,345,0.0548,0.1278,no,1987,2,no,1231,1683,4429,6815,5320,7241,4809,4859,1301
01045,Dale County,Alabama,22968,914,194,0.0398,0.1323,no,1983,2,no,605,1519,3116,4262,3978,3392,2934,1920,328
01047,Dallas County,Alabama,18936,1036,288,0.0547,0.2275,no,1977,2,no,1220,2052,2675,3631,2276,2952,1979,1021,94
01049,DeKalb County,Alabama,30963,1673,269,0.0540,0.1644,no,1984,2,no,967,2449,3737,4922,4669,5734,4040,2261,511
01051,Elmore County,Alabama,37323,815,218,0.0218,0.0825,no,1995,2,no,378,1887,2557,5285,3935,7040,7965,6300,1161
01053,Escambia County,Alabama,16816,667,181,0.0397,0.1623,no,1983,2,no,647,1415,1919,2865,2622,3478,1794,1322,87
01055,Etowah County,Alabama,47603,2929,354,0.0615,0.2819,no,1975,2,no,3995,6497,6324,7643,5361,5860,5509,2894,591
01057,Fayette County,Alabama,7810,455,155,0.0583,0.1985,no,1980,3,no,314,781,969,1397,1168,1098,794,679,155
01059,Franklin County,Alabama,14002,690,185,0.0493,0.1449,no,1983,2,no,543,796,1825,2522,2095,2439,1764,1274,54
01061,Geneva County,Alabama,12584,772,181,0.0613,0.2133,no,1979,2,no,616,1296,1800,2009,1642,1838,1338,1126,147
01063,Greene County,Alabama,4279,163,114,0.0381,0.1652,yes,1981,3,no,169,375,543,833,726,720,430,277,43
01065,Hale County,Alabama,7594,452,139,0.0595,0.1405,no,1985,3,no,201,414,988,1211,996,1713,878,551,190
01067,Henry County,Alabama,9215,453,155,0.0492,0.1742,no,1982,3,no,442,710,1048,1679,1227,1336,1388,674,258
01069,Houston County,Alabama,50158,1587,197,0.0316,0.1425,no,1985,1,no,1605,3955,5478,9031,6881,8130,7586,4980,925
01071,Jackson County,Alabama,24914,1775,353,0.0712,0.1629,no,1985,2,no,886,1398,2620,4007,3713,5157,2678,2291,389
01073,Jefferson County,Alabama,310789,32157,1574,0.1035,0.2845,no,1975,1,no,16155,40097,42283,52609,32046,32943,35158,23592,3749
01075,Lamar County,Alabama,7123,422,152,0.0592,0.2180,no,1978,2,no,318,813,832,1493,1289,953,456,499,48
01077,Lauderdale County,Alabama,44936,2281,451,0.0508,0.1931,no,1980,2,no,1911,4487,6596,7086,5454,7018,4771,4509,823
01079,Lawrence County,Alabama,15403,531,139,0.0345,0.1070,no,1990,2,no,350,767,1642,2311,2077,3397,2424,1699,205
01081,Lee County,Alabama,79619,1753,358,0.0220,0.0702,no,1997,2,no,1253,2586,5063,7897,10450,14792,16762,15357,3706
01083,Limestone County,Alabama,44354,1409,305,0.0318,0.0906,no,1998,2,no,423,2186,3131,4483,5490,6538,7878,9887,2929
01085,Lowndes County,Alabama,4847,186,75,0.0384,0.1011,no,1991,2,no,135,169,367,893,540,1143,791,524,99
01087,Macon County,Alabama,9653,419,110,0.0434,0.1623,no,1979,2,no,356,792,1221,2218,1660,1472,1030,357,128
01089,Madison County,Alabama,178607,3802,484,0.0213,0.0921,no,1992,2,no,2625,10017,23222,17955,25489,26067,32368,27695,9367
01091,Marengo County,Alabama,9867,810,209,0.0821,0.1724,no,1982,2,no,311,580,1075,1857,1627,1856,1011,567,173
01093,Marion County,Alabama,14220,681,202,0.0479,0.1723,no,1978,2,no,416,1353,2219,3032,1784,2490,1137,989,119
01095,Marshall County,Alabama,41762,1338,196,0.0320,0.1378,no,1986,1,no,1630,2787,5110,6256,6417,7839,5507,4127,751
01097,Mobile County,Alabama,186082,7536,708,0.0405,0.1905,no,1980,1,no,8780,19130,21765,37356,28619,22752,23386,14968,1790
01099,Monroe County,Alabama,10208,298,110,0.0292,0.1155,no,1984,3,no,190,691,1018,2099,2274,1664,1211,688,75
01101,Montgomery County,Alabama,106121,6578,659,0.0620,0.2031,no,1979,1,no,3672,11302,12998,20051,14696,15392,12363,7890,1179
01103,Morgan County,Alabama,53905,1672,300,0.0310,0.1378,no,1983,2,no,1649,4107,7467,9631,8831,7909,7503,4213,923
01105,Perry County,Alabama,3962,180,64,0.0454,0.2196,no,1985,3,no,230,460,150,661,648,823,198,530,82
01107,Pickens County,Alabama,8729,467,133,0.0535,0.1675,no,1979,2,no,377,618,1339,1714,1128,1546,966,481,93
01109,Pike County,Alabama,16238,843,212,0.0519,0.1573,no,1986,2,no,690,1022,1519,2614,2281,2411,1983,2236,639
01111,Randolph County,Alabama,12505,1006,200,0.0804,0.1614,no,1986,3,no,245,767,1185,1809,1938,2335,2007,912,301
01113,Russell County,Alabama,27711,1049,244,0.0379,0.1866,no,1985,2,no,1312,2810,2585,4293,3554,3560,3615,4642,291
01115,St. Clair County,Alabama,39247,566,190,0.0144,0.0594,no,1998,1,no,738,1029,1784,4776,5206,6834,11160,5557,1597
01117,Shelby County,Alabama,91995,1182,302,0.0128,0.0399,no,1997,2,no,887,1603,2774,8596,15161,21272,24577,13291,2652
01119,Sumter County,Alabama,6356,348,121,0.0548,0.1619,no,1979,2,no,219,462,643,1721,724,1219,650,288,82
01121,Talladega County,Alabama,38547,2079,439,0.0539,0.2070,no,1984,2,no,1821,4081,3389,5835,5820,6716,5480,2671,655
01123,Tallapoosa County,Alabama,23161,1243,233,0.0537,0.1641,no,1985,3,no,925,1633,2426,3462,3443,4212,3553,1944,320
01125,Tuscaloosa County,Alabama,104290,3713,530,0.0356,0.1156,no,1992,2,no,2537,5809,9024,14993,12132,16028,20683,17320,2051
01127,Walker County,Alabama,30366,1766,385,0.0582,0.1878,no,1983,2,no,1617,2319,3093,5304,4189,5194,3852,2391,641
01129,Washington County,Alabama,7797,308,125,0.0395,0.1438,no,1984,4,no,206,607,813,1600,889,1606,1299,424,45
01131,Wilcox County,Alabama,5334,152,68,0.0285,0.1485,no,1985,3,no,281,359,434,989,838,1355,475,367,84
01133,Winston County,Alabama,13160,333,108,0.0253,0.1131,no,1988,3,no,427,728,1598,2120,1717,2773,2137,1173,154
02013,Aleutians East Borough,Alaska,1245,77,38,0.0618,0.1382,no,1981,2,no,64,31,152,273,346,143,122,37,0
02016,Aleutians West Census Area,Alaska,1356,18,8,0.0133,0.0833,no,1990,2,no,67,28,80,135,332,452,118,112,14
02020,Anchorage Municipality,Alaska,120348,873,214,0.0073,0.0752,no,1982,1,no,1269,6910,11346,33209,29279,14090,14533,8292,547
02050,Bethel Census Area,Alaska,6011,51,27,0.0085,0.0253,yes,1988,1,no,44,57,324,1252,1551,964,1122,628,18
02060,Bristol Bay Borough,Alaska,798,29,11,0.0363,0.0840,no,1985,2,no,14,24,46,187,186,205,83,20,4
02063,Chugach Census Area,Alaska,3922,189,71,0.0482,0.1461,no,1979,2,no,114,270,278,1189,877,426,374,182,23
02066,Copper River Census Area,Alaska,2442,86,36,0.0352,0.1495,no,1985,3,no,170,109,121,529,427,383,443,167,7
02068,Denali Borough,Alaska,1301,28,17,0.0215,0.0792,yes,1989,2,no,10,65,80,214,297,245,208,147,7
02070,Dillingham Census Area,Alaska,2399,26,13,0.0108,0.0596,no,1985,1,no,59,58,127,588,692,392,303,154,0
02090,Fairbanks North Star Borough,Alaska,42680,379,134,0.0089,0.0812,no,1985,1,no,682,2404,2903,9940,10747,5203,6631,3496,295
02100,Haines Borough,Alaska,1379,97,48,0.0703,0.1320,no,1987,4,no,6,79,135,194,259,180,222,189,18
02105,Hoonah-Angoon Census Area,Alaska,1753,146,44,0.0833,0.1654,no,1984,2,no,94,50,53,375,404,314,205,99,13
02110,Juneau City and Borough,Alaska,14249,1023,202,0.0718,0.1377,no,1982,2,no,441,498,1120,3522,3417,1696,1391,966,175
02122,Kenai Peninsula Borough,Alaska,32836,269,103,0.0082,0.0426,no,1990,1,no,325,805,1754,5685,7690,4872,6686,4278,472
02130,Ketchikan Gateway Borough,Alaska,6698,842,123,0.1257,0.2858,no,1977,1,no,292,780,434,1486,1207,788,505,329,35
02150,Kodiak Island Borough,Alaska,5854,18,12,0.0031,0.1061,yes,1987,3,no,228,375,399,1048,1316,955,1052,379,84
02158,Kusilvak Census Area,Alaska,2346,7,6,0.0030,0.0153,yes,1989,2,no,0,29,83,580,515,420,483,199,30
02164,Lake and Peninsula Borough,Alaska,1336,22,10,0.0165,0.0749,no,1986,1,no,37,41,88,188,506,202,122,128,2
02170,Matanuska-Susitna Borough,Alaska,51170,187,52,0.0037,0.0281,no,1997,1,no,457,794,1585,5976,11173,7561,13593,8861,983
02180,Nome Census Area,Alaska,4102,135,35,0.0329,0.0729,no,1985,2,no,51,113,171,1045,1134,691,520,227,15
02185,North Slope Borough,Alaska,2642,5,9,0.0019,0.0185,yes,1984,2,no,0,44,285,587,934,398,269,114,6
02188,Northwest Arctic Borough,Alaska,2744,4,5,0.0015,0.0168,yes,1987,1,no,16,26,126,687,740,701,305,139,0
02195,Petersburg Borough,Alaska,1863,353,82,0.1895,0.2566,no,1979,3,no,70,55,135,347,365,189,229,100,20
02198,Prince of Wales-Hyder Census Area,Alaska,3250,124,32,0.0382,0.0954,no,1987,2,no,88,98,131,641,823,668,416,240,21
02220,Sitka City and Borough,Alaska,4161,138,38,0.0332,0.1394,no,1980,2,no,198,244,562,960,930,438,407,229,55
02230,Skagway Municipality,Alaska,666,96,28,0.1441,0.2297,no,1985,3,no,39,18,39,94,100,92,117,61,10
02240,Southeast Fairbanks Census Area,Alaska,3515,22,18,0.0063,0.0481,yes,1988,2,no,29,118,240,583,955,454,634,460,20
02275,Wrangell City and Borough,Alaska,1303,137,33,0.1051,0.2302,no,1976,2,no,22,141,178,288,203,145,97,86,6
02282,Yakutat City and Borough,Alaska,398,18,7,0.0452,0.0779,no,1982,4,no,3,10,30,121,72,53,55,34,2
02290,Yukon-Koyukuk Census Area,Alaska,3724,32,16,0.0086,0.0730,no,1984,1,no,97,143,222,848,1209,562,352,232,27
04001,Apache County,Arizona,28997,366,96,0.0126,0.0572,no,1987,2,no,380,912,2504,5823,6045,5878,4988,1898,203
04003,Cochise County,Arizona,59666,4117,345,0.0690,0.1478,no,1987,1,no,1129,3571,3861,10086,9908,10340,11367,4788,499
04005,Coconino County,Arizona,70645,1201,272,0.0170,0.0683,no,1991,1,no,908,2718,3944,11123,14174,14879,13396,6999,1303
04007,Gila County,Arizona,32742,1969,270,0.0601,0.1368,no,1986,2,no,828,1683,2303,5934,5812,5139,6536,1981,557
04009,Graham County,Arizona,14122,867,215,0.0614,0.1514,no,1987,2,no,418,853,1054,2282,2244,2099,2655,1433,217
04011,Greenlee County,Arizona,4433,190,131,0.0429,0.1897,yes,1980,3,no,325,326,305,1114,775,831,416,132,19
04012,La Paz County,Arizona,13672,108,67,0.0079,0.0472,yes,1985,2,no,127,411,1517,3213,2798,2075,1847,1470,106
04013,Maricopa County,Arizona,1884334,17340,1309,0.0092,0.0704,no,1993,1,no,23373,91996,119539,286977,318055,326381,410644,233059,56970
04015,Mohave County,Arizona,121881,435,119,0.0036,0.0223,no,1995,1,no,575,1710,5003,15944,24538,27346,32002,11421,2907
04017,Navajo County,Arizona,57230,1466,232,0.0256,0.0763,no,1989,1,no,733,2169,4742,10059,10644,9597,13510,3698,612
04019,Pima County,Arizona,479939,9442,766,0.0197,0.1271,no,1986,1,no,13948,37618,38599,89733,79226,76807,86793,38678,9095
04021,Pinal County,Arizona,184651,1521,388,0.0082,0.0426,no,2004,1,no,1251,5094,5360,13106,14673,23612,74657,35024,10353
04023,Santa Cruz County,Arizona,19232,633,174,0.0329,0.1011,no,1991,1,no,364,948,1260,3375,2618,3577,4601,1617,239
04025,Yavapai County,Arizona,126095,3230,422,0.0256,0.0538,no,1995,2,no,1147,2410,5792,16244,22231,26394,29473,14720,4454
04027,Yuma County,Arizona,95200,1283,325,0.0135,0.0817,no,1995,1,no,1543,4951,4638,11703,14363,19120,22986,12666,1947
05001,Arkansas County,Arkansas,8696,455,130,0.0523,0.2198,no,1978,2,no,361,1095,1042,1731,1289,1167,1041,455,60
05003,Ashley County,Arkansas,9392,321,120,0.0342,0.2136,no,1977,2,no,604,1081,1358,1902,1179,1276,695,920,56
05005,Baxter County,Arkansas,22883,937,203,0.0409,0.1020,no,1985,2,no,379,1017,1709,5689,3558,4563,3112,1729,190
05007,Benton County,Arkansas,122703,2856,449,0.0233,0.0498,no,2001,1,no,945,2306,4358,11496,13846,23140,30337,26612,6807
05009,Boone County,Arkansas,17459,1071,259,0.0613,0.1338,no,1985,2,no,357,908,1469,3525,2581,3582,2531,1143,292
05011,Bradley County,Arkansas,5060,227,106,0.0449,0.1830,no,1977,2,no,223,476,872,1084,729,627,386,399,37
05013,Calhoun County,Arkansas,2466,83,39,0.0337,0.1395,no,1982,4,no,75,186,454,337,422,274,326,306,3
05015,Carroll County,Arkansas,13957,1251,204,0.0896,0.1482,no,1989,2,no,409,409,723,2025,2319,3092,2208,1270,251
05017,Chicot County,Arkansas,5108,102,41,0.0200,0.1147,no,1979,3,no,170,314,700,1341,820,697,473,491,0
05019,Clark County,Arkansas,10029,587,160,0.0585,0.1613,no,1985,2,no,284,747,1058,1394,1803,1527,1277,1207,145
05021,Clay County,Arkansas,7492,610,172,0.0814,0.2508,no,1973,2,no,414,855,1312,1722,1203,525,423,390,38
05023,Cleburne County,Arkansas,15667,340,100,0.0217,0.0749,no,1989,2,no,341,492,1156,3441,2308,3125,2356,1856,252
05025,Cleveland County,Arkansas,3587,51,36,0.0142,0.0917,yes,1987,4,no,105,173,399,776,415,705,520,406,37
05027,Columbia County,Arkansas,11030,560,188,0.0508,0.2274,no,1981,3,no,877,1071,1194,1709,1711,1559,1269,1000,80
05029,Conway County,Arkansas,9703,612,181,0.0631,0.1727,no,1984,4,no,358,706,1106,1715,995,1640,1372,971,228
05031,Craighead County,Arkansas,48885,1104,331,0.0226,0.0777,no,1992,1,no,975,1720,4028,8707,6325,7491,7965,9434,1136
05033,Crawford County,Arkansas,25621,1119,274,0.0437,0.1093,no,1991,2,no,761,921,1888,4295,3496,5364,4621,2575,581
05035,Crittenden County,Arkansas,21388,436,148,0.0204,0.1234,no,1983,2,no,755,1448,3342,3829,3290,3125,3785,1183,195
05037,Cross County,Arkansas,7586,235,76,0.0310,0.1349,no,1981,3,no,375,413,1102,1531,1101,1237,980,568,44
05039,Dallas County,Arkansas,3470,297,106,0.0856,0.1798,no,1978,3,no,159,168,460,864,521,377,432,178,14
05041,Desha County,Arkansas,5799,302,119,0.0521,0.2007,no,1977,2,no,228,634,658,1492,939,530,604,321,91
05043,Drew County,Arkansas,8289,518,186,0.0625,0.1625,no,1985,4,no,215,614,711,1443,1193,1417,1216,904,58
05045,Faulkner County,Arkansas,53650,907,190,0.0169,0.0509,no,1998,2,no,520,1306,2392,4743,8123,10476,13960,9011,2212
05047,Franklin County,Arkansas,7757,415,162,0.0535,0.1269,no,1985,3,no,264,305,829,1450,1332,1191,1094,711,166
05049,Fulton County,Arkansas,6225,349,134,0.0561,0.0901,no,1986,3,no,87,125,731,1294,890,1317,1017,320,95
05051,Garland County,Arkansas,52760,2842,366,0.0539,0.1637,no,1984,1,no,2439,3358,4968,9490,8174,7521,8781,4386,801
05053,Grant County,Arkansas,7957,217,96,0.0273,0.0599,no,1991,3,no,109,151,565,1386,1406,1431,1074,1319,299
05055,Greene County,Arkansas,19603,616,212,0.0314,0.1143,no,1991,2,no,635,989,1624,3460,2217,3551,3478,2565,468
05057,Hempstead County,Arkansas,9642,634,214,0.0658,0.2028,no,1979,2,no,402,919,1050,2112,1638,1136,906,790,55
05059,Hot Spring County,Arkansas,14302,512,169,0.0358,0.1940,no,1979,2,no,968,1294,1714,2904,1486,1914,1690,1557,263
05061,Howard County,Arkansas,6173,457,158,0.0740,0.1822,no,1979,2,no,166,502,680,1439,901,672,654,618,84
05063,Independence County,Arkansas,16786,746,208,0.0444,0.1184,no,1988,3,no,547,694,1443,2965,2613,3095,2330,2155,198
05065,Izard County,Arkansas,6739,336,130,0.0499,0.1073,no,1984,2,no,227,160,546,1667,1126,1075,1090,454,58
05067,Jackson County,Arkansas,7095,354,112,0.0499,0.2182,no,1974,2,no,447,747,1158,1973,1051,631,412,275,47
05069,Jefferson County,Arkansas,30679,1976,320,0.0644,0.2000,no,1978,2,no,1466,2695,4559,6124,4694,4310,2893,1679,283
05071,Johnson County,Arkansas,11555,733,175,0.0634,0.1523,no,1986,2,no,588,439,861,1820,2095,2576,1414,864,165
05073,Lafayette County,Arkansas,3940,246,87,0.0624,0.2279,no,1978,3,no,192,460,463,729,577,505,431,276,61
05075,Lawrence County,Arkansas,7644,415,104,0.0543,0.1626,no,1978,2,no,293,535,1095,1875,1280,1024,575,453,99
05077,Lee County,Arkansas,3694,338,109,0.0915,0.2350,no,1973,4,no,81,449,824,604,509,461,232,193,3
05079,Lincoln County,Arkansas,4390,150,73,0.0342,0.1836,no,1984,3,no,113,543,404,726,647,817,430,442,118
05081,Little River County,Arkansas,6059,175,101,0.0289,0.1010,yes,1980,2,no,139,298,908,1564,807,828,704,634,2
05083,Logan County,Arkansas,9759,789,204,0.0808,0.2048,no,1979,2,no,502,708,995,2108,1383,1359,1093,717,105
05085,Lonoke County,Arkansas,30884,648,220,0.0210,0.0609,no,1997,1,no,509,724,1396,3757,4160,6180,8203,4567,740
05087,Madison County,Arkansas,7744,752,229,0.0971,0.1622,no,1990,3,no,302,202,501,996,1066,1465,1170,1057,233
05089,Marion County,Arkansas,9749,509,157,0.0522,0.1262,no,1986,3,no,311,410,796,1958,1472,1884,1641,691,77
05091,Miller County,Arkansas,19844,597,183,0.0301,0.1665,no,1983,3,no,873,1834,2609,3257,2355,3593,2297,2264,165
05093,Mississippi County,Arkansas,19133,818,270,0.0428,0.1778,no,1977,2,no,1016,1567,2500,4969,3160,2179,1237,1573,114
05095,Monroe County,Arkansas,3829,241,73,0.0629,0.1985,no,1976,3,no,125,394,667,879,547,308,522,134,12
05097,Montgomery County,Arkansas,5485,285,95,0.0520,0.1601,no,1989,3,no,203,390,349,700,946,853,1254,438,67
05099,Nevada County,Arkansas,4308,273,106,0.0634,0.1762,no,1983,3,no,182,304,289,841,953,651,611,201,3
05101,Newton County,Arkansas,4099,529,155,0.1291,0.2164,no,1983,4,no,96,262,280,750,494,716,506,402,64
05103,Ouachita County,Arkansas,11869,743,194,0.0626,0.3016,no,1974,3,no,1047,1790,1593,2159,1970,1304,571,662,30
05105,Perry County,Arkansas,4972,180,76,0.0362,0.1048,no,1989,2,no,122,219,429,706,901,830,908,586,91
05107,Phillips County,Arkansas,8355,797,168,0.0954,0.2117,no,1974,2,no,365,607,1701,2000,1122,981,554,207,21
05109,Pike County,Arkansas,5324,357,98,0.0671,0.1580,no,1984,3,no,188,296,449,1030,916,1007,576,445,60
05111,Poinsett County,Arkansas,10449,370,118,0.0354,0.1512,no,1978,2,no,331,879,1783,2359,1425,1391,924,839,148
05113,Polk County,Arkansas,9643,675,151,0.0700,0.1827,no,1986,3,no,549,538,870,1314,1401,1742,1587,879,88
05115,Pope County,Arkansas,27156,752,180,0.0277,0.0861,no,1988,1,no,406,1181,2276,5140,4910,4821,4260,3019,391
05117,Prairie County,Arkansas,4086,146,62,0.0357,0.1361,no,1979,3,no,168,242,910,650,596,828,184,332,30
05119,Pulaski County,Arkansas,193408,10624,667,0.0549,0.1838,no,1981,2,no,8368,16558,25705,34091,27133,22409,23398,22322,2800
05121,Randolph County,Arkansas,8656,175,72,0.0202,0.1191,no,1979,3,no,321,535,1126,2288,1096,1189,1253,630,43
05123,St. Francis County,Arkansas,9570,357,141,0.0373,0.1340,no,1980,3,no,209,716,1524,1933,2068,1219,1090,367,87
05125,Saline County,Arkansas,52934,937,248,0.0177,0.0713,no,1997,2,no,744,2092,3171,6073,6271,9662,12109,10078,1797
05127,Scott County,Arkansas,4862,273,135,0.0561,0.1880,no,1981,3,no,188,453,554,881,935,515,656,361,46
05129,Searcy County,Arkansas,4721,508,141,0.1076,0.2010,no,1984,2,no,170,271,366,754,790,721,588,401,152
05131,Sebastian County,Arkansas,57470,2843,409,0.0495,0.2124,no,1981,2,no,3960,5402,5503,10474,8623,6740,7347,5198,1380
05133,Sevier County,Arkansas,6791,184,97,0.0271,0.1260,yes,1980,3,no,229,443,1211,1352,755,1113,956,450,98
05135,Sharp County,Arkansas,9525,285,106,0.0299,0.0816,no,1978,2,no,68,424,1433,3329,1377,1303,808,382,116
05137,Stone County,Arkansas,6825,234,104,0.0343,0.1156,no,1988,2,no,241,314,534,1056,1258,1449,1086,571,82
05139,Union County,Arkansas,18649,706,204,0.0379,0.2141,no,1979,2,no,953,2333,2525,3063,2528,2332,2196,1799,214
05141,Van Buren County,Arkansas,9725,272,90,0.0280,0.0952,no,1986,2,no,235,419,764,1990,1948,1483,1444,981,189
05143,Washington County,Arkansas,105461,2746,381,0.0260,0.0730,no,1995,2,no,1537,3417,7602,12730,13959,19740,22708,17725,3297
05145,White County,Arkansas,33900,685,186,0.0202,0.0853,no,1992,2,no,667,1538,2236,5901,4329,7207,6616,4243,478
05147,Woodruff County,Arkansas,3256,95,51,0.0292,0.0955,yes,1977,2,no,66,150,574,1081,450,318,414,90,18
05149,Yell County,Arkansas,9312,649,172,0.0697,0.1470,no,1984,2,no,299,421,1113,1631,1391,1398,1411,852,147
06001,Alameda County,California,637212,124974,1997,0.1961,0.3857,no,1969,1,no,42737,78086,80903,89615,73106,50132,45453,43246,8960
06003,Alpine County,California,1558,79,38,0.0507,0.1213,no,1981,3,no,53,57,148,417,293,279,194,30,8
06005,Amador County,California,19019,1349,302,0.0709,0.1440,no,1984,2,no,485,905,1390,3846,3560,2765,3292,1063,364
06007,Butte County,California,92813,6234,579,0.0672,0.2087,no,1981,1,no,4461,8676,9042,16717,15292,11347,11304,7187,2553
06009,Calaveras County,California,27683,1047,245,0.0378,0.1112,no,1986,2,no,752,1278,2504,4062,6583,5056,4729,1480,192
06011,Colusa County,California,8211,1161,245,0.1414,0.3140,no,1978,4,no,506,911,515,1210,833,1016,1258,710,91
06013,Contra Costa County,California,429260,18236,977,0.0425,0.2304,no,1978,1,no,27396,53272,54107,75293,68040,52603,50760,24924,4629
06015,Del Norte County,California,11230,543,161,0.0484,0.2172,no,1981,3,no,338,1558,1068,1864,1869,1939,1298,688,65
06017,El Dorado County,California,94653,3008,482,0.0318,0.1177,no,1983,1,no,2505,5628,10020,21154,17321,12970,15150,5600,1297
06019,Fresno County,California,344894,18220,1044,0.0528,0.2006,no,1982,1,no,15516,35461,36249,57828,46085,46763,52472,30148,6152
06021,Glenn County,California,11073,1272,236,0.1149,0.2894,no,1977,2,no,884,1049,1172,1618,1555,1359,1485,525,154
06023,Humboldt County,California,62883,8686,695,0.1381,0.3400,no,1973,2,no,4312,8384,7126,8972,8021,7382,6110,3389,501
06025,Imperial County,California,58044,2191,368,0.0377,0.1537,no,1988,2,no,1885,4847,5406,8070,7796,9539,11806,5310,1194
06027,Inyo County,California,9524,937,223,0.0984,0.2467,no,1975,2,no,752,661,1577,1713,1610,1033,904,309,28
06029,Kern County,California,306999,12728,980,0.0415,0.1770,no,1984,1,no,12948,28655,29604,48129,48698,41808,53087,27224,4118
06031,Kings County,California,46986,2633,392,0.0560,0.1795,no,1986,2,no,1871,3928,4768,6554,6644,7439,8172,4194,783
06033,Lake County,California,34400,1176,338,0.0342,0.1530,no,1980,1,no,1181,2905,4075,8058,6270,3623,5294,1529,289
06035,Lassen County,California,12231,1759,259,0.1438,0.3001,no,1977,2,no,843,1069,1124,1840,2096,1584,1627,191,98
06037,Los Angeles County,California,3650466,522483,5416,0.1431,0.4259,no,1965,1,no,346720,685385,509340,502852,436870,223049,213111,176168,34488
06039,Madera County,California,51015,1597,350,0.0313,0.1261,no,1988,1,no,1845,2989,3757,8735,8114,8369,10594,3675,1340
06041,Marin County,California,112116,14168,698,0.1264,0.3713,no,1967,1,no,6966,20496,20963,21332,11330,7801,5828,2875,357
06043,Mariposa County,California,9836,315,115,0.0320,0.1282,no,1986,2,no,361,585,612,1690,2333,1969,1195,762,14
06045,Mendocino County,California,41675,3614,466,0.0867,0.2508,no,1977,1,no,2022,4816,4416,8784,6385,5695,3587,1924,432
06047,Merced County,California,90872,4015,514,0.0442,0.1677,no,1986,1,no,4515,6708,7245,14959,12767,13388,19280,6065,1930
06049,Modoc County,California,4764,832,171,0.1746,0.2955,no,1976,2,no,305,271,365,1038,817,515,480,141,0
06051,Mono County,California,13676,619,210,0.0453,0.0833,no,1980,2,no,75,445,1822,3798,2690,2078,1803,299,47
06053,Monterey County,California,145469,10160,629,0.0698,0.2561,no,1976,2,no,7521,19573,20101,27455,20583,16168,15082,7944,882
06055,Napa County,California,55817,5044,520,0.0904,0.2707,no,1976,1,no,2979,7087,6739,10040,7410,6089,6620,2871,938
06057,Nevada County,California,54309,2870,421,0.0528,0.1290,no,1983,2,no,1767,2371,4130,11867,12053,8703,7284,2543,721
06059,Orange County,California,1146169,28272,1413,0.0247,0.1662,no,1977,1,no,21545,140675,205622,254923,169345,123432,95410,92541,14404
06061,Placer County,California,179266,5138,545,0.0287,0.0842,no,1994,1,no,3111,6838,11476,23769,26383,31910,44431,20353,5857
06063,Plumas County,California,14921,668,170,0.0448,0.1597,no,1981,3,no,631,1084,1727,2939,2785,2428,2174,439,46
06065,Riverside County,California,869414,17793,1066,0.0205,0.0939,no,1990,1,no,13919,49891,61570,119916,175091,122600,209396,81796,17442
06067,Sacramento County,California,598385,28389,1235,0.0474,0.1989,no,1981,1,no,22235,68387,66844,103802,99310,75224,89807,35471,8916
06069,San Benito County,California,21322,1700,375,0.0797,0.1630,no,1989,2,no,510,1266,1467,2569,3561,4412,2546,2589,702
06071,San Bernardino County,California,743886,28548,1341,0.0384,0.1792,no,1983,1,no,26389,78353,69941,116993,166415,90784,109121,45572,11770
06073,San Diego County,California,1250641,50375,1942,0.0403,0.1686,no,1980,1,no,37975,122559,140544,268208,233152,141073,152520,86724,17511
06075,San Francisco County,California,414602,187447,2382,0.4521,0.6132,no,1946,1,no,34830,31976,32967,29818,22004,16016,26421,28596,4527
06077,San Joaquin County,California,260151,17705,1158,0.0681,0.2085,no,1984,1,no,12372,24157,23102,37533,37215,33511,46189,21186,7181
06079,San Luis Obispo County,California,125669,6401,588,0.0509,0.1550,no,1983,1,no,4553,8525,10739,24887,25445,14549,19667,9305,1598
06081,San Mateo County,California,287184,24780,1068,0.0863,0.4048,no,1966,1,no,29575,61910,45879,45997,27820,16299,16383,15596,2945
06083,Santa Barbara County,California,160592,12878,771,0.0802,0.2249,no,1974,2,no,5800,17447,31195,29032,25617,13378,14600,9472,1173
06085,Santa Clara County,California,698837,32741,1320,0.0469,0.2168,no,1975,1,no,22825,95964,123992,141772,79292,62135,65691,63793,10632
06087,Santa Cruz County,California,106977,12680,756,0.1185,0.2859,no,1974,1,no,7331,10570,14669,22561,16567,8981,8827,4223,568
06089,Shasta County,California,80068,2504,378,0.0313,0.1478,no,1982,1,no,2480,6851,9008,16265,16252,11682,10052,4098,876
06091,Sierra County,California,2120,449,136,0.2118,0.3212,no,1971,6,no,34,198,361,234,474,101,172,97,0
06093,Siskiyou County,California,23088,3549,364,0.1537,0.2914,no,1976,1,no,1387,1792,2192,4399,3754,2307,2276,1197,235
06095,Solano County,California,164693,8141,747,0.0494,0.1647,no,1982,1,no,6104,12872,15270,31990,35202,23283,19606,9685,2540
06097,Sonoma County,California,207699,16691,947,0.0804,0.2039,no,1979,1,no,8331,17328,24496,41564,36865,26163,20917,12155,3189
06099,Stanislaus County,California,185149,10034,702,0.0542,0.1950,no,1981,1,no,9493,16573,16599,35451,32545,25517,30036,7205,1696
06101,Sutter County,California,34798,1872,310,0.0538,0.1817,no,1982,2,no,1814,2636,4368,5722,5491,4892,6141,1780,82
06103,Tehama County,California,27527,2248,351,0.0817,0.2065,no,1981,2,no,919,2517,2499,4854,5133,4138,4089,978,152
06105,Trinity County,California,8112,616,263,0.0759,0.2373,no,1977,2,no,288,1021,704,2101,1474,728,762,389,29
06107,Tulare County,California,154202,8354,642,0.0542,0.1775,no,1983,2,no,6752,12264,14899,27504,21182,22265,24752,13625,2605
06109,Tuolumne County,California,31589,1702,370,0.0539,0.1382,no,1980,1,no,855,1809,3806,7752,7298,4248,3091,718,310
06111,Ventura County,California,295878,10065,752,0.0340,0.1454,no,1978,1,no,7815,25143,53949,67031,52386,29416,31908,15343,2822
06113,Yolo County,California,82447,3965,409,0.0481,0.1698,no,1983,2,no,2338,7695,9187,13951,12105,9842,14620,6853,1891
06115,Yuba County,California,30661,1337,242,0.0436,0.1647,no,1986,2,no,1243,2470,2849,5108,4063,2637,7147,2520,1287
08001,Adams County,Colorado,195793,3329,443,0.0170,0.1322,no,1991,1,no,3261,19301,18874,26810,23434,27689,40102,26033,6960
08003,Alamosa County,Colorado,7241,871,173,0.1203,0.2163,no,1982,4,no,309,386,837,1021,976,856,1154,763,68
08005,Arapahoe County,Colorado,269345,4601,478,0.0171,0.0904,no,1986,2,no,3645,16115,19382,58948,58131,34318,41046,26949,6210
08007,Archuleta County,Colorado,9858,276,122,0.0280,0.0465,no,1996,2,no,67,115,286,1118,1789,2227,2755,1086,139
08009,Baca County,Colorado,1983,292,66,0.1473,0.3656,no,1971,4,no,150,283,250,303,347,99,174,57,28
08011,Bent County,Colorado,2174,615,122,0.2829,0.5152,no,1959,5,no,172,333,199,324,230,160,86,21,34
08013,Boulder County,Colorado,144729,8578,702,0.0593,0.1261,no,1986,1,no,2075,7600,14410,27511,20578,26698,17931,16464,2884
08014,Broomfield County,Colorado,33202,62,43,0.0019,0.0432,yes,2002,1,no,48,1325,1196,4321,2471,5433,7684,9557,1105
08015,Chaffee County,Colorado,11482,1399,237,0.1218,0.1965,no,1993,4,no,242,615,484,1511,1094,1385,2060,2328,364
08017,Cheyenne County,Colorado,986,202,52,0.2049,0.3986,no,1968,5,no,108,83,133,158,118,72,42,67,3
08019,Clear Creek County,Colorado,5814,1054,180,0.1813,0.2515,no,1976,2,no,97,311,811,1078,1071,792,471,129,0
08021,Conejos County,Colorado,4106,775,120,0.1887,0.2903,no,1982,2,no,139,278,259,420,780,679,480,261,35
08023,Costilla County,Colorado,2433,340,94,0.1397,0.2507,no,1985,4,no,169,101,83,366,290,333,479,191,81
08025,Crowley County,Colorado,1556,538,93,0.3458,0.4859,no,1963,13,no,87,131,73,243,214,170,48,33,19
08027,Custer County,Colorado,4631,460,159,0.0993,0.1743,no,1992,4,no,98,249,169,491,706,692,959,751,56
08029,Delta County,Colorado,15025,2417,335,0.1609,0.2535,no,1979,2,no,698,694,852,3018,1418,2212,2536,846,334
08031,Denver County,Colorado,359581,60867,1670,0.1693,0.3428,no,1975,1,no,18291,44090,34130,42178,26917,22085,39257,57962,13804
08033,Dolores County,Colorado,1572,195,84,0.1240,0.3276,no,1980,6,no,154,166,61,202,249,149,261,90,45
08035,Douglas County,Colorado,144432,689,154,0.0048,0.0129,no,2002,1,no,348,832,1327,7151,14716,39104,41264,30273,8728
08037,Eagle County,Colorado,33915,599,210,0.0177,0.0427,no,1993,2,no,344,505,1214,4432,6423,10101,7443,2627,227
08039,Elbert County,Colorado,10510,513,97,0.0488,0.0675,no,1996,2,no,75,121,169,958,1467,3098,2223,1277,609
08041,El Paso County,Colorado,303482,14624,883,0.0482,0.1229,no,1989,1,no,4258,18413,24436,46807,47834,43108,51456,42330,10216
08043,Fremont County,Colorado,20605,3121,389,0.1515,0.2516,no,1981,2,no,749,1315,1247,3631,2979,2849,3378,1081,255
08045,Garfield County,Colorado,24953,1602,348,0.0642,0.1032,no,1993,2,no,519,454,949,3498,3695,5386,6187,2208,455
08047,Gilpin County,Colorado,3746,407,131,0.1086,0.1410,no,1984,5,no,63,58,446,704,546,835,406,264,17
08049,Grand County,Colorado,17421,559,188,0.0321,0.0723,no,1990,2,no,360,341,1081,2995,3431,2516,4480,1337,321
08051,Gunnison County,Colorado,12506,886,275,0.0708,0.1283,no,1987,3,no,216,503,625,2670,2005,2131,2575,687,208
08053,Hinsdale County,Colorado,1343,134,40,0.0998,0.1601,no,1984,3,no,8,73,97,238,346,263,125,55,4
08055,Huerfano County,Colorado,4783,1184,212,0.2475,0.3489,no,1975,3,no,302,183,318,739,646,709,430,220,52
08057,Jackson County,Colorado,1107,230,63,0.2078,0.3342,no,1979,5,no,56,84,30,177,58,188,175,109,0
08059,Jefferson County,Colorado,253574,7047,703,0.0278,0.1340,no,1980,1,no,4991,21953,31145,62112,40344,34958,24766,21980,4278
08061,Kiowa County,Colorado,740,209,67,0.2824,0.4459,no,1964,5,no,38,83,112,101,77,64,41,15,0
08063,Kit Carson County,Colorado,3428,807,135,0.2354,0.3778,no,1970,4,no,230,258,421,691,220,544,111,130,16
08065,Lake County,Colorado,3983,1271,225,0.3191,0.4052,no,1972,3,no,28,315,252,640,291,502,468,129,87
08067,La Plata County,Colorado,28990,1937,336,0.0668,0.1353,no,1993,1,no,497,1489,1206,4077,3744,5493,6110,3828,609
08069,Larimer County,Colorado,164690,8277,517,0.0503,0.0987,no,1993,1,no,2727,5254,9448,26895,21039,27487,30175,27548,5840
08071,Las Animas County,Colorado,8170,2600,246,0.3182,0.4372,no,1972,3,no,342,630,289,982,869,1066,1059,288,45
08073,Lincoln County,Colorado,2382,810,127,0.3401,0.4526,no,1967,7,no,168,100,162,249,398,187,125,173,10
08075,Logan County,Colorado,8741,2098,269,0.2400,0.4598,no,1964,4,no,484,1437,943,1327,649,784,604,335,80
08077,Mesa County,Colorado,69969,5311,610,0.0759,0.1615,no,1987,1,no,1906,4080,3975,12361,10370,11317,12665,5830,2154
08079,Mineral County,Colorado,1179,161,52,0.1366,0.1815,no,1985,3,no,28,25,91,157,259,139,190,129,0
08081,Moffat County,Colorado,6136,461,146,0.0751,0.2259,no,1977,2,no,662,263,376,1916,947,839,509,160,3
08083,Montezuma County,Colorado,12375,985,210,0.0796,0.2193,no,1986,2,no,435,1294,720,1659,1955,2120,1939,960,308
08085,Montrose County,Colorado,19758,1460,245,0.0739,0.1371,no,1991,2,no,476,773,1074,3499,2141,3073,4653,2110,499
08087,Morgan County,Colorado,11804,2313,361,0.1960,0.3250,no,1975,2,no,441,1082,806,2425,612,1363,1442,988,332
08089,Otero County,Colorado,8746,2436,306,0.2785,0.5328,no,1958,3,no,928,1296,575,1451,621,642,548,223,26
08091,Ouray County,Colorado,3531,488,126,0.1382,0.1830,no,1995,3,no,35,123,72,412,292,710,941,417,41
08093,Park County,Colorado,14066,449,194,0.0319,0.0592,no,1992,3,no,56,328,881,2305,2551,2968,3024,1234,270
08095,Phillips County,Colorado,2164,580,106,0.2680,0.3882,no,1970,4,no,116,144,223,443,123,249,141,133,12
08097,Pitkin County,Colorado,13412,234,121,0.0174,0.0516,yes,1985,2,no,71,387,1543,3110,2529,2438,2129,840,131
08099,Prowers County,Colorado,5479,1274,177,0.2325,0.3862,no,1971,3,no,320,522,546,753,903,490,461,143,67
08101,Pueblo County,Colorado,73646,12404,800,0.1684,0.3449,no,1974,1,no,3475,9520,7117,11144,4680,9225,10388,4682,1011
08103,Rio Blanco County,Colorado,3296,389,148,0.1180,0.2227,no,1978,2,no,304,41,121,965,575,143,639,103,16
08105,Rio Grande County,Colorado,6616,1199,260,0.1812,0.3102,no,1978,3,no,384,469,566,847,1079,873,827,303,69
08107,Routt County,Colorado,17169,982,188,0.0572,0.0789,no,1993,2,no,134,238,477,3541,2228,3565,4243,1585,176
08109,Saguache County,Colorado,3902,453,141,0.1161,0.1871,no,1987,5,no,82,195,200,687,483,562,947,269,24
08111,San Juan County,Colorado,738,250,85,0.3388,0.3442,no,1979,5,no,0,4,4,119,189,29,89,10,44
08113,San Miguel County,Colorado,6656,397,124,0.0596,0.0774,no,1995,2,no,77,41,45,958,960,1814,1687,628,49
08115,Sedgwick County,Colorado,1214,416,60,0.3427,0.5618,no,1954,5,no,133,133,119,163,101,89,35,25,0
08117,Summit County,Colorado,32251,452,163,0.0140,0.0252,no,1989,1,no,6,355,1105,8222,6767,7706,5211,1928,499
08119,Teller County,Colorado,13674,878,234,0.0642,0.0868,no,1990,2,no,161,148,486,2566,2724,2926,2667,909,209
08121,Washington County,Colorado,2287,711,82,0.3109,0.5195,no,1958,3,no,186,291,200,287,185,165,128,103,31
08123,Weld County,Colorado,129637,8520,684,0.0657,0.1215,no,2001,1,no,2196,5038,6467,16158,8364,15599,32104,26486,8705
08125,Yuma County,Colorado,4336,1292,207,0.2980,0.4497,no,1968,7,no,287,371,278,852,353,261,484,151,7
09110,Capitol Planning Region,Connecticut,416559,75806,2002,0.1820,0.4088,no,1966,1,no,28178,66307,59457,55074,54222,31035,26094,17843,2543
09120,Greater Bridgeport Planning Region,Connecticut,126039,30064,1219,0.2385,0.5123,no,1959,1,no,12821,21690,16725,15704,12370,6961,4405,4340,959
09130,Lower Connecticut River Valley Planning Region,Connecticut,82963,15937,927,0.1921,0.3475,no,1972,1,no,3842,9047,10282,12975,11938,7674,7590,3365,313
09140,Naugatuck Valley Planning Region,Connecticut,192551,37077,1455,0.1926,0.3878,no,1969,1,no,12198,25390,23369,29198,28723,15415,13666,6348,1167
09150,Northeastern Connecticut Planning Region,Connecticut,41736,9565,607,0.2292,0.3511,no,1973,2,no,1495,3592,4233,5865,6188,4109,4805,1577,307
09160,Northwest Hills Planning Region,Connecticut,55752,15019,851,0.2694,0.4408,no,1967,2,no,3282,6276,4769,7469,7934,4333,4902,1306,462
09170,South Central Connecticut Planning Region,Connecticut,248267,57328,1805,0.2309,0.4529,no,1964,1,no,16795,38313,30920,31182,30943,18618,13425,9231,1512
09180,Southeastern Connecticut Planning Region,Connecticut,126425,29792,937,0.2356,0.3850,no,1969,2,no,5307,13569,15669,17865,15862,9887,12415,5019,1040
09190,Western Connecticut Planning Region,Connecticut,251530,40996,1373,0.1630,0.3475,no,1971,1,no,12793,33623,34423,35465,30903,17771,22481,20567,2508
10001,Kent County,Delaware,76325,5122,711,0.0671,0.1411,no,1993,1,no,1337,4309,5900,9780,8272,10986,18092,10322,2205
10003,New Castle County,Delaware,236079,25565,1281,0.1083,0.3008,no,1975,2,no,13112,32334,30863,29699,27746,29821,26244,17619,3076
10005,Sussex County,Delaware,151799,6664,665,0.0439,0.0934,no,1999,1,no,2485,5030,6915,15456,18828,22151,35852,29206,9212
11001,District of Columbia,District of Columbia,361014,113693,2357,0.3149,0.5222,no,1958,1,no,34585,40226,36294,24214,15690,9933,26843,49156,10380
12001,Alachua County,Florida,127731,3573,600,0.0280,0.0974,no,1988,1,no,2580,6288,9908,21668,24129,21002,21656,13628,3299
12003,Baker County,Florida,10148,357,221,0.0352,0.0623,yes,1996,4,no,131,144,573,1679,1276,1453,2871,1480,184
12005,Bay County,Florida,108362,1752,330,0.0162,0.0858,no,1993,1,no,2852,4694,4762,12308,23130,15919,24503,12712,5730
12007,Bradford County,Florida,10887,261,128,0.0240,0.1274,no,1985,2,no,308,818,1490,1528,2111,1651,1677,707,336
12009,Brevard County,Florida,299305,2478,518,0.0083,0.0764,no,1988,2,no,1843,18554,40070,33040,71147,43564,55856,23955,8798
12011,Broward County,Florida,866019,5925,714,0.0068,0.1088,no,1980,1,no,9646,78643,115397,223191,156517,123391,93265,49209,10835
12013,Calhoun County,Florida,5683,283,136,0.0498,0.1607,no,1986,3,no,154,476,752,640,868,1104,622,515,269
12015,Charlotte County,Florida,118679,290,121,0.0024,0.0301,no,1991,2,no,362,2918,6940,18730,29086,18116,26215,10942,5080
12017,Citrus County,Florida,84929,347,158,0.0041,0.0301,no,1990,1,no,454,1755,3993,14808,21758,15005,17011,7179,2619
12019,Clay County,Florida,88969,734,216,0.0083,0.0420,no,1996,2,no,872,2132,5231,10694,15751,16061,23132,10586,3776
12021,Collier County,Florida,239406,619,412,0.0026,0.0140,yes,1996,1,no,442,2288,8643,27798,45487,54484,56421,33904,9320
12023,Columbia County,Florida,30300,602,184,0.0199,0.0892,no,1992,1,no,830,1271,2058,4796,4384,6550,5724,3295,790
12027,DeSoto County,Florida,15872,560,192,0.0353,0.1164,no,1990,2,no,211,1076,1156,2056,2825,2262,3900,1486,340
12029,Dixie County,Florida,9432,141,88,0.0149,0.0888,yes,1988,2,no,47,650,665,1093,2533,2223,1439,423,218
12031,Duval County,Florida,454740,21855,1124,0.0481,0.1863,no,1986,2,no,18309,44558,41959,54796,71324,57216,75939,50258,18526
12033,Escambia County,Florida,149217,5086,527,0.0341,0.1706,no,1984,1,no,5540,14832,14778,25028,24745,19875,20211,14546,4576
12035,Flagler County,Florida,60934,228,150,0.0037,0.0145,yes,2002,1,no,86,570,531,3666,9836,10565,23534,8511,3407
12037,Franklin County,Florida,8562,567,156,0.0662,0.1824,no,1988,2,no,635,360,472,819,1746,1335,1750,712,166
12039,Gadsden County,Florida,19144,1046,252,0.0546,0.2311,no,1983,2,no,1045,2333,1611,2736,3168,2967,3030,846,362
12041,Gilchrist County,Florida,7863,87,46,0.0111,0.0356,yes,1997,2,no,68,125,346,1034,935,1818,1729,1240,481
12043,Glades County,Florida,6690,2,7,0.0003,0.0416,yes,1990,2,no,50,226,450,1074,1537,1333,1246,608,164
12045,Gulf County,Florida,9362,309,144,0.0330,0.1102,no,1995,3,no,120,603,422,1042,1539,1330,2173,1408,416
12047,Hamilton County,Florida,5653,177,65,0.0313,0.1139,no,1990,3,no,122,345,573,474,1169,1198,1016,522,57
12049,Hardee County,Florida,9942,580,222,0.0583,0.1080,no,1987,4,no,125,369,1026,2098,1119,1800,1901,841,83
12051,Hendry County,Florida,16149,82,74,0.0051,0.0669,yes,1991,3,no,187,811,899,2831,2982,2913,2905,1693,846
12053,Hernando County,Florida,92535,422,169,0.0046,0.0310,no,1991,1,no,650,1800,3362,10975,27331,17130,22009,6788,2068
12055,Highlands County,Florida,58635,966,214,0.0165,0.0741,no,1987,2,no,861,2516,3452,10467,16685,10795,9178,2995,720
12057,Hillsborough County,Florida,630692,18378,897,0.0291,0.1059,no,1991,1,no,11353,37074,44223,80417,115156,87418,119615,96597,20461
12059,Holmes County,Florida,8659,282,112,0.0326,0.1662,no,1983,2,no,189,968,809,1649,1383,1660,944,606,169
12061,Indian River County,Florida,86440,913,298,0.0106,0.0572,no,1991,1,no,306,3729,4599,12612,20224,11754,21083,8672,2548
12063,Jackson County,Florida,20145,887,222,0.0440,0.1879,no,1983,2,no,770,2128,2007,3415,2652,3719,2917,1197,453
12065,Jefferson County,Florida,6886,469,151,0.0681,0.1589,no,1987,4,no,449,176,667,1093,856,1311,1023,672,170
12067,Lafayette County,Florida,3347,94,69,0.0281,0.1297,yes,1990,4,no,73,267,414,328,511,767,592,272,29
12069,Lake County,Florida,187580,3647,638,0.0194,0.0766,no,1997,1,no,1863,8862,9461,18248,28654,33051,43380,31153,9261
12071,Lee County,Florida,441194,2295,388,0.0052,0.0264,no,1997,1,no,1880,7464,20239,55046,86636,69173,129170,53521,15770
12073,Leon County,Florida,137793,2079,383,0.0151,0.0941,no,1989,1,no,2798,8086,10532,22577,26067,24731,23965,14836,2122
12075,Levy County,Florida,21472,437,125,0.0204,0.0651,no,1993,2,no,382,578,1247,3324,3548,4587,4749,2014,606
12077,Liberty County,Florida,3238,50,38,0.0154,0.1096,yes,1991,3,no,70,235,397,203,595,822,550,265,51
12079,Madison County,Florida,8418,787,187,0.0935,0.2117,no,1988,3,no,419,576,448,953,1247,1454,1679,775,80
12081,Manatee County,Florida,221234,3244,486,0.0147,0.0839,no,1991,1,no,2368,12939,19401,35292,35098,26599,36761,37438,12094
12083,Marion County,Florida,188277,2720,484,0.0144,0.0505,no,1993,1,no,1777,5008,10333,25816,38851,33156,45199,16953,8464
12085,Martin County,Florida,83121,1206,365,0.0145,0.0600,no,1986,1,no,585,3199,4811,18009,23127,12579,13469,4494,1642
12086,Miami-Dade County,Florida,1094983,35000,1693,0.0320,0.2081,no,1980,1,no,50284,142531,130710,185024,163513,121954,141501,103477,20989
12087,Monroe County,Florida,54834,3074,301,0.0561,0.1457,no,1982,1,no,1157,3761,4925,12072,11998,7036,5043,4993,775
12089,Nassau County,Florida,45058,1027,305,0.0228,0.0688,no,2000,2,no,725,1349,1286,4434,6584,7363,9617,8790,3883
12091,Okaloosa County,Florida,103864,691,195,0.0067,0.0620,no,1990,2,no,1093,4659,9356,15520,19736,18030,19076,12442,3261
12093,Okeechobee County,Florida,18572,216,141,0.0116,0.0358,yes,1988,2,no,82,366,910,3759,4665,3712,3422,1014,426
12095,Orange County,Florida,586805,8570,853,0.0146,0.0891,no,1994,1,no,8577,35149,37363,63338,101694,97296,121758,93369,19691
12097,Osceola County,Florida,171410,1904,400,0.0111,0.0301,no,2002,1,no,1011,2239,4015,10143,27048,31599,46524,36751,10176
12099,Palm Beach County,Florida,719463,12072,1109,0.0168,0.0754,no,1986,1,no,7751,34414,53744,132918,189546,109164,113744,53052,13058
12101,Pasco County,Florida,271844,1772,389,0.0065,0.0316,no,1992,1,no,1337,5474,14970,53004,52021,38768,56333,33507,14658
12103,Pinellas County,Florida,520107,18250,1069,0.0351,0.2010,no,1977,2,no,14217,72096,69225,132191,101453,47911,34432,24988,5344
12105,Polk County,Florida,340748,9007,784,0.0264,0.0962,no,1992,1,no,5170,18592,20998,48304,57424,49018,71213,45076,15946
12107,Putnam County,Florida,37065,1826,482,0.0493,0.1293,no,1985,2,no,678,2288,3455,6265,8555,5685,5428,2184,701
12109,St. Johns County,Florida,133504,3344,491,0.0250,0.0453,no,2004,2,no,484,2222,2828,9617,20023,17020,31634,31831,14501
12111,St. Lucie County,Florida,160146,1008,247,0.0063,0.0481,no,1996,2,no,1505,5189,5987,17734,35483,23498,43347,16916,9479
12113,Santa Rosa County,Florida,80002,637,286,0.0080,0.0541,no,1998,1,no,589,3104,4006,7781,12090,15315,17626,14005,4849
12115,Sarasota County,Florida,266492,3165,461,0.0119,0.0805,no,1988,1,no,2413,15882,22422,51255,49529,34572,46649,29777,10828
12117,Seminole County,Florida,199565,2441,400,0.0122,0.0550,no,1988,1,no,971,7565,10383,36704,50153,34405,32496,20041,4406
12119,Sumter County,Florida,84068,533,216,0.0063,0.0286,no,2006,1,no,466,1402,1880,4239,5389,10788,28933,25318,5120
12121,Suwannee County,Florida,19181,791,265,0.0412,0.1064,no,1991,2,no,437,813,772,2403,3981,4502,3285,2006,191
12123,Taylor County,Florida,11259,689,262,0.0612,0.1607,no,1986,2,no,198,922,1023,1425,2190,2072,1927,638,175
12125,Union County,Florida,4832,206,83,0.0426,0.1122,no,1994,3,no,144,192,262,554,715,960,1007,663,129
12127,Volusia County,Florida,282109,5854,749,0.0208,0.1073,no,1986,1,no,4563,19858,20732,48027,67244,37341,47618,22354,8518
12129,Wakulla County,Florida,14599,99,59,0.0068,0.0564,yes,1998,2,no,98,627,672,1318,2248,2927,4075,1537,998
12131,Walton County,Florida,61272,670,228,0.0109,0.0315,no,2001,2,no,452,811,1455,3781,8459,12637,17017,12895,3095
12133,Washington County,Florida,11044,325,111,0.0294,0.1120,no,1990,3,no,350,562,858,1632,1840,2287,1944,904,342
13001,Appling County,Georgia,8565,303,105,0.0354,0.1289,no,1986,2,no,394,407,1043,1107,1694,2066,637,784,130
13003,Atkinson County,Georgia,3530,110,64,0.0312,0.1147,yes,1989,3,no,58,237,166,559,702,811,369,518,0
13005,Bacon County,Georgia,4831,350,141,0.0724,0.2258,no,1979,3,no,365,376,644,762,628,568,891,212,35
13007,Baker County,Georgia,1380,185,78,0.1341,0.2087,no,1978,6,no,65,38,249,186,139,268,129,117,4
13009,Baldwin County,Georgia,20302,606,212,0.0298,0.1111,no,1987,2,no,574,1075,2329,3233,3447,3831,3749,1192,266
13011,Banks County,Georgia,7479,364,123,0.0487,0.1249,no,1993,3,no,277,293,527,661,1265,1254,1720,930,188
13013,Barrow County,Georgia,32248,559,195,0.0173,0.0706,no,2001,1,no,725,993,1342,1734,3798,6096,10718,4573,1710
13015,Bartow County,Georgia,45210,1572,361,0.0348,0.1073,no,1994,2,no,1397,1881,2916,4312,7296,9081,9956,4232,2567
13017,Ben Hill County,Georgia,8141,845,332,0.1038,0.1960,no,1981,4,no,103,648,1134,1224,1190,1274,1052,576,95
13019,Berrien County,Georgia,8099,468,171,0.0578,0.1688,no,1989,3,no,128,771,458,1146,1150,1491,1620,640,227
13021,Bibb County,Georgia,71962,6204,512,0.0862,0.2698,no,1977,2,no,3721,9489,9557,10613,9076,9388,7569,5607,738
13023,Bleckley County,Georgia,5288,179,94,0.0339,0.1388,yes,1984,3,no,152,403,709,841,1009,759,931,276,29
13025,Brantley County,Georgia,8298,221,96,0.0266,0.0839,no,1995,3,no,128,347,550,1206,908,1735,2212,894,97
13027,Brooks County,Georgia,7357,581,175,0.0790,0.1631,no,1987,3,no,396,223,648,806,1426,1420,1155,660,42
13029,Bryan County,Georgia,17957,125,72,0.0070,0.0379,yes,2005,1,no,427,128,229,719,1866,3233,4474,4974,1782
13031,Bulloch County,Georgia,34182,1236,336,0.0362,0.1003,no,1995,1,no,628,1566,2569,3493,4080,7024,7596,5327,663
13033,Burke County,Georgia,11300,912,212,0.0807,0.2076,no,1982,3,no,687,747,805,2233,1326,1815,1007,1530,238
13035,Butts County,Georgia,9723,355,147,0.0365,0.1001,no,1994,2,no,241,377,536,1177,1276,2293,2789,601,78
13037,Calhoun County,Georgia,2030,240,72,0.1182,0.2749,no,1978,3,no,176,142,170,373,218,326,213,172,0
13039,Camden County,Georgia,23671,311,129,0.0131,0.0720,no,1995,2,no,293,1101,1037,1814,4935,5004,5725,2340,1111
13043,Candler County,Georgia,4664,425,143,0.0911,0.1775,no,1987,4,no,259,144,378,697,653,1195,613,294,6
13045,Carroll County,Georgia,47840,2217,373,0.0463,0.1221,no,1991,1,no,1434,2188,3041,6808,7201,8706,11774,2936,1535
13047,Catoosa County,Georgia,28567,968,298,0.0339,0.1131,no,1993,2,no,795,1468,2457,4047,3114,5647,7288,2047,736
13049,Charlton County,Georgia,4755,339,175,0.0713,0.1468,yes,1987,3,no,82,277,414,491,1169,1037,640,244,62
13051,Chatham County,Georgia,137532,12721,720,0.0925,0.2347,no,1986,2,no,6341,13214,10243,15177,17551,15294,23952,19291,3748
13053,Chattahoochee County,Georgia,2815,387,145,0.1375,0.1979,no,1981,4,no,69,101,316,508,458,238,507,203,28
13055,Chattooga County,Georgia,10882,879,182,0.0808,0.2815,no,1976,2,no,923,1261,1097,2017,1393,1713,942,404,253
13057,Cherokee County,Georgia,106407,1442,390,0.0136,0.0269,no,2001,1,no,470,951,1902,7030,15858,22684,31709,19916,4445
13059,Clarke County,Georgia,57918,3129,401,0.0540,0.1379,no,1987,1,no,1431,3427,6669,8199,8966,8487,11123,5248,1239
13061,Clay County,Georgia,1981,203,72,0.1025,0.1757,no,1988,4,no,68,77,151,192,394,433,303,160,0
13063,Clayton County,Georgia,115476,1917,515,0.0166,0.0756,no,1989,2,no,1575,5235,12778,19384,19367,19019,26107,8059,2035
13065,Clinch County,Georgia,3037,153,102,0.0504,0.2440,yes,1980,4,no,178,410,270,494,532,472,286,190,52
13067,Cobb County,Georgia,314104,2465,480,0.0078,0.0536,no,1990,1,no,2314,12069,23320,44727,74972,57072,57503,33824,5838
13069,Coffee County,Georgia,17495,1024,305,0.0585,0.1326,no,1989,2,no,473,822,1235,2400,3122,4154,2730,1310,225
13071,Colquitt County,Georgia,19401,910,211,0.0469,0.1738,no,1986,2,no,863,1599,1624,3178,2620,3802,3366,1185,254
13073,Columbia County,Georgia,61668,318,202,0.0052,0.0307,yes,1999,2,no,220,1356,1964,7124,9790,11554,12836,14037,2469
13075,Cook County,Georgia,7486,474,158,0.0633,0.1636,no,1985,3,no,243,508,817,1248,866,1285,1390,482,173
13077,Coweta County,Georgia,59197,2536,457,0.0428,0.0749,no,1999,2,no,587,1312,3089,4125,6071,13916,15617,9935,2009
13079,Crawford County,Georgia,5246,311,106,0.0593,0.1060,no,1993,2,no,44,201,213,736,753,1398,1253,323,14
13081,Crisp County,Georgia,9909,387,166,0.0391,0.1987,no,1984,3,no,522,1060,862,1590,1394,1993,1296,648,157
13083,Dade County,Georgia,7431,156,81,0.0210,0.1118,yes,1987,3,no,194,481,813,1184,1245,1271,1347,693,47
13085,Dawson County,Georgia,12992,202,131,0.0155,0.0453,yes,1999,2,no,110,277,545,1101,1841,2759,2954,2244,959
13087,Decatur County,Georgia,13215,1308,331,0.0990,0.1955,no,1986,2,no,545,730,1036,1735,2069,2493,1956,1237,106
13089,DeKalb County,Georgia,330830,10947,761,0.0331,0.1513,no,1984,1,no,8735,30380,43654,52235,53919,42122,53534,28405,6899
13091,Dodge County,Georgia,8587,453,153,0.0528,0.1987,no,1983,2,no,441,812,938,1124,1741,1329,1126,500,123
13093,Dooly County,Georgia,4778,594,169,0.1243,0.1852,no,1983,4,no,140,151,261,1025,834,1037,370,259,107
13095,Dougherty County,Georgia,40653,1355,310,0.0333,0.2253,no,1975,1,no,2185,5619,6550,8942,4951,5228,3741,1785,297
13097,Douglas County,Georgia,56187,628,199,0.0112,0.0435,no,1996,2,no,538,1276,3171,8611,8406,9509,18647,4532,869
13099,Early County,Georgia,4956,355,111,0.0716,0.1794,no,1986,4,no,339,195,393,786,717,1195,710,251,15
13101,Echols County,Georgia,1355,13,20,0.0096,0.0701,yes,1992,4,no,5,77,84,268,157,345,203,163,40
13103,Effingham County,Georgia,25943,752,222,0.0290,0.0506,no,2001,2,no,197,365,1229,2327,2669,4485,7346,5366,1207
13105,Elbert County,Georgia,9426,716,191,0.0760,0.2421,no,1979,3,no,538,1028,1312,1264,1435,1311,1035,537,250
13107,Emanuel County,Georgia,10036,693,156,0.0691,0.1513,no,1982,2,no,284,541,1303,1810,1724,1573,1460,602,46
13109,Evans County,Georgia,4700,332,127,0.0706,0.1755,no,1985,3,no,206,287,372,764,814,871,839,197,18
13111,Fannin County,Georgia,18490,595,268,0.0322,0.0929,no,1996,3,no,622,500,748,2302,2768,2995,4991,2695,274
13113,Fayette County,Georgia,46453,351,151,0.0076,0.0146,no,1993,1,no,180,148,1403,6160,11783,11172,9638,4397,1221
13115,Floyd County,Georgia,40918,3181,446,0.0777,0.2483,no,1978,2,no,2795,4185,5049,6770,5543,5171,5113,2788,323
13117,Forsyth County,Georgia,92575,541,368,0.0058,0.0188,yes,2004,1,no,255,943,1342,3226,7077,21181,28675,24879,4456
13119,Franklin County,Georgia,10905,461,127,0.0423,0.1471,no,1989,3,no,422,721,745,1524,1851,2142,2034,772,233
13121,Fulton County,Georgia,507119,32077,1499,0.0633,0.1501,no,1993,1,no,15552,28500,42093,47326,66486,71870,108577,79111,15527
13123,Gilmer County,Georgia,18507,428,166,0.0231,0.0634,no,1998,2,no,283,462,731,1001,2507,4615,6272,1814,394
13125,Glascock County,Georgia,1410,194,76,0.1376,0.2830,no,1985,7,no,63,142,106,126,140,269,336,19,15
13127,Glynn County,Georgia,43500,2229,407,0.0512,0.1645,no,1988,2,no,1571,3356,3795,5322,7195,7542,7992,3705,793
13129,Gordon County,Georgia,23562,982,233,0.0417,0.0983,no,1987,2,no,485,849,2841,4491,2976,4150,4857,1457,474
13131,Grady County,Georgia,11645,637,159,0.0547,0.1481,no,1991,3,no,443,645,844,1773,1332,2792,1935,1010,234
13133,Greene County,Georgia,10830,770,206,0.0711,0.1527,no,1997,2,no,382,502,455,955,924,2017,2352,1975,498
13135,Gwinnett County,Georgia,340962,1524,406,0.0045,0.0178,no,1996,1,no,1204,3335,8821,32393,72864,80260,86448,43713,10400
13137,Habersham County,Georgia,19071,558,156,0.0293,0.1223,no,1992,1,no,640,1135,1043,2128,2985,4948,4229,989,416
13139,Hall County,Georgia,80926,2331,392,0.0288,0.0843,no,1996,1,no,1147,3342,5065,8647,11271,14338,19034,11408,4343
13141,Hancock County,Georgia,4971,184,86,0.0370,0.1030,no,1990,3,no,42,286,346,707,922,1125,1031,284,44
13143,Haralson County,Georgia,12821,597,194,0.0466,0.1549,no,1989,3,no,429,960,1074,1781,1819,2483,2651,814,213
13145,Harris County,Georgia,14699,691,252,0.0470,0.0991,no,1997,1,no,206,560,420,1549,1588,3330,3715,2157,483
13147,Hart County,Georgia,13200,593,197,0.0449,0.1477,no,1987,2,no,445,911,1275,1898,2112,2360,2203,997,406
13149,Heard County,Georgia,4818,347,116,0.0720,0.1804,no,1985,2,no,175,347,499,548,956,1046,589,262,49
13151,Henry County,Georgia,91424,841,258,0.0092,0.0250,no,2001,1,no,352,1096,2238,4720,11672,22412,30918,13354,3821
13153,Houston County,Georgia,69823,1116,351,0.0160,0.0825,no,1994,2,no,939,3708,7316,7254,9563,11683,15179,11375,1690
13155,Irwin County,Georgia,4223,375,135,0.0888,0.2029,no,1982,3,no,353,129,157,950,876,665,374,305,39
13157,Jackson County,Georgia,30745,988,284,0.0321,0.0631,no,2002,1,no,397,554,1181,2334,2933,4866,9319,5249,2924
13159,Jasper County,Georgia,6572,363,133,0.0552,0.1301,no,1992,3,no,82,410,533,647,950,1217,1611,379,380
13161,Jeff Davis County,Georgia,6399,194,100,0.0303,0.1255,yes,1986,4,no,172,437,541,1298,903,1514,885,396,59
13163,Jefferson County,Georgia,7172,870,236,0.1213,0.2490,no,1981,3,no,198,718,742,887,1227,1186,783,409,152
13165,Jenkins County,Georgia,4387,315,170,0.0718,0.2234,yes,1979,4,no,271,394,462,869,558,701,532,203,82
13167,Johnson County,Georgia,3560,265,105,0.0744,0.1775,no,1985,4,no,137,230,431,478,489,782,445,219,84
13169,Jones County,Georgia,11872,349,159,0.0294,0.0751,no,1991,3,no,160,383,780,1935,2031,2206,3059,819,150
13171,Lamar County,Georgia,7866,850,252,0.1081,0.1674,no,1988,5,no,145,322,774,1289,696,1551,1664,302,273
13173,Lanier County,Georgia,4172,216,128,0.0518,0.0966,yes,1996,3,no,64,123,280,244,693,812,1161,502,77
13175,Laurens County,Georgia,22065,803,193,0.0364,0.1416,no,1989,2,no,691,1631,1901,2992,3274,4914,4151,1344,364
13177,Lee County,Georgia,13012,187,119,0.0144,0.0189,yes,1998,2,no,48,11,389,1354,1843,3180,3273,2438,289
13179,Liberty County,Georgia,27675,303,126,0.0109,0.0453,no,1994,1,no,138,814,835,4203,4900,6438,4637,4501,906
13181,Lincoln County,Georgia,4529,241,103,0.0532,0.1289,no,1984,3,no,107,236,601,724,823,868,602,228,99
13183,Long County,Georgia,6861,136,117,0.0198,0.0723,yes,1998,3,no,153,207,324,517,937,1361,1115,1766,345
13185,Lowndes County,Georgia,51450,1342,290,0.0261,0.1020,no,1993,1,no,894,3010,3436,7257,7024,9744,10375,7430,938
13187,Lumpkin County,Georgia,13539,161,76,0.0119,0.0420,no,1998,1,no,148,260,476,1080,1965,3362,4144,1564,379
13189,McDuffie County,Georgia,9510,386,143,0.0406,0.1291,no,1985,2,no,225,617,940,1693,1912,1876,1221,517,123
13191,McIntosh County,Georgia,6850,273,104,0.0399,0.0896,no,1997,2,no,141,200,400,512,692,1624,1872,837,299
13193,Macon County,Georgia,5135,488,160,0.0950,0.2347,no,1978,2,no,100,617,321,1306,789,767,554,174,19
13195,Madison County,Georgia,12533,592,167,0.0472,0.1013,no,1990,3,no,197,481,1023,1996,1877,2569,2338,910,550
13197,Marion County,Georgia,3544,135,84,0.0381,0.0638,yes,1993,2,no,11,80,219,558,498,837,977,186,43
13199,Meriwether County,Georgia,9820,1170,204,0.1191,0.2324,no,1983,2,no,198,914,616,1557,1616,1896,1299,452,102
13201,Miller County,Georgia,2856,160,83,0.0560,0.2192,yes,1979,4,no,262,204,462,374,363,350,308,342,31
13205,Mitchell County,Georgia,9028,704,199,0.0780,0.2286,no,1978,3,no,603,757,1087,1640,1418,1250,1038,493,38
13207,Monroe County,Georgia,11577,388,172,0.0335,0.1164,no,1995,2,no,302,657,523,933,1712,2443,2833,1241,545
13209,Montgomery County,Georgia,3794,349,88,0.0920,0.1674,no,1989,4,no,122,164,352,529,428,953,546,265,86
13211,Morgan County,Georgia,8927,699,195,0.0783,0.1510,no,1994,2,no,291,358,560,870,968,2005,1846,1084,246
13213,Murray County,Georgia,16241,562,181,0.0346,0.0892,no,1993,2,no,341,545,764,1763,3116,3939,3613,1308,290
13215,Muscogee County,Georgia,92031,5791,649,0.0629,0.2359,no,1978,1,no,4997,10924,13230,13745,10927,10068,13771,7656,922
13217,Newton County,Georgia,43619,1454,301,0.0333,0.0658,no,1999,2,no,567,848,2096,3832,4557,9811,14498,3876,2080
13219,Oconee County,Georgia,15680,569,171,0.0363,0.0684,no,1998,2,no,196,308,327,1600,2512,3081,3673,3012,402
13221,Oglethorpe County,Georgia,6511,520,110,0.0799,0.1261,no,1990,4,no,60,241,460,1141,873,1139,1374,609,94
13223,Paulding County,Georgia,63118,848,310,0.0134,0.0362,no,2002,1,no,218,1222,1223,3310,6274,14066,22386,10734,2837
13225,Peach County,Georgia,12247,799,204,0.0652,0.1827,no,1987,3,no,362,1076,665,2097,1686,2124,1847,1220,371
13227,Pickens County,Georgia,15561,659,260,0.0423,0.0794,no,1996,2,no,254,322,726,1275,2101,3841,4661,1136,586
13229,Pierce County,Georgia,8543,136,67,0.0159,0.0780,no,1990,3,no,283,247,756,1331,1529,2031,1359,630,241
13231,Pike County,Georgia,7377,838,190,0.1136,0.1522,no,1994,3,no,101,184,391,676,992,1400,1733,782,280
13233,Polk County,Georgia,17368,2060,442,0.1186,0.2411,no,1983,3,no,936,1191,1520,2407,2243,2482,3447,944,138
13235,Pulaski County,Georgia,4583,195,97,0.0425,0.1628,no,1984,3,no,266,285,698,489,892,696,738,248,76
13237,Putnam County,Georgia,13505,598,263,0.0443,0.0978,no,1992,2,no,167,556,920,1114,2942,2623,3039,1279,267
13239,Quitman County,Georgia,1767,68,48,0.0385,0.1171,yes,1986,4,no,0,139,117,329,357,323,234,200,0
13241,Rabun County,Georgia,12263,505,149,0.0412,0.0984,no,1988,2,no,252,450,984,2014,2330,2250,2464,706,308
13243,Randolph County,Georgia,3512,653,284,0.1859,0.2494,no,1983,7,no,41,182,302,459,447,884,424,110,10
13245,Richmond County,Georgia,93145,6820,663,0.0732,0.2125,no,1980,2,no,3522,9451,11113,15045,13750,12050,9013,10357,2024
13247,Rockdale County,Georgia,36221,589,219,0.0163,0.0572,no,1990,2,no,381,1102,2444,5756,7599,6155,8375,2479,1341
13249,Schley County,Georgia,1886,108,59,0.0573,0.1283,yes,1991,4,no,67,67,151,297,212,367,386,220,11
13251,Screven County,Georgia,6567,556,165,0.0847,0.2298,no,1982,2,no,380,573,705,835,1211,1235,649,278,145
13253,Seminole County,Georgia,5081,150,92,0.0295,0.1012,yes,1981,4,no,165,199,786,1191,621,1123,410,376,60
13255,Spalding County,Georgia,28714,1164,322,0.0405,0.1774,no,1985,2,no,1684,2245,2359,4654,4430,3818,4822,2973,565
13257,Stephens County,Georgia,12354,583,177,0.0472,0.1843,no,1983,2,no,619,1075,1276,1824,2421,2318,1624,490,124
13259,Stewart County,Georgia,2105,172,92,0.0817,0.2071,yes,1987,6,no,218,46,178,220,304,433,379,142,13
13261,Sumter County,Georgia,13514,1306,241,0.0966,0.2201,no,1981,3,no,636,1033,1448,2136,2624,2137,1544,650,0
13263,Talbot County,Georgia,3058,245,86,0.0801,0.2319,no,1986,3,no,149,315,214,285,532,581,439,265,33
13265,Taliaferro County,Georgia,927,179,53,0.1931,0.3441,no,1975,5,no,73,67,77,126,80,159,50,113,3
13267,Tattnall County,Georgia,9405,646,172,0.0687,0.1623,no,1987,3,no,289,591,768,1412,1508,1886,1556,519,230
13269,Taylor County,Georgia,3938,180,74,0.0457,0.1412,no,1986,4,no,98,278,538,530,582,1022,522,157,31
13271,Telfair County,Georgia,4705,343,140,0.0729,0.2272,no,1979,4,no,223,503,642,750,685,644,751,151,13
13273,Terrell County,Georgia,4252,657,155,0.1545,0.2975,no,1979,4,no,269,339,333,594,618,788,423,196,35
13275,Thomas County,Georgia,21130,1707,257,0.0808,0.1875,no,1987,2,no,784,1471,1739,2890,2850,3836,3486,1818,549
13277,Tift County,Georgia,17751,486,173,0.0274,0.1749,no,1984,2,no,1089,1530,1610,3223,2529,3063,2289,1547,385
13279,Toombs County,Georgia,12103,532,207,0.0440,0.1301,no,1984,2,no,313,730,1514,1972,2228,2304,1540,812,158
13281,Towns County,Georgia,8808,176,116,0.0200,0.0697,yes,1995,2,no,71,367,506,968,1374,1969,2429,842,106
13283,Treutlen County,Georgia,2717,212,96,0.0780,0.1601,no,1990,6,no,120,103,150,544,234,707,435,182,30
13285,Troup County,Georgia,29790,2513,407,0.0844,0.2139,no,1986,2,no,1969,1890,1825,4151,4286,4544,5915,2024,673
13287,Turner County,Georgia,3927,535,172,0.1362,0.2511,no,1977,5,no,131,320,655,470,491,808,335,137,45
13289,Twiggs County,Georgia,4055,97,50,0.0239,0.1457,yes,1984,3,no,154,340,389,727,854,734,416,312,32
13291,Union County,Georgia,15164,280,120,0.0185,0.0623,no,1995,2,no,176,488,540,1466,2968,3485,3616,1747,398
13293,Upson County,Georgia,12434,1519,353,0.1222,0.3242,no,1977,4,no,1505,1007,1079,1527,2133,1606,1412,564,82
13295,Walker County,Georgia,29669,2234,481,0.0753,0.2558,no,1978,2,no,2053,3301,3369,4630,3303,4497,4164,1544,574
13297,Walton County,Georgia,37468,1251,339,0.0334,0.0758,no,1997,1,no,628,960,1961,3584,4611,8526,10881,3988,1078
13299,Ware County,Georgia,15943,693,205,0.0435,0.2269,no,1978,2,no,1086,1839,2249,2660,2359,2471,1346,1060,180
13301,Warren County,Georgia,2599,248,88,0.0954,0.2597,no,1977,3,no,96,331,264,509,212,445,346,125,23
13303,Washington County,Georgia,8769,662,143,0.0755,0.2350,no,1979,3,no,554,845,855,1560,1131,1254,1404,457,47
13305,Wayne County,Georgia,12704,335,111,0.0264,0.1470,no,1989,3,no,291,1241,1241,1545,1973,2158,2546,1057,317
13307,Webster County,Georgia,1143,65,49,0.0569,0.0936,yes,1987,5,no,0,42,133,149,244,267,162,75,6
13309,Wheeler County,Georgia,2435,26,25,0.0107,0.2152,yes,1987,4,no,267,231,75,370,382,513,465,106,0
13311,White County,Georgia,13952,219,124,0.0157,0.0683,yes,1994,1,no,242,492,603,1315,2598,3742,3628,908,205
13313,Whitfield County,Georgia,39806,1390,428,0.0349,0.1422,no,1987,1,no,1128,3144,4527,5113,6609,7477,7174,2809,435
13315,Wilcox County,Georgia,3462,404,113,0.1167,0.2265,no,1979,3,no,111,269,312,669,573,587,354,172,11
13317,Wilkes County,Georgia,5254,528,146,0.1005,0.2474,no,1977,3,no,266,506,614,1009,746,776,452,353,4
13319,Wilkinson County,Georgia,4304,269,88,0.0625,0.2086,no,1982,2,no,311,318,413,630,883,830,466,163,21
13321,Worth County,Georgia,9326,517,166,0.0554,0.1627,no,1985,2,no,285,715,1018,1350,1648,2088,1229,430,46
15001,Hawaii County,Hawaii,90735,3344,382,0.0369,0.0955,no,1989,1,no,1918,3404,5349,16852,16319,15413,19120,7928,1088
15003,Honolulu County,Hawaii,374304,11253,842,0.0301,0.1638,no,1977,1,no,13129,36916,63090,89024,47684,42044,36245,30915,4004
15005,Kalawao County,Hawaii,107,62,13,0.5794,0.7196,no,,,yes,1,14,10,0,0,13,4,0,3
15007,Kauai County,Hawaii,30471,1216,221,0.0399,0.1300,no,1983,2,no,921,1823,2186,6906,6351,4943,3893,1933,299
15009,Maui County,Hawaii,72279,2490,458,0.0344,0.0995,no,1985,1,no,1667,3038,5847,16077,14348,11689,11078,5421,624
16001,Ada County,Idaho,211440,8287,678,0.0392,0.1007,no,1997,1,no,4353,8649,9301,27464,20548,38068,42361,40314,12095
16003,Adams County,Idaho,2674,190,73,0.0711,0.2120,no,1986,3,no,252,125,144,405,375,411,517,213,42
16005,Bannock County,Idaho,36168,3617,353,0.1000,0.2798,no,1976,2,no,2566,3937,4131,6771,3113,4198,4245,2754,836
16007,Bear Lake County,Idaho,4020,1026,145,0.2552,0.4030,no,1974,3,no,182,412,143,564,310,518,561,267,37
16009,Benewah County,Idaho,4757,604,118,0.1270,0.2203,no,1979,2,no,172,272,409,1080,819,661,455,268,17
16011,Bingham County,Idaho,17528,2615,407,0.1492,0.2616,no,1978,2,no,759,1211,1446,3368,1249,2259,2356,1867,398
16013,Blaine County,Idaho,15989,651,202,0.0407,0.0939,no,1987,2,no,514,336,921,3652,2712,3268,2954,855,126
16015,Boise County,Idaho,5689,257,88,0.0452,0.0970,no,1991,2,no,114,181,337,973,837,1211,1081,477,221
16017,Bonner County,Idaho,26867,2025,365,0.0754,0.1563,no,1990,2,no,727,1446,1474,4031,3618,4400,4964,3374,808
16019,Bonneville County,Idaho,47489,3697,468,0.0778,0.2105,no,1985,2,no,1359,4942,3680,7686,4367,5593,8450,6079,1636
16021,Boundary County,Idaho,5615,378,114,0.0673,0.1653,no,1991,3,no,136,414,167,835,794,823,1045,839,184
16023,Butte County,Idaho,1336,238,78,0.1781,0.3757,no,1971,4,no,100,164,145,308,104,150,63,43,21
16025,Camas County,Idaho,703,145,48,0.2063,0.2859,no,1991,6,no,28,28,28,57,50,147,157,63,0
16027,Canyon County,Idaho,89135,6197,497,0.0695,0.1498,no,1999,1,no,3382,3773,4002,9911,5195,13468,22171,15421,5615
16029,Caribou County,Idaho,3157,634,122,0.2008,0.3516,no,1972,2,no,127,349,348,740,235,249,209,217,49
16031,Cassia County,Idaho,9096,1393,227,0.1531,0.2982,no,1975,2,no,495,824,917,1880,944,1044,624,797,178
16033,Clark County,Idaho,456,86,27,0.1886,0.3092,no,1979,6,no,23,32,9,91,25,95,56,39,0
16035,Clearwater County,Idaho,4626,413,87,0.0893,0.2110,no,1977,2,no,254,309,710,943,525,673,466,251,82
16037,Custer County,Idaho,3137,190,87,0.0606,0.1639,no,1986,5,no,157,167,335,472,395,718,562,135,6
16039,Elmore County,Idaho,12271,591,144,0.0482,0.1280,no,1988,3,no,265,715,1361,2226,1275,2124,2565,917,232
16041,Franklin County,Idaho,5212,1323,208,0.2538,0.3632,no,1975,4,no,334,236,384,616,415,522,532,645,205
16043,Fremont County,Idaho,8810,855,155,0.0970,0.1863,no,1979,2,no,421,365,801,2263,1078,841,1512,530,144
16045,Gem County,Idaho,7954,757,222,0.0952,0.2087,no,1983,6,no,399,504,473,1644,580,1083,1674,474,366
16047,Gooding County,Idaho,6141,446,135,0.0726,0.2654,no,1976,2,no,394,790,336,1700,584,897,534,340,120
16049,Idaho County,Idaho,8903,1120,203,0.1258,0.2565,no,1977,2,no,411,753,963,1726,1067,1025,981,740,117
16051,Jefferson County,Idaho,10779,1332,262,0.1236,0.2029,no,1994,3,no,387,468,382,1809,557,1148,2296,1933,467
16053,Jerome County,Idaho,8810,721,159,0.0818,0.2201,no,1983,4,no,427,791,572,1638,963,937,1435,1085,241
16055,Kootenai County,Idaho,80260,4122,534,0.0514,0.1016,no,1996,1,no,1544,2486,4020,11892,7341,14275,16323,14883,3374
16057,Latah County,Idaho,17591,2435,313,0.1384,0.2332,no,1980,2,no,639,1028,1771,3054,1549,2731,2354,1723,307
16059,Lemhi County,Idaho,4676,518,144,0.1108,0.2258,no,1979,2,no,231,307,257,1164,636,735,498,250,80
16061,Lewis County,Idaho,1826,488,65,0.2673,0.4573,no,1965,4,no,133,214,152,371,119,173,80,87,9
16063,Lincoln County,Idaho,1989,275,62,0.1383,0.2725,no,1985,6,no,201,66,112,254,181,430,299,126,45
16065,Madison County,Idaho,15145,518,159,0.0342,0.0760,no,2002,2,no,121,512,969,2063,1115,1402,3744,4137,564
16067,Minidoka County,Idaho,8644,612,202,0.0708,0.2440,no,1976,2,no,538,959,994,1925,850,990,679,972,125
16069,Nez Perce County,Idaho,18578,2806,416,0.1510,0.3443,no,1973,2,no,1120,2470,1920,3151,2306,1913,1618,1087,187
16071,Oneida County,Idaho,2101,667,122,0.3175,0.4517,no,1971,9,no,115,167,80,211,164,285,139,201,72
16073,Owyhee County,Idaho,4869,407,141,0.0836,0.2308,no,1984,3,no,355,362,244,805,603,720,682,461,230
16075,Payette County,Idaho,10141,1570,360,0.1548,0.2998,no,1978,2,no,512,958,313,2072,674,1475,1425,840,302
16077,Power County,Idaho,2966,356,120,0.1200,0.2205,no,1975,2,no,169,129,358,900,119,281,419,206,29
16079,Shoshone County,Idaho,7049,2003,183,0.2842,0.5143,no,1959,3,no,717,905,658,858,604,693,394,155,62
16081,Teton County,Idaho,6481,242,81,0.0373,0.0656,no,2001,2,no,75,108,112,708,509,1187,2162,1215,163
16083,Twin Falls County,Idaho,36429,4188,464,0.1150,0.2525,no,1982,3,no,2038,2972,2277,6296,2817,4176,6597,3980,1088
16085,Valley County,Idaho,12878,660,218,0.0513,0.0970,no,1992,3,no,99,490,695,2471,1640,2372,3054,1339,58
16087,Washington County,Idaho,4629,1013,171,0.2188,0.3450,no,1975,3,no,314,270,329,845,578,363,479,252,186
17001,Adams County,Illinois,30302,6958,511,0.2296,0.4390,no,1965,2,no,2350,3996,3991,4222,2327,2777,2157,1429,95
17003,Alexander County,Illinois,2938,618,122,0.2103,0.3615,no,1969,3,no,168,276,448,550,221,288,182,187,0
17005,Bond County,Illinois,6899,1326,226,0.1922,0.3367,no,1975,2,no,529,468,616,1042,699,1028,668,512,11
17007,Boone County,Illinois,20291,3531,484,0.1740,0.2545,no,1986,3,no,439,1195,1553,2379,1892,3687,4526,926,163
17009,Brown County,Illinois,2321,698,147,0.3007,0.5002,no,1960,9,no,193,270,148,401,138,199,185,69,20
17011,Bureau County,Illinois,15630,5018,266,0.3210,0.5247,no,1958,2,no,1355,1828,1780,2401,847,1094,835,446,26
17013,Calhoun County,Illinois,2300,685,96,0.2978,0.4187,no,1968,5,no,100,178,226,245,161,338,284,76,7
17015,Carroll County,Illinois,8204,2874,249,0.3503,0.5291,no,1957,3,no,609,858,733,779,560,858,708,182,43
17017,Cass County,Illinois,5676,1295,175,0.2282,0.4160,no,1968,5,no,433,633,633,741,461,730,590,109,51
17019,Champaign County,Illinois,95115,11501,684,0.1209,0.2352,no,1981,2,no,3150,7722,10359,13275,10710,11284,13860,12295,959
17021,Christian County,Illinois,15184,4802,374,0.3163,0.4714,no,1963,3,no,927,1428,1633,2551,1082,1394,949,362,56
17023,Clark County,Illinois,7307,1561,233,0.2136,0.3757,no,1971,3,no,523,661,740,1212,815,525,860,410,0
17025,Clay County,Illinois,6165,1214,237,0.1969,0.3784,no,1972,5,no,398,721,613,613,432,958,546,603,67
17027,Clinton County,Illinois,15765,2106,278,0.1336,0.2740,no,1977,2,no,808,1406,1481,2800,1954,1896,2127,974,213
17029,Coles County,Illinois,22681,5317,459,0.2344,0.3987,no,1971,2,no,977,2748,2004,3662,2370,2669,1892,984,58
17031,Cook County,Illinois,2276493,632386,5373,0.2778,0.4864,no,1961,1,no,150008,324927,283708,276109,171892,141698,180901,99817,15047
17033,Crawford County,Illinois,8457,1924,259,0.2275,0.4539,no,1965,4,no,668,1247,792,1290,658,843,561,421,53
17035,Cumberland County,Illinois,4726,958,147,0.2027,0.3804,no,1970,4,no,331,509,583,579,413,583,525,227,18
17037,DeKalb County,Illinois,41678,6681,606,0.1603,0.2532,no,1978,2,no,1106,2766,4714,6695,3175,5771,8925,1647,198
17039,De Witt County,Illinois,7320,2324,232,0.3175,0.5201,no,1958,3,no,515,968,729,1052,519,432,554,211,16
17041,Douglas County,Illinois,8507,2131,277,0.2505,0.4087,no,1967,3,no,380,966,1183,1161,532,995,684,419,56
17043,DuPage County,Illinois,367152,19376,942,0.0528,0.1768,no,1978,2,no,9273,36271,47665,83740,62927,53523,34117,17229,3031
17045,Edgar County,Illinois,8214,2284,261,0.2781,0.4582,no,1964,4,no,454,1026,774,1669,523,669,522,283,10
17047,Edwards County,Illinois,3045,601,89,0.1974,0.4204,no,1970,4,no,261,418,242,497,269,260,274,200,23
17049,Effingham County,Illinois,15413,2020,271,0.1311,0.2754,no,1978,2,no,846,1378,1277,2840,1690,2124,1667,1353,218
17051,Fayette County,Illinois,8808,1912,181,0.2171,0.3812,no,1972,2,no,492,954,813,1425,886,1084,740,472,30
17053,Ford County,Illinois,6263,2177,278,0.3476,0.5748,no,1955,3,no,414,1009,677,862,473,269,209,125,48
17055,Franklin County,Illinois,18462,4222,343,0.2287,0.4658,no,1963,2,no,2026,2351,2003,2370,1383,1505,1554,915,133
17057,Fulton County,Illinois,15848,4859,418,0.3066,0.4996,no,1960,2,no,1088,1971,1671,2867,982,858,948,569,35
17059,Gallatin County,Illinois,2505,376,88,0.1501,0.3872,no,1969,4,no,243,351,301,519,276,210,129,100,0
17061,Greene County,Illinois,5785,2083,183,0.3601,0.5222,no,1957,5,no,429,509,668,709,350,567,199,229,42
17063,Grundy County,Illinois,21384,2399,318,0.1122,0.2033,no,1990,2,no,756,1192,1291,3227,1799,3027,5308,2001,384
17065,Hamilton County,Illinois,3803,613,144,0.1612,0.4362,no,1970,6,no,525,521,240,429,472,424,256,295,28
17067,Hancock County,Illinois,8938,2807,210,0.3141,0.4642,no,1964,3,no,461,881,877,1620,610,739,597,330,16
17069,Hardin County,Illinois,2337,451,112,0.1930,0.3329,no,1974,4,no,152,175,276,316,406,330,136,79,16
17071,Henderson County,Illinois,3366,800,118,0.2377,0.3660,no,1972,2,no,171,261,309,725,321,420,256,95,8
17073,Henry County,Illinois,22210,6838,449,0.3079,0.4915,no,1961,2,no,1719,2359,2714,3998,1119,1643,1234,496,90
17075,Iroquois County,Illinois,12789,3875,278,0.3030,0.5039,no,1960,2,no,828,1741,1329,2140,934,853,774,286,29
17077,Jackson County,Illinois,27727,2747,282,0.0991,0.2437,no,1976,2,no,1514,2495,4294,5054,3464,3209,3093,1646,211
17079,Jasper County,Illinois,4226,636,149,0.1505,0.3379,no,1975,4,no,358,434,399,535,442,591,543,263,25
17081,Jefferson County,Illinois,16629,1851,248,0.1113,0.2799,no,1977,2,no,1074,1729,1395,3081,2019,2702,1801,836,141
17083,Jersey County,Illinois,9958,1590,276,0.1597,0.3205,no,1975,2,no,387,1215,972,1518,961,1017,1719,494,85
17085,Jo Daviess County,Illinois,13440,3364,299,0.2503,0.3528,no,1976,2,no,752,626,1025,1651,1586,2043,1690,563,140
17087,Johnson County,Illinois,5541,299,76,0.0540,0.1438,no,1985,3,no,262,236,706,931,673,851,983,561,39
17089,Kane County,Illinois,190921,24263,1313,0.1271,0.2399,no,1985,2,no,5141,16394,18296,22393,17126,30640,40583,13446,2639
17091,Kankakee County,Illinois,45415,6812,483,0.1500,0.3230,no,1972,1,no,2791,5064,6484,8316,3183,4984,5618,1897,266
17093,Kendall County,Illinois,46589,1848,392,0.0397,0.0879,no,2001,1,no,522,1723,2884,4303,2526,6953,19589,4776,1465
17095,Knox County,Illinois,23758,8328,539,0.3505,0.5350,no,1957,2,no,1278,3105,1879,4644,1202,1437,1040,826,19
17097,Lake County,Illinois,270618,22696,1150,0.0839,0.2143,no,1983,2,no,9756,25539,25819,41410,40262,49772,40339,13327,1698
17099,LaSalle County,Illinois,49843,12251,673,0.2458,0.4680,no,1963,2,no,3465,7609,4802,6791,3268,5036,4827,1444,350
17101,Lawrence County,Illinois,6407,1752,200,0.2735,0.4632,no,1963,3,no,454,762,817,853,382,577,389,407,14
17103,Lee County,Illinois,14995,4658,319,0.3106,0.4987,no,1960,3,no,1000,1820,1351,2019,890,1522,1194,509,32
17105,Livingston County,Illinois,15930,5001,367,0.3139,0.4858,no,1961,2,no,1162,1575,2058,2112,1129,1242,910,570,171
17107,Logan County,Illinois,11967,3235,253,0.2703,0.4371,no,1964,2,no,587,1409,1852,2192,856,986,614,223,13
17109,McDonough County,Illinois,13587,3726,423,0.2742,0.4323,no,1965,3,no,762,1386,1678,2262,827,1102,1223,604,17
17111,McHenry County,Illinois,121329,9678,792,0.0798,0.1833,no,1989,1,no,3655,8911,7857,16468,16290,27407,24407,5307,1349
17113,McLean County,Illinois,75305,10370,594,0.1377,0.2320,no,1981,2,no,2349,4750,6842,12259,7657,12432,12770,5199,677
17115,Macon County,Illinois,49630,10149,602,0.2045,0.4468,no,1964,1,no,3703,8325,6730,8470,3747,4459,2849,1048,150
17117,Macoupin County,Illinois,21139,5344,402,0.2528,0.4492,no,1966,3,no,2090,2061,1909,2873,1526,2428,1881,918,109
17119,Madison County,Illinois,119168,17395,1028,0.1460,0.3644,no,1971,2,no,8750,17278,14189,15106,11057,13145,14019,7132,1097
17121,Marion County,Illinois,17334,2557,262,0.1475,0.3322,no,1973,1,no,1336,1865,2007,2995,1862,2137,1610,915,50
17123,Marshall County,Illinois,5815,1770,151,0.3044,0.4917,no,1961,4,no,431,658,506,1081,394,395,469,102,9
17125,Mason County,Illinois,6622,1928,178,0.2912,0.5076,no,1959,4,no,448,985,742,1318,303,406,298,173,21
17127,Massac County,Illinois,6822,821,194,0.1203,0.3009,no,1975,3,no,244,988,908,909,850,1093,711,294,4
17129,Menard County,Illinois,5600,1224,179,0.2186,0.3182,no,1976,3,no,212,346,563,767,619,977,560,329,3
17131,Mercer County,Illinois,7285,2231,192,0.3062,0.4766,no,1962,3,no,468,773,862,1300,379,543,497,218,14
17133,Monroe County,Illinois,14759,1450,245,0.0982,0.2076,no,1990,2,no,524,1090,1665,1281,1290,2761,2872,1635,191
17135,Montgomery County,Illinois,12495,3306,307,0.2646,0.4603,no,1964,3,no,1029,1416,1373,1743,875,1294,801,597,61
17137,Morgan County,Illinois,15016,3774,328,0.2513,0.4239,no,1965,2,no,801,1791,2137,2389,805,1660,1017,562,80
17139,Moultrie County,Illinois,6240,1611,193,0.2582,0.4147,no,1968,3,no,447,530,640,1036,406,656,662,196,56
17141,Ogle County,Illinois,22682,4560,319,0.2010,0.3488,no,1972,1,no,1144,2207,2634,3800,1941,2885,2706,611,194
17143,Peoria County,Illinois,84930,16755,1027,0.1973,0.4170,no,1966,2,no,6183,12475,11068,13341,5409,6812,8925,3530,432
17145,Perry County,Illinois,9152,1831,295,0.2001,0.3493,no,1973,3,no,693,673,858,1497,1348,749,1067,410,26
17147,Piatt County,Illinois,7412,1567,220,0.2114,0.3308,no,1973,2,no,257,628,857,1372,663,775,847,446,0
17149,Pike County,Illinois,7273,2196,222,0.3019,0.4900,no,1961,2,no,473,895,999,953,377,597,514,248,21
17151,Pope County,Illinois,2225,387,70,0.1739,0.2679,no,1986,4,no,108,101,77,258,282,437,363,212,0
17153,Pulaski County,Illinois,2851,500,97,0.1754,0.3490,no,1969,3,no,253,242,465,320,329,261,294,186,1
17155,Putnam County,Illinois,3090,732,106,0.2369,0.3544,no,1975,3,no,159,204,219,487,311,315,505,151,7
17157,Randolph County,Illinois,13422,2427,225,0.1808,0.3713,no,1972,2,no,997,1560,1364,2174,1380,1507,1191,768,54
17159,Richland County,Illinois,7363,1169,202,0.1588,0.3268,no,1973,2,no,410,827,826,1565,771,803,607,325,60
17161,Rock Island County,Illinois,66759,14643,675,0.2193,0.4622,no,1962,2,no,5858,10354,10369,9682,5124,3760,4129,2523,317
17163,St. Clair County,Illinois,115630,15578,1038,0.1347,0.3222,no,1975,2,no,6628,15055,13973,12300,12538,13572,16452,8494,1040
17165,Saline County,Illinois,11547,1780,252,0.1542,0.3824,no,1971,2,no,1567,1068,1225,1983,1202,943,843,821,115
17167,Sangamon County,Illinois,93382,14430,683,0.1545,0.3152,no,1974,2,no,5646,9356,11039,17273,8796,12005,8904,5517,416
17169,Schuyler County,Illinois,3306,808,147,0.2444,0.3760,no,1971,3,no,177,258,338,713,215,280,219,244,54
17171,Scott County,Illinois,2384,761,106,0.3192,0.4555,no,1963,3,no,140,185,357,287,105,255,169,124,1
17173,Shelby County,Illinois,10060,2954,312,0.2936,0.4401,no,1966,4,no,517,956,955,1343,784,1061,981,432,77
17175,Stark County,Illinois,2573,913,95,0.3548,0.5398,no,1956,5,no,236,240,266,435,178,161,59,82,3
17177,Stephenson County,Illinois,21330,7164,514,0.3359,0.5059,no,1960,2,no,1045,2582,2366,2819,1560,1952,1341,478,23
17179,Tazewell County,Illinois,58731,8683,623,0.1478,0.3746,no,1969,1,no,4705,8612,8368,12041,3172,4539,5216,2991,404
17181,Union County,Illinois,7851,1462,257,0.1862,0.3477,no,1975,2,no,542,726,551,1382,737,980,946,497,28
17183,Vermilion County,Illinois,34327,12461,666,0.3630,0.5260,no,1957,3,no,2255,3339,3882,5016,2790,2137,1228,1087,132
17185,Wabash County,Illinois,5410,1407,248,0.2601,0.4379,no,1970,6,no,415,547,337,973,711,439,288,278,15
17187,Warren County,Illinois,7587,2575,256,0.3394,0.5569,no,1956,2,no,579,1071,993,1188,381,254,391,118,37
17189,Washington County,Illinois,6415,1297,151,0.2022,0.3707,no,1972,2,no,384,697,660,1018,644,536,679,389,111
17191,Wayne County,Illinois,7680,1070,182,0.1393,0.3672,no,1974,2,no,779,971,559,1083,649,994,848,683,44
17193,White County,Illinois,6730,1335,202,0.1984,0.4733,no,1962,3,no,921,929,772,880,640,602,425,191,35
17195,Whiteside County,Illinois,25837,6528,431,0.2527,0.4831,no,1961,2,no,1866,4087,3133,4435,1600,1730,1547,844,67
17197,Will County,Illinois,254278,17535,921,0.0690,0.1543,no,1992,1,no,6036,15671,20449,34464,22729,53623,64764,15902,3105
17199,Williamson County,Illinois,32084,4703,442,0.1466,0.2645,no,1981,2,no,1605,2179,2890,4318,3589,3977,4803,3609,411
17201,Winnebago County,Illinois,125002,19317,868,0.1545,0.3548,no,1971,1,no,7766,17269,16239,18691,13159,15543,13753,2902,363
17203,Woodford County,Illinois,15758,2890,305,0.1834,0.3608,no,1972,2,no,894,1902,1757,2343,1121,1592,2201,885,173
18001,Adams County,Indiana,13308,3209,371,0.2411,0.4010,no,1971,3,no,640,1487,1221,1667,1605,1361,1414,614,90
18003,Allen County,Indiana,166285,21642,924,0.1302,0.2773,no,1976,2,no,7628,16834,21700,24004,16785,21377,19312,13580,3423
18005,Bartholomew County,Indiana,35668,3489,448,0.0978,0.2412,no,1979,2,no,1756,3357,4442,5560,3019,5325,3756,4482,482
18007,Benton County,Indiana,3762,1444,143,0.3838,0.5795,no,1954,3,no,252,484,291,524,175,228,133,226,5
18009,Blackford County,Indiana,5853,1891,228,0.3231,0.5059,no,1960,4,no,358,712,596,645,646,473,260,240,32
18011,Boone County,Indiana,29737,3420,418,0.1150,0.2003,no,1995,2,no,724,1812,1458,3766,1626,4214,5031,6226,1460
18013,Brown County,Indiana,8577,754,188,0.0879,0.1863,no,1982,3,no,131,713,967,1533,1193,1085,1358,774,69
18015,Carroll County,Indiana,9559,2936,302,0.3071,0.4487,no,1966,4,no,433,920,886,1424,514,1011,794,529,112
18017,Cass County,Indiana,16388,5933,358,0.3620,0.5441,no,1956,2,no,1100,1883,1440,2348,1180,1248,785,423,48
18019,Clark County,Indiana,55049,3961,560,0.0720,0.2052,no,1982,3,no,2016,5318,6328,8725,4912,6938,7981,6668,2202
18021,Clay County,Indiana,11645,2364,338,0.2030,0.3802,no,1974,3,no,754,1310,819,1565,841,1771,1492,580,149
18023,Clinton County,Indiana,13517,4988,404,0.3690,0.5326,no,1957,3,no,743,1468,1530,1271,945,1368,619,368,217
18025,Crawford County,Indiana,5914,771,178,0.1304,0.1912,no,1984,3,no,135,225,442,972,942,1079,660,547,141
18027,Daviess County,Indiana,12887,2626,347,0.2038,0.3538,no,1975,3,no,561,1372,1097,1688,931,1646,1762,1102,102
18029,Dearborn County,Indiana,21098,2990,406,0.1417,0.2532,no,1982,3,no,700,1653,1562,3089,2258,4123,3023,1277,423
18031,Decatur County,Indiana,11685,2763,345,0.2365,0.3589,no,1973,3,no,475,956,1242,1404,1021,1759,1173,773,119
18033,DeKalb County,Indiana,18384,5119,419,0.2784,0.3659,no,1975,3,no,587,1020,1479,1811,2178,2403,2377,1031,379
18035,Delaware County,Indiana,51635,9024,644,0.1748,0.3861,no,1967,1,no,3582,7331,8310,7740,4046,5357,3591,2253,401
18037,Dubois County,Indiana,18836,2084,363,0.1106,0.2749,no,1980,2,no,1357,1737,1791,2478,2888,2761,2041,1446,253
18039,Elkhart County,Indiana,80493,13544,751,0.1683,0.3076,no,1977,1,no,3873,7345,7781,11117,9339,12019,9403,5278,794
18041,Fayette County,Indiana,10905,3007,330,0.2757,0.4819,no,1962,4,no,1021,1227,1142,1820,741,1040,666,144,97
18043,Floyd County,Indiana,34833,5074,391,0.1457,0.2773,no,1980,2,no,1550,3035,3386,4491,4057,5812,4088,2863,477
18045,Fountain County,Indiana,7875,2398,216,0.3045,0.4500,no,1966,4,no,387,759,648,1195,860,889,392,260,87
18047,Franklin County,Indiana,9796,1430,323,0.1460,0.2524,no,1981,4,no,419,624,987,1329,1168,1827,1145,720,147
18049,Fulton County,Indiana,9584,2801,319,0.2923,0.4478,no,1966,5,no,571,920,857,1181,1065,924,941,285,39
18051,Gibson County,Indiana,14890,2983,305,0.2003,0.3692,no,1974,2,no,831,1683,1130,1867,1502,1723,1460,1587,124
18053,Grant County,Indiana,29907,6516,553,0.2179,0.4534,no,1963,2,no,1907,5137,4223,4145,2432,2503,2046,900,98
18055,Greene County,Indiana,14356,2805,285,0.1954,0.3093,no,1978,3,no,639,997,1046,2213,1761,2356,1352,994,193
18057,Hamilton County,Indiana,144746,5018,592,0.0347,0.0664,no,2001,1,no,1465,3130,4415,11951,14087,29381,36080,32043,7176
18059,Hancock County,Indiana,34370,3582,580,0.1042,0.1808,no,1991,2,no,493,2139,3085,4268,2875,5656,6225,4325,1722
18061,Harrison County,Indiana,16953,2134,335,0.1259,0.2109,no,1990,3,no,407,1034,1035,2200,1718,3724,3147,1258,296
18063,Hendricks County,Indiana,69675,3513,458,0.0504,0.1183,no,1998,1,no,1006,3725,4250,6683,5667,12589,17306,11897,3039
18065,Henry County,Indiana,20996,6014,403,0.2864,0.4890,no,1961,2,no,1640,2614,2650,2948,1261,2025,1308,455,81
18067,Howard County,Indiana,39876,7403,552,0.1857,0.3699,no,1969,2,no,2222,5124,6031,5293,3280,4957,3097,2010,459
18069,Huntington County,Indiana,16340,5191,335,0.3177,0.4525,no,1966,3,no,823,1380,1209,2025,1194,1946,1448,948,176
18071,Jackson County,Indiana,19351,2650,301,0.1369,0.2875,no,1978,2,no,996,1917,1858,2687,1535,3693,2316,1563,136
18073,Jasper County,Indiana,13787,1729,276,0.1254,0.2328,no,1985,4,no,511,970,815,2308,1024,2662,2375,1283,110
18075,Jay County,Indiana,8904,3038,277,0.3412,0.5139,no,1959,4,no,707,831,1007,911,707,787,516,306,94
18077,Jefferson County,Indiana,14517,3064,338,0.2111,0.3172,no,1973,2,no,358,1183,1832,2946,1318,1745,1226,637,208
18079,Jennings County,Indiana,11731,1215,254,0.1036,0.2044,no,1982,3,no,270,913,1278,1822,1560,2522,1413,660,78
18081,Johnson County,Indiana,65915,3599,472,0.0546,0.1531,no,1993,2,no,1577,4918,4647,8032,6977,12323,13489,8436,1917
18083,Knox County,Indiana,16974,5223,440,0.3077,0.4772,no,1962,3,no,903,1974,1706,2084,1525,1680,1076,603,200
18085,Kosciusko County,Indiana,38864,6422,568,0.1652,0.2984,no,1979,2,no,1701,3475,3349,5046,4217,6091,4967,2996,600
18087,LaGrange County,Indiana,15151,2912,339,0.1922,0.2855,no,1982,3,no,335,1078,1029,1978,1371,2487,2205,1587,169
18089,Lake County,Indiana,217436,31748,1298,0.1460,0.3920,no,1968,1,no,19974,33515,28459,29726,13983,20729,24448,12467,2387
18091,LaPorte County,Indiana,50038,9892,621,0.1977,0.3944,no,1969,2,no,3462,6379,5833,7065,4159,5927,5133,1993,195
18093,Lawrence County,Indiana,20545,4125,450,0.2008,0.3468,no,1973,3,no,1035,1964,2255,2564,1931,2494,2763,1076,338
18095,Madison County,Indiana,59301,12220,643,0.2061,0.4213,no,1965,1,no,4441,8320,8974,7800,4340,5785,4726,1824,871
18097,Marion County,Indiana,441040,66271,1438,0.1503,0.3296,no,1973,1,no,25337,53751,59103,54891,47036,55093,45658,29069,4831
18099,Marshall County,Indiana,20111,4631,404,0.2303,0.3650,no,1973,2,no,1062,1648,1964,2591,1785,2804,2156,1213,257
18101,Martin County,Indiana,4583,479,127,0.1045,0.2468,no,1981,4,no,187,465,373,752,570,989,480,266,22
18103,Miami County,Indiana,14952,4961,388,0.3318,0.4910,no,1961,3,no,675,1706,1314,2176,1294,1272,1066,381,107
18105,Monroe County,Indiana,65657,5951,580,0.0906,0.1742,no,1986,2,no,1077,4412,6755,9234,8459,11991,10156,6456,1166
18107,Montgomery County,Indiana,16585,4640,397,0.2798,0.4256,no,1967,3,no,601,1818,1818,2081,1205,1857,1779,659,127
18109,Morgan County,Indiana,30046,3846,412,0.1280,0.2499,no,1981,3,no,1244,2419,3171,4164,2404,6249,3841,2132,576
18111,Newton County,Indiana,6093,1362,176,0.2235,0.3959,no,1971,2,no,562,488,518,1312,332,737,572,128,82
18113,Noble County,Indiana,20297,5131,526,0.2528,0.3681,no,1976,3,no,811,1529,1394,2119,2055,3575,1934,1321,428
18115,Ohio County,Indiana,2769,634,107,0.2290,0.3539,no,1978,5,no,115,231,156,301,185,447,427,218,55
18117,Orange County,Indiana,9101,1493,257,0.1640,0.2729,no,1980,3,no,395,596,937,1187,1149,1541,1074,621,108
18119,Owen County,Indiana,9918,1548,255,0.1561,0.2718,no,1982,2,no,502,646,987,1023,1309,1818,1136,708,241
18121,Parke County,Indiana,7657,2018,252,0.2635,0.3695,no,1972,3,no,277,534,807,1055,484,885,969,520,108
18123,Perry County,Indiana,8597,1412,205,0.1642,0.3052,no,1976,3,no,535,677,1097,1042,1137,1163,1079,435,20
18125,Pike County,Indiana,5589,1230,200,0.2201,0.3879,no,1973,2,no,390,548,372,896,605,483,632,375,58
18127,Porter County,Indiana,72662,5928,688,0.0816,0.1876,no,1982,2,no,1834,5869,7997,12917,7785,12459,10449,6181,1243
18129,Posey County,Indiana,11105,1410,207,0.1270,0.2807,no,1976,2,no,490,1217,1061,2430,1232,1357,1281,582,45
18131,Pulaski County,Indiana,5850,1419,210,0.2426,0.4145,no,1970,4,no,391,615,503,779,593,966,311,225,48
18133,Putnam County,Indiana,15268,2793,321,0.1829,0.2820,no,1981,3,no,408,1105,1288,1901,1980,2859,1417,1265,252
18135,Randolph County,Indiana,11412,4051,316,0.3550,0.5201,no,1958,4,no,863,1021,1124,1637,724,810,749,403,30
18137,Ripley County,Indiana,12461,2392,302,0.1920,0.3509,no,1978,2,no,892,1088,678,1551,1152,2304,1472,737,195
18139,Rush County,Indiana,7387,2987,233,0.4044,0.5590,no,1954,3,no,444,698,625,657,530,589,571,236,50
18141,St. Joseph County,Indiana,118580,22830,930,0.1925,0.4221,no,1968,1,no,10400,16825,11895,14389,11037,12515,10874,6640,1175
18143,Scott County,Indiana,10840,865,221,0.0798,0.2006,no,1983,3,no,372,938,1117,1681,1548,1804,1442,876,197
18145,Shelby County,Indiana,19674,4410,355,0.2242,0.3618,no,1972,2,no,898,1811,2167,2908,1238,2760,2061,1152,269
18147,Spencer County,Indiana,8727,1146,165,0.1313,0.2842,no,1979,2,no,357,977,787,1242,1176,1449,889,635,69
18149,Starke County,Indiana,11273,1860,227,0.1650,0.3460,no,1974,2,no,861,1179,973,2006,995,1354,1428,493,124
18151,Steuben County,Indiana,19181,3145,311,0.1640,0.2847,no,1981,2,no,1043,1273,1410,2547,2218,3306,2479,1452,308
18153,Sullivan County,Indiana,8791,1968,228,0.2239,0.3591,no,1973,3,no,587,602,868,1113,641,1278,1033,607,94
18155,Switzerland County,Indiana,4456,741,170,0.1663,0.2442,no,1990,4,no,72,275,288,447,396,1166,714,298,59
18157,Tippecanoe County,Indiana,80647,8771,721,0.1088,0.2326,no,1987,2,no,3447,6537,8253,7481,8004,11175,14224,11047,1708
18159,Tipton County,Indiana,6845,2370,255,0.3462,0.4619,no,1965,5,no,328,464,567,935,513,853,475,231,109
18161,Union County,Indiana,3255,959,180,0.2946,0.4243,no,1970,5,no,145,277,235,561,242,434,275,107,20
18163,Vanderburgh County,Indiana,85319,14572,815,0.1708,0.4093,no,1970,1,no,7616,12731,7616,11127,8728,8013,8922,5069,925
18165,Vermillion County,Indiana,7337,2402,284,0.3274,0.4859,no,1962,6,no,657,506,421,1034,609,824,543,307,34
18167,Vigo County,Indiana,46891,11489,640,0.2450,0.4260,no,1968,2,no,3342,5146,4224,5599,4601,4729,3554,3825,382
18169,Wabash County,Indiana,14097,4811,403,0.3413,0.5092,no,1959,3,no,798,1569,1437,1612,1062,1272,1146,312,78
18171,Warren County,Indiana,3706,869,129,0.2345,0.3416,no,1973,4,no,212,185,462,418,384,491,439,210,36
18173,Warrick County,Indiana,26890,2576,330,0.0958,0.1940,no,1986,3,no,758,1882,1765,4800,2956,4420,4052,2941,740
18175,Washington County,Indiana,12222,1706,230,0.1396,0.2736,no,1982,2,no,556,1082,850,1550,1538,2033,1523,1060,324
18177,Wayne County,Indiana,30736,8778,579,0.2856,0.5050,no,1960,2,no,2379,4364,4468,4266,1685,2138,1970,619,69
18179,Wells County,Indiana,12074,3320,295,0.2750,0.3821,no,1973,3,no,384,910,895,1596,1221,1958,1001,713,76
18181,White County,Indiana,12961,2747,286,0.2119,0.4103,no,1969,3,no,888,1683,1236,2410,983,1412,899,641,62
18183,Whitley County,Indiana,15030,3367,343,0.2240,0.3307,no,1979,3,no,608,996,1079,1565,1346,2640,1994,1189,246
19001,Adair County,Iowa,3568,1328,136,0.3722,0.5188,no,1958,4,no,220,303,259,631,188,237,186,209,7
19003,Adams County,Iowa,1889,700,95,0.3706,0.5558,no,1955,4,no,136,214,142,188,105,125,146,109,24
19005,Allamakee County,Iowa,7761,2205,211,0.2841,0.3926,no,1972,3,no,259,583,652,825,630,1084,881,595,47
19007,Appanoose County,Iowa,6312,2235,226,0.3541,0.4650,no,1964,4,no,366,334,537,1136,357,515,448,296,88
19009,Audubon County,Iowa,2790,1192,135,0.4272,0.6398,no,1950,4,no,197,396,355,207,112,140,136,42,13
19011,Benton County,Iowa,11114,3736,232,0.3362,0.4634,no,1964,3,no,535,879,921,1073,707,1524,1276,413,50
19013,Black Hawk County,Iowa,58991,10764,531,0.1825,0.4145,no,1966,2,no,4234,9452,7829,9249,3447,4134,4782,4490,610
19015,Boone County,Iowa,12041,4559,406,0.3786,0.4994,no,1960,5,no,415,1039,757,1563,793,1108,991,722,94
19017,Bremer County,Iowa,10585,2986,230,0.2821,0.3998,no,1970,3,no,346,900,1109,1824,644,669,917,1099,91
19019,Buchanan County,Iowa,8945,2179,220,0.2436,0.3628,no,1973,2,no,345,721,864,1344,1000,1066,858,489,79
19021,Buena Vista County,Iowa,8293,2329,287,0.2808,0.4466,no,1964,3,no,427,948,995,1443,700,442,201,778,30
19023,Butler County,Iowa,6570,2360,164,0.3592,0.5198,no,1958,3,no,334,721,543,862,303,435,635,327,50
19025,Calhoun County,Iowa,4798,1606,118,0.3347,0.5183,no,1958,4,no,309,572,622,753,396,175,178,149,38
19027,Carroll County,Iowa,9560,2842,226,0.2973,0.4523,no,1964,3,no,508,974,1118,1482,696,673,853,381,33
19029,Cass County,Iowa,6393,2435,235,0.3809,0.5484,no,1956,3,no,317,754,794,753,498,283,308,193,58
19031,Cedar County,Iowa,8300,2895,264,0.3488,0.4671,no,1965,6,no,394,588,515,1207,410,606,915,571,199
19033,Cerro Gordo County,Iowa,22786,6286,531,0.2759,0.5223,no,1959,2,no,1698,3917,1821,3202,1620,1481,1663,847,251
19035,Cherokee County,Iowa,5557,1918,189,0.3452,0.5224,no,1958,4,no,343,642,700,1088,388,129,182,153,14
19037,Chickasaw County,Iowa,5542,1804,228,0.3255,0.4486,no,1966,5,no,190,492,447,1009,397,453,440,264,46
19039,Clarke County,Iowa,4522,921,220,0.2037,0.2988,no,1975,3,no,199,231,359,1122,326,418,416,495,35
19041,Clay County,Iowa,8157,2152,280,0.2638,0.4326,no,1967,4,no,628,749,804,1334,576,537,734,520,123
19043,Clayton County,Iowa,8796,3216,251,0.3656,0.5008,no,1960,5,no,550,639,531,1015,622,605,851,667,100
19045,Clinton County,Iowa,21581,7773,421,0.3602,0.5310,no,1957,3,no,1089,2597,2127,3086,1032,1299,1440,1042,96
19047,Crawford County,Iowa,6869,2123,220,0.3091,0.4222,no,1968,3,no,402,375,696,1613,534,482,323,234,87
19049,Dallas County,Iowa,44804,4056,429,0.0905,0.1334,no,2006,1,no,550,1370,1389,2670,1305,4401,11002,14517,3544
19051,Davis County,Iowa,3612,872,142,0.2414,0.3906,no,1973,2,no,199,340,177,751,225,437,207,327,77
19053,Decatur County,Iowa,3659,1008,127,0.2755,0.3990,no,1970,3,no,116,336,357,497,283,469,401,159,33
19055,Delaware County,Iowa,8169,2592,250,0.3173,0.4379,no,1967,5,no,325,660,712,1112,806,582,811,445,124
19057,Des Moines County,Iowa,18802,6197,423,0.3296,0.5131,no,1959,2,no,1317,2133,2114,2416,952,1597,1035,957,84
19059,Dickinson County,Iowa,14206,2372,300,0.1670,0.2740,no,1979,2,no,650,870,1041,2470,995,1838,2120,1617,233
19061,Dubuque County,Iowa,43288,10322,522,0.2384,0.3690,no,1970,1,no,1565,4087,5598,5548,2344,4323,4846,4081,574
19063,Emmet County,Iowa,4520,1518,169,0.3358,0.5830,no,1955,3,no,343,774,651,670,133,82,165,161,23
19065,Fayette County,Iowa,9320,3821,204,0.4100,0.5571,no,1954,3,no,536,835,863,914,692,713,563,371,12
19067,Floyd County,Iowa,7306,2544,286,0.3482,0.5279,no,1958,3,no,347,966,1209,1009,197,294,422,221,97
19069,Franklin County,Iowa,4657,1845,203,0.3962,0.5982,no,1954,3,no,237,704,487,670,295,116,185,102,16
19071,Fremont County,Iowa,3125,1165,109,0.3728,0.5187,no,1958,5,no,206,250,267,451,206,223,202,141,14
19073,Greene County,Iowa,4319,1576,173,0.3649,0.5673,no,1954,4,no,379,495,362,454,311,248,275,184,35
19075,Grundy County,Iowa,5498,1834,144,0.3336,0.4829,no,1962,4,no,308,513,436,1003,315,360,508,183,38
19077,Guthrie County,Iowa,5808,2144,162,0.3691,0.4483,no,1968,4,no,195,265,363,907,347,745,487,334,21
19079,Hamilton County,Iowa,7040,2909,252,0.4132,0.5781,no,1953,3,no,370,791,541,963,378,500,417,119,52
19081,Hancock County,Iowa,5116,1645,187,0.3215,0.4957,no,1961,4,no,287,604,429,962,392,286,263,190,58
19083,Hardin County,Iowa,8011,2759,194,0.3444,0.5585,no,1956,2,no,615,1100,1035,1212,480,383,236,156,35
19085,Harrison County,Iowa,6698,2970,215,0.4434,0.5318,no,1954,6,no,243,349,412,848,377,583,579,230,107
19087,Henry County,Iowa,8445,2668,253,0.3159,0.4135,no,1968,3,no,252,572,902,1372,791,666,590,588,44
19089,Howard County,Iowa,4320,1696,188,0.3926,0.4949,no,1960,9,no,300,142,459,741,252,212,248,209,61
19091,Humboldt County,Iowa,4603,1474,139,0.3202,0.4908,no,1961,4,no,226,559,436,797,206,236,441,218,10
19093,Ida County,Iowa,3369,1376,154,0.4084,0.6040,no,1952,4,no,193,466,262,518,169,125,144,105,11
19095,Iowa County,Iowa,7369,2523,242,0.3424,0.4341,no,1969,4,no,273,403,527,1166,343,737,868,511,18
19097,Jackson County,Iowa,9282,2532,231,0.2728,0.4036,no,1970,3,no,385,829,906,1615,643,739,1039,477,117
19099,Jasper County,Iowa,16249,4350,337,0.2677,0.4333,no,1965,2,no,654,2036,2207,2565,857,1594,1200,662,124
19101,Jefferson County,Iowa,7706,2534,288,0.3288,0.4429,no,1966,5,no,254,625,704,860,847,727,554,567,34
19103,Johnson County,Iowa,68217,6444,583,0.0945,0.1657,no,1992,1,no,1193,3664,5742,8046,6871,10795,10802,12790,1870
19105,Jones County,Iowa,8889,2280,249,0.2565,0.4215,no,1970,3,no,490,977,679,1201,474,1161,907,592,128
19107,Keokuk County,Iowa,4647,2166,129,0.4661,0.5660,no,1950,7,no,157,307,430,663,244,183,280,170,47
19109,Kossuth County,Iowa,7205,2224,211,0.3087,0.4837,no,1962,4,no,555,706,684,1419,394,285,478,410,50
19111,Lee County,Iowa,15794,5106,399,0.3233,0.5000,no,1960,3,no,933,1858,1671,2627,827,1305,864,535,68
19113,Linn County,Iowa,103104,14118,729,0.1369,0.2707,no,1978,1,no,3300,10496,12602,14330,7954,12497,14547,11429,1831
19115,Louisa County,Iowa,4739,1441,160,0.3041,0.4387,no,1966,3,no,304,334,469,772,278,429,409,227,76
19117,Lucas County,Iowa,4074,1526,168,0.3746,0.4789,no,1962,5,no,161,264,381,730,248,241,275,230,18
19119,Lyon County,Iowa,4870,1273,148,0.2614,0.4335,no,1967,3,no,292,546,464,612,305,515,299,510,54
19121,Madison County,Iowa,7100,1849,242,0.2604,0.3385,no,1977,3,no,196,358,332,1138,562,658,1169,768,70
19123,Mahaska County,Iowa,9728,3353,297,0.3447,0.4742,no,1965,6,no,362,898,492,1450,1021,753,801,575,23
19125,Marion County,Iowa,14386,2917,263,0.2028,0.3029,no,1975,2,no,637,803,1384,3035,1055,1808,1634,992,121
19127,Marshall County,Iowa,16937,5325,386,0.3144,0.5343,no,1958,2,no,1058,2666,1715,2380,867,1102,1062,562,200
19129,Mills County,Iowa,6134,1823,192,0.2972,0.3746,no,1972,3,no,217,258,551,905,272,885,736,398,89
19131,Mitchell County,Iowa,4950,1892,187,0.3822,0.5244,no,1957,4,no,242,462,436,670,295,386,314,213,40
19133,Monona County,Iowa,4372,1635,158,0.3740,0.5416,no,1956,4,no,297,436,348,518,334,324,295,165,20
19135,Monroe County,Iowa,3656,1201,163,0.3285,0.4144,no,1970,5,no,123,191,304,532,432,401,277,159,36
19137,Montgomery County,Iowa,5005,1833,208,0.3662,0.5071,no,1959,4,no,244,461,538,724,361,247,396,132,69
19139,Muscatine County,Iowa,18454,4953,487,0.2684,0.3951,no,1970,2,no,1009,1330,1887,2778,1765,2111,1924,552,145
19141,O'Brien County,Iowa,6564,1818,206,0.2770,0.5187,no,1959,3,no,467,1120,652,803,485,472,449,248,50
19143,Osceola County,Iowa,2868,1049,152,0.3658,0.5896,no,1955,3,no,158,484,297,358,131,120,101,158,12
19145,Page County,Iowa,7004,2882,250,0.4115,0.5577,no,1954,4,no,346,678,510,1298,429,274,285,255,47
19147,Palo Alto County,Iowa,4535,1507,145,0.3323,0.5314,no,1958,3,no,247,656,329,718,366,287,251,143,31
19149,Plymouth County,Iowa,10891,2665,248,0.2447,0.3936,no,1971,2,no,445,1177,943,1604,942,1332,937,715,131
19151,Pocahontas County,Iowa,3651,1519,152,0.4161,0.6231,no,1950,4,no,297,459,380,495,181,117,116,84,3
19153,Polk County,Iowa,218486,30926,1060,0.1415,0.2820,no,1982,1,no,9343,21337,17118,27348,18500,27340,29643,30396,6535
19155,Pottawattamie County,Iowa,40083,10345,478,0.2581,0.4268,no,1967,2,no,1632,5130,4040,5263,2675,3679,4780,2243,296
19157,Poweshiek County,Iowa,8975,2637,338,0.2938,0.3986,no,1971,3,no,282,658,811,1403,781,764,980,593,66
19159,Ringgold County,Iowa,2678,897,102,0.3350,0.4212,no,1973,4,no,103,128,117,314,300,325,256,229,9
19161,Sac County,Iowa,5118,1804,150,0.3525,0.5361,no,1957,3,no,329,611,564,833,311,208,249,192,17
19163,Scott County,Iowa,78537,14039,699,0.1788,0.3238,no,1972,2,no,3932,7459,10777,12896,6147,6923,8819,6341,1204
19165,Shelby County,Iowa,5441,2550,203,0.4687,0.5889,no,1949,8,no,189,465,448,650,315,300,302,183,39
19167,Sioux County,Iowa,13285,2807,306,0.2113,0.3249,no,1973,1,no,513,996,1571,2415,748,1306,1421,1304,204
19169,Story County,Iowa,41887,5907,520,0.1410,0.2327,no,1984,2,no,1017,2822,4056,5784,3156,5634,6480,6202,829
19171,Tama County,Iowa,7595,2895,202,0.3812,0.5276,no,1957,3,no,286,826,850,876,435,511,676,204,36
19173,Taylor County,Iowa,2889,1300,123,0.4500,0.5663,no,1951,5,no,131,205,261,431,136,150,150,112,13
19175,Union County,Iowa,5785,2055,237,0.3552,0.4837,no,1962,4,no,265,478,476,938,472,342,462,266,31
19177,Van Buren County,Iowa,3490,1171,139,0.3355,0.4149,no,1970,4,no,95,182,274,615,279,329,346,143,56
19179,Wapello County,Iowa,15730,4393,340,0.2793,0.5230,no,1958,2,no,1626,2208,1765,1997,1156,1133,1104,278,70
19181,Warren County,Iowa,21921,2400,235,0.1095,0.1930,no,1985,2,no,510,1320,2112,3672,1952,2101,3679,3470,705
19183,Washington County,Iowa,9657,3390,293,0.3510,0.4635,no,1964,4,no,358,728,803,1092,569,933,1232,455,97
19185,Wayne County,Iowa,3019,1011,108,0.3349,0.4425,no,1969,5,no,174,151,196,535,195,257,213,271,16
19187,Webster County,Iowa,17082,5625,374,0.3293,0.5447,no,1957,2,no,1141,2539,1853,2148,945,918,1017,768,128
19189,Winnebago County,Iowa,5077,1486,184,0.2927,0.4784,no,1962,4,no,335,608,575,1235,224,283,245,86,0
19191,Winneshiek County,Iowa,9029,3401,250,0.3767,0.4863,no,1962,4,no,399,591,586,1080,576,768,1143,429,56
19193,Woodbury County,Iowa,43388,13326,608,0.3071,0.5116,no,1959,2,no,3365,5505,4549,5454,2534,3383,2559,2196,517
19195,Worth County,Iowa,3474,1499,150,0.4315,0.6062,no,1948,5,no,283,324,274,450,159,155,90,189,51
19197,Wright County,Iowa,6278,1911,198,0.3044,0.5022,no,1960,3,no,329,913,616,1222,423,244,433,187,0
20001,Allen County,Kansas,6077,1989,213,0.3273,0.4604,no,1965,4,no,221,588,491,1100,658,443,403,171,13
20003,Anderson County,Kansas,3586,1158,181,0.3229,0.4732,no,1964,9,no,121,418,234,424,418,439,178,183,13
20005,Atchison County,Kansas,6817,2091,235,0.3067,0.4226,no,1968,4,no,245,545,647,1370,726,525,437,197,34
20007,Barber County,Kansas,2480,731,132,0.2948,0.5738,no,1956,3,no,207,485,257,154,328,81,89,141,7
20009,Barton County,Kansas,12383,2647,310,0.2138,0.5107,no,1959,3,no,1053,2624,960,2186,872,830,462,670,79
20011,Bourbon County,Kansas,6756,2358,239,0.3490,0.5243,no,1957,5,no,535,649,504,875,434,570,569,238,24
20013,Brown County,Kansas,4478,1452,148,0.3243,0.4625,no,1964,4,no,219,400,451,791,403,204,386,147,25
20015,Butler County,Kansas,27485,3535,319,0.1286,0.2705,no,1984,2,no,891,3008,1811,3126,3225,5084,4234,2016,555
20017,Chase County,Kansas,1388,368,68,0.2651,0.5331,no,1958,4,no,138,234,119,165,141,80,54,79,10
20019,Chautauqua County,Kansas,1975,655,93,0.3316,0.4947,no,1961,6,no,169,153,201,221,165,157,147,73,34
20021,Cherokee County,Kansas,9129,2801,274,0.3068,0.4487,no,1966,3,no,479,816,808,1206,839,973,730,404,73
20023,Cheyenne County,Kansas,1455,529,77,0.3636,0.5973,no,1951,5,no,178,162,134,245,94,49,37,18,9
20025,Clark County,Kansas,1039,445,54,0.4283,0.6747,no,1946,5,no,116,140,90,65,86,36,38,23,0
20027,Clay County,Kansas,3944,1193,190,0.3025,0.4774,no,1962,5,no,307,383,426,649,207,324,256,174,25
20029,Cloud County,Kansas,4467,1782,170,0.3989,0.5818,no,1953,3,no,261,556,587,501,308,151,190,117,14
20031,Coffey County,Kansas,3998,1239,156,0.3099,0.4122,no,1970,4,no,124,285,362,485,283,508,405,259,48
20033,Comanche County,Kansas,1016,469,79,0.4616,0.6427,no,1947,10,no,60,124,90,108,68,42,39,16,0
20035,Cowley County,Kansas,15682,4330,407,0.2761,0.4935,no,1961,3,no,841,2568,1289,1922,1684,1447,991,434,176
20037,Crawford County,Kansas,18126,4110,367,0.2267,0.3710,no,1972,2,no,1124,1491,1918,2581,1370,2252,1896,1253,131
20039,Decatur County,Kansas,1634,547,107,0.3348,0.5912,no,1953,5,no,192,227,193,244,92,36,83,20,0
20041,Dickinson County,Kansas,8789,3117,270,0.3546,0.5607,no,1956,3,no,577,1234,730,1131,379,582,655,324,60
20043,Doniphan County,Kansas,3373,1115,123,0.3306,0.4157,no,1970,4,no,138,149,259,519,283,410,319,144,37
20045,Douglas County,Kansas,53675,5778,666,0.1076,0.1847,no,1988,2,no,1021,3116,5279,6435,6711,8687,8665,6624,1359
20047,Edwards County,Kansas,1549,654,78,0.4222,0.6888,no,1948,5,no,157,256,172,86,96,44,37,47,0
20049,Elk County,Kansas,1491,572,82,0.3836,0.5493,no,1956,5,no,72,175,122,163,111,86,79,90,21
20051,Ellis County,Kansas,13287,1697,270,0.1277,0.3120,no,1973,2,no,689,1760,1833,2516,1310,1315,1309,701,157
20053,Ellsworth County,Kansas,3127,1028,99,0.3287,0.5123,no,1958,5,no,318,256,281,482,218,237,157,150,0
20055,Finney County,Kansas,14355,1339,234,0.0933,0.2106,no,1978,2,no,681,1003,1468,3262,2596,1772,1201,795,238
20057,Ford County,Kansas,12743,2297,376,0.1803,0.3512,no,1972,2,no,634,1544,1414,2300,1639,1086,980,747,102
20059,Franklin County,Kansas,11310,2498,300,0.2209,0.3333,no,1975,3,no,350,922,1197,1363,1101,1694,1462,594,129
20061,Geary County,Kansas,15939,1919,336,0.1204,0.2248,no,1987,3,no,415,1249,1367,1714,1770,1217,3239,2978,71
20063,Gove County,Kansas,1331,419,79,0.3148,0.5357,no,1958,4,no,95,199,137,178,144,97,45,17,0
20065,Graham County,Kansas,1415,343,69,0.2424,0.5576,no,1957,3,no,147,299,125,213,190,51,24,23,0
20067,Grant County,Kansas,2933,186,88,0.0634,0.3655,no,1974,5,no,283,603,210,439,395,426,175,216,0
20069,Gray County,Kansas,2354,408,90,0.1733,0.3042,no,1976,2,no,135,173,187,459,324,284,191,193,0
20071,Greeley County,Kansas,659,112,34,0.1700,0.3900,no,1966,3,no,46,99,119,98,66,62,17,40,0
20073,Greenwood County,Kansas,3666,1268,161,0.3459,0.5426,no,1956,4,no,295,426,358,355,292,198,265,167,42
20075,Hamilton County,Kansas,1014,178,62,0.1755,0.3363,no,1970,4,no,79,84,164,264,125,72,6,30,12
20077,Harper County,Kansas,3020,842,121,0.2788,0.5818,no,1956,2,no,274,641,296,331,295,143,43,155,0
20079,Harvey County,Kansas,14656,3059,378,0.2087,0.3786,no,1970,3,no,647,1843,1753,1715,1453,1614,1784,682,106
20081,Haskell County,Kansas,1546,145,42,0.0938,0.2626,no,1973,2,no,128,133,260,371,163,79,126,135,6
20083,Hodgeman County,Kansas,823,223,59,0.2710,0.5383,no,1957,5,no,116,104,80,67,63,74,75,21,0
20085,Jackson County,Kansas,5638,1415,182,0.2510,0.3230,no,1976,2,no,172,234,508,806,815,634,830,193,31
20087,Jefferson County,Kansas,8038,1353,204,0.1683,0.2577,no,1979,2,no,173,545,705,1438,983,1245,1029,536,31
20089,Jewell County,Kansas,1761,829,99,0.4708,0.5934,no,1945,9,no,96,120,126,177,127,136,47,95,8
20091,Johnson County,Kansas,259655,6759,702,0.0260,0.1378,no,1989,1,no,6541,22468,23705,34318,41108,43555,43758,30680,6763
20093,Kearny County,Kansas,1578,224,110,0.1420,0.3194,no,1972,6,no,117,163,243,213,133,230,146,109,0
20095,Kingman County,Kansas,3685,1227,177,0.3330,0.5465,no,1956,4,no,298,489,345,480,270,246,223,48,59
20097,Kiowa County,Kansas,1153,273,50,0.2368,0.3677,no,1973,4,no,42,109,111,138,66,29,268,116,1
20099,Labette County,Kansas,9510,2769,262,0.2912,0.5282,no,1958,2,no,695,1559,602,1604,810,535,461,394,81
20101,Lane County,Kansas,878,158,51,0.1800,0.5478,no,1958,3,no,71,252,81,64,145,31,38,35,3
20103,Leavenworth County,Kansas,31865,5605,502,0.1759,0.2704,no,1982,2,no,793,2219,2443,3949,3775,4199,5871,2590,421
20105,Lincoln County,Kansas,1668,934,91,0.5600,0.6906,no,,,yes,87,131,136,140,109,46,48,25,12
20107,Linn County,Kansas,5222,1005,186,0.1925,0.2480,no,1983,4,no,79,211,211,905,574,858,854,477,48
20109,Logan County,Kansas,1369,296,73,0.2162,0.5340,no,1959,3,no,105,330,219,195,29,135,18,42,0
20111,Lyon County,Kansas,15027,4266,415,0.2839,0.3665,no,1970,2,no,367,875,1870,2970,1740,968,1085,807,79
20113,McPherson County,Kansas,13176,3221,310,0.2445,0.3621,no,1974,2,no,691,859,955,2174,1406,1556,1266,932,116
20115,Marion County,Kansas,5693,1893,177,0.3325,0.5459,no,1957,3,no,460,755,379,729,383,458,420,206,10
20117,Marshall County,Kansas,4751,1650,206,0.3473,0.5081,no,1959,4,no,288,476,542,544,473,196,313,258,11
20119,Meade County,Kansas,1898,579,106,0.3051,0.5163,no,1959,4,no,172,229,308,294,141,97,62,16,0
20121,Miami County,Kansas,14262,2395,304,0.1679,0.2533,no,1987,4,no,564,653,976,1584,1380,2342,2956,1058,354
20123,Mitchell County,Kansas,3116,1046,146,0.3357,0.5164,no,1958,5,no,289,274,438,358,250,148,216,97,0
20125,Montgomery County,Kansas,15538,5334,420,0.3433,0.5297,no,1958,3,no,1040,1857,1416,2109,1615,735,880,449,103
20127,Morris County,Kansas,2995,1065,139,0.3556,0.4962,no,1960,6,no,149,272,256,243,340,153,239,166,112
20129,Morton County,Kansas,1310,214,68,0.1634,0.3786,no,1966,4,no,91,191,247,314,155,26,68,4,0
20131,Nemaha County,Kansas,4512,1215,158,0.2693,0.3690,no,1974,3,no,178,272,340,665,471,466,392,472,41
20133,Neosho County,Kansas,7219,1993,240,0.2761,0.4767,no,1963,4,no,459,989,646,942,629,649,619,291,2
20135,Ness County,Kansas,1440,382,63,0.2653,0.5132,no,1959,3,no,105,252,132,323,102,49,68,23,4
20137,Norton County,Kansas,2450,878,175,0.3584,0.5233,no,1957,10,no,227,177,289,365,145,148,149,42,30
20139,Osage County,Kansas,7337,1971,181,0.2686,0.3481,no,1974,2,no,211,372,606,1285,879,1016,722,242,33
20141,Osborne County,Kansas,2031,794,81,0.3909,0.6155,no,1952,3,no,153,303,230,278,109,80,63,21,0
20143,Ottawa County,Kansas,2693,824,109,0.3060,0.4092,no,1969,4,no,107,171,263,317,184,275,296,227,29
20145,Pawnee County,Kansas,3057,1072,160,0.3507,0.5800,no,1956,3,no,157,544,267,316,234,137,224,104,2
20147,Phillips County,Kansas,2790,822,107,0.2946,0.4853,no,1961,3,no,164,368,528,429,187,167,68,57,0
20149,Pottawatomie County,Kansas,10214,1812,236,0.1774,0.2711,no,1987,3,no,384,573,381,1266,985,1246,1477,1799,291
20151,Pratt County,Kansas,4364,1363,169,0.3123,0.5470,no,1956,4,no,497,527,446,402,350,464,163,125,27
20153,Rawlins County,Kansas,1370,494,69,0.3606,0.5453,no,1956,6,no,111,142,118,128,221,103,9,38,6
20155,Reno County,Kansas,28274,7165,442,0.2534,0.4744,no,1962,2,no,1912,4335,3462,4195,2244,1982,2054,786,139
20157,Republic County,Kansas,2661,1232,110,0.4630,0.6543,no,1945,5,no,216,293,285,270,124,124,45,21,51
20159,Rice County,Kansas,4384,1508,194,0.3440,0.6017,no,1953,3,no,468,662,307,653,247,147,171,175,46
20161,Riley County,Kansas,30755,2618,355,0.0851,0.2081,no,1984,2,no,1026,2756,2595,5085,3475,3563,4540,4891,206
20163,Rooks County,Kansas,2635,783,101,0.2972,0.6380,no,1953,2,no,383,515,254,364,103,46,74,102,11
20165,Rush County,Kansas,1679,720,86,0.4288,0.6569,no,1948,4,no,150,233,142,221,65,50,75,22,1
20167,Russell County,Kansas,3674,952,197,0.2591,0.5642,no,1957,3,no,389,732,246,481,284,163,126,294,7
20169,Saline County,Kansas,24157,4303,529,0.1781,0.4367,no,1966,2,no,1822,4424,2697,3697,2300,2281,1631,919,83
20171,Scott County,Kansas,2334,341,153,0.1461,0.5278,no,1959,3,no,284,607,358,354,78,100,121,74,17
20173,Sedgwick County,Kansas,227638,20023,1165,0.0880,0.3192,no,1978,1,no,15773,36874,18362,29468,29221,27378,26974,19618,3947
20175,Seward County,Kansas,8308,931,261,0.1121,0.2697,no,1973,3,no,232,1078,1489,1258,1145,825,531,788,31
20177,Shawnee County,Kansas,81075,10904,706,0.1345,0.3234,no,1972,1,no,4228,11090,11427,13108,9442,8556,7670,3985,665
20179,Sheridan County,Kansas,1155,273,51,0.2364,0.4017,no,1969,4,no,84,107,129,257,114,74,39,71,7
20181,Sherman County,Kansas,2936,788,183,0.2684,0.4353,no,1967,6,no,164,326,265,707,394,108,101,79,4
20183,Smith County,Kansas,2024,830,83,0.4101,0.5637,no,1954,4,no,88,223,202,361,78,124,70,34,14
20185,Stafford County,Kansas,2093,846,85,0.4042,0.6125,no,1951,4,no,184,252,267,185,130,86,84,59,0
20187,Stanton County,Kansas,1029,207,88,0.2012,0.3693,no,1968,6,no,61,112,173,57,263,7,87,62,0
20189,Stevens County,Kansas,2265,192,84,0.0848,0.3015,no,1974,5,no,175,316,328,334,475,264,107,72,2
20191,Sumner County,Kansas,10414,2851,256,0.2738,0.4844,no,1962,4,no,600,1594,704,1315,1071,1003,907,332,37
20193,Thomas County,Kansas,3575,652,150,0.1824,0.4117,no,1967,5,no,481,339,480,828,266,349,95,85,0
20195,Trego County,Kansas,1709,459,100,0.2686,0.4558,no,1963,4,no,88,232,234,274,90,204,47,73,8
20197,Wabaunsee County,Kansas,3136,1145,135,0.3651,0.4668,no,1964,6,no,76,243,241,297,243,297,420,156,18
20199,Wallace County,Kansas,717,195,49,0.2720,0.4826,no,1961,6,no,59,92,91,149,40,60,4,26,1
20201,Washington County,Kansas,2714,1085,85,0.3998,0.5969,no,1953,2,no,165,370,245,299,184,131,120,108,7
20203,Wichita County,Kansas,920,165,62,0.1793,0.4163,no,1966,6,no,72,146,139,275,25,32,28,25,13
20205,Wilson County,Kansas,4493,1284,162,0.2858,0.4694,no,1965,6,no,436,389,289,600,543,388,297,258,9
20207,Woodson County,Kansas,1845,628,84,0.3404,0.4824,no,1962,5,no,88,174,198,288,254,15,74,126,0
20209,Wyandotte County,Kansas,68803,13847,802,0.2013,0.4678,no,1962,1,no,5717,12621,10033,8639,5081,3326,5034,3861,644
21001,Adair County,Kentucky,8648,604,171,0.0698,0.1600,no,1984,3,no,227,553,1180,1348,1055,1296,1502,678,205
21003,Allen County,Kentucky,9275,673,192,0.0726,0.1580,no,1992,3,no,180,612,768,1136,1002,1616,1739,1310,239
21005,Anderson County,Kentucky,10326,684,170,0.0662,0.1277,no,1989,2,no,187,448,736,1295,2097,2618,1513,641,107
21007,Ballard County,Kentucky,3702,310,93,0.0837,0.2250,no,1982,5,no,155,368,387,571,338,655,489,384,45
21009,Barren County,Kentucky,20283,1254,233,0.0618,0.1800,no,1985,2,no,849,1547,1998,3282,2330,3127,3402,2148,346
21011,Bath County,Kentucky,5499,525,146,0.0955,0.2286,no,1984,3,no,247,485,324,853,782,888,686,575,134
21013,Bell County,Kentucky,11631,837,198,0.0720,0.2220,no,1979,2,no,791,954,1182,2266,1930,1528,1437,613,93
21015,Boone County,Kentucky,53195,962,223,0.0181,0.0864,no,1996,1,no,914,2719,2620,6335,6878,10582,14226,6529,1430
21017,Bourbon County,Kentucky,9181,1570,261,0.1710,0.2921,no,1979,3,no,361,751,710,1328,1679,1268,903,492,119
21019,Boyd County,Kentucky,21742,2283,299,0.1050,0.2949,no,1972,2,no,1413,2716,3329,4823,2151,2350,1750,870,57
21021,Boyle County,Kentucky,13010,1601,253,0.1231,0.2390,no,1978,2,no,518,990,1409,2639,1666,1769,1511,800,107
21023,Bracken County,Kentucky,3860,694,146,0.1798,0.2808,no,1986,5,no,185,205,200,394,451,734,657,302,38
21025,Breathitt County,Kentucky,6575,310,98,0.0471,0.1057,no,1989,2,no,143,242,497,988,1259,1074,1137,831,94
21027,Breckinridge County,Kentucky,10799,469,138,0.0434,0.1094,no,1990,3,no,257,455,864,2001,1399,2257,1805,1026,266
21029,Bullitt County,Kentucky,33608,762,233,0.0227,0.0639,no,1993,1,no,268,1119,2739,5960,3971,7168,7077,3727,817
21031,Butler County,Kentucky,5455,385,154,0.0706,0.1571,no,1988,3,no,167,305,495,842,671,1058,624,879,29
21033,Caldwell County,Kentucky,6064,565,159,0.0932,0.2698,no,1975,3,no,355,716,693,1292,293,762,787,414,187
21035,Calloway County,Kentucky,18106,863,222,0.0477,0.1752,no,1983,3,no,742,1567,2083,3073,2106,3018,2036,2219,399
21037,Campbell County,Kentucky,42065,11095,648,0.2638,0.4090,no,1972,2,no,2264,3844,3216,3623,3945,5668,3987,3741,682
21039,Carlisle County,Kentucky,2307,239,79,0.1036,0.2358,no,1979,4,no,126,179,363,265,336,283,335,178,3
21041,Carroll County,Kentucky,4693,644,177,0.1372,0.2291,no,1983,3,no,210,221,395,645,850,810,536,332,50
21043,Carter County,Kentucky,12316,506,162,0.0411,0.1522,no,1984,3,no,454,915,1261,2221,1788,2308,1848,851,164
21045,Casey County,Kentucky,7420,410,134,0.0553,0.1511,no,1985,2,no,328,383,776,1113,1372,1204,1101,651,82
21047,Christian County,Kentucky,29362,1657,292,0.0564,0.1886,no,1983,3,no,999,2881,3220,4702,3519,4699,4497,2820,368
21049,Clark County,Kentucky,16418,1596,299,0.0972,0.2375,no,1979,2,no,803,1500,1891,2788,1675,2792,2095,1033,245
21051,Clay County,Kentucky,8664,299,121,0.0345,0.1039,no,1989,3,no,216,385,702,1367,1574,1490,1382,1209,40
21053,Clinton County,Kentucky,4850,263,108,0.0542,0.2210,no,1983,4,no,170,639,385,756,664,598,889,382,104
21055,Crittenden County,Kentucky,4346,401,152,0.0923,0.2697,no,1975,3,no,389,382,573,866,509,557,310,329,30
21057,Cumberland County,Kentucky,3404,168,78,0.0494,0.1572,no,1986,5,no,122,245,310,591,465,588,561,334,20
21059,Daviess County,Kentucky,44431,2824,377,0.0636,0.2516,no,1977,1,no,2334,6022,5695,7493,4083,5921,5105,4079,875
21061,Edmonson County,Kentucky,6449,171,60,0.0265,0.1022,no,1990,3,no,167,321,528,967,1053,1152,976,786,328
21063,Elliott County,Kentucky,3052,250,98,0.0819,0.1612,no,1987,4,no,89,153,239,410,517,536,580,248,30
21065,Estill County,Kentucky,6864,890,170,0.1297,0.2366,no,1981,2,no,370,364,651,1006,1481,745,833,418,106
21067,Fayette County,Kentucky,148959,10097,641,0.0678,0.1765,no,1984,1,no,3809,12382,19414,21222,19036,22552,23089,14821,2537
21069,Fleming County,Kentucky,6793,1008,213,0.1484,0.2286,no,1986,4,no,224,321,592,910,605,1179,1108,731,115
21071,Floyd County,Kentucky,17505,1281,321,0.0732,0.2014,no,1982,2,no,944,1301,1031,3529,3124,2866,2047,1062,320
21073,Franklin County,Kentucky,24163,2387,389,0.0988,0.2402,no,1977,2,no,1096,2320,2807,4770,2700,3776,3022,913,372
21075,Fulton County,Kentucky,3158,313,102,0.0991,0.2897,no,1972,3,no,345,257,563,615,470,191,199,185,20
21077,Gallatin County,Kentucky,3816,207,73,0.0542,0.1680,no,1993,2,no,125,309,125,336,498,1168,575,370,103
21079,Garrard County,Kentucky,7280,540,140,0.0742,0.1522,no,1988,4,no,203,365,942,1022,731,1517,1113,616,231
21081,Grant County,Kentucky,10245,616,178,0.0601,0.1099,no,1990,2,no,207,303,926,1551,1422,2730,1609,727,154
21083,Graves County,Kentucky,16425,832,218,0.0507,0.2343,no,1977,2,no,948,2069,2201,3262,2007,1830,1850,1196,230
21085,Grayson County,Kentucky,13369,523,159,0.0391,0.1102,no,1988,3,no,201,749,1402,2503,1550,2430,2123,1678,210
21087,Green County,Kentucky,5289,819,200,0.1548,0.2893,no,1976,3,no,170,541,581,837,812,752,439,270,68
21089,Greenup County,Kentucky,16271,1049,229,0.0645,0.2259,no,1975,2,no,726,1901,2761,3263,2098,2178,1269,958,68
21091,Hancock County,Kentucky,3928,355,119,0.0904,0.1780,no,1981,3,no,144,200,481,738,532,600,448,406,24
21093,Hardin County,Kentucky,48108,2312,405,0.0481,0.1464,no,1988,2,no,1631,3098,3732,7802,7132,7340,8749,5554,758
21095,Harlan County,Kentucky,13036,2091,255,0.1604,0.3006,no,1976,2,no,857,971,1063,2447,1895,1827,1201,669,15
21097,Harrison County,Kentucky,8186,1321,270,0.1614,0.2473,no,1982,4,no,266,437,777,1049,1069,1525,1237,361,144
21099,Hart County,Kentucky,8929,807,205,0.0904,0.2336,no,1983,4,no,383,896,713,1312,1029,1288,1372,815,314
21101,Henderson County,Kentucky,20151,1770,250,0.0878,0.2806,no,1976,2,no,1531,2354,2447,3445,2574,2460,2255,1106,209
21103,Henry County,Kentucky,6705,1201,180,0.1791,0.2829,no,1977,2,no,147,549,601,1274,728,938,915,322,30
21105,Hickman County,Kentucky,2156,178,74,0.0826,0.2352,no,1975,7,no,142,187,473,208,240,324,261,122,21
21107,Hopkins County,Kentucky,21001,1887,253,0.0899,0.2794,no,1976,2,no,1127,2853,2103,4050,2608,2809,2056,1235,273
21109,Jackson County,Kentucky,6006,182,122,0.0303,0.0996,yes,1990,3,no,136,280,372,961,1074,1111,1049,669,172
21111,Jefferson County,Kentucky,359710,48722,1279,0.1354,0.3489,no,1972,1,no,22232,54545,45751,51404,29559,36159,38357,27718,5263
21113,Jessamine County,Kentucky,21198,1126,227,0.0531,0.1054,no,1992,2,no,491,617,935,3220,3404,3967,3973,2662,803
21115,Johnson County,Kentucky,10583,858,248,0.0811,0.1930,no,1983,3,no,777,408,635,2071,1599,1830,1384,989,32
21117,Kenton County,Kentucky,73221,14502,711,0.1981,0.3435,no,1974,1,no,3705,6944,6957,10579,6839,9387,8073,4537,1698
21119,Knott County,Kentucky,6680,582,184,0.0871,0.1933,no,1982,3,no,271,438,677,1139,1217,706,997,567,86
21121,Knox County,Kentucky,13866,825,247,0.0595,0.1354,no,1985,2,no,395,657,1113,2391,3025,2434,1955,896,175
21123,Larue County,Kentucky,6573,518,165,0.0788,0.2142,no,1983,3,no,237,653,734,889,805,1156,913,543,125
21125,Laurel County,Kentucky,26818,1059,294,0.0395,0.0970,no,1992,2,no,493,1049,1802,3925,4163,5748,4627,3206,746
21127,Lawrence County,Kentucky,7604,430,146,0.0565,0.1405,no,1989,3,no,197,441,692,933,1264,1617,1416,541,73
21129,Lee County,Kentucky,3229,147,92,0.0455,0.1725,yes,1988,4,no,241,169,195,470,467,728,454,344,14
21131,Leslie County,Kentucky,4925,233,102,0.0473,0.2024,no,1984,5,no,322,442,373,824,726,949,801,220,35
21133,Letcher County,Kentucky,10603,1780,268,0.1679,0.2864,no,1979,3,no,658,599,606,1919,1653,1512,1021,736,119
21135,Lewis County,Kentucky,6066,577,146,0.0951,0.2272,no,1985,4,no,382,419,505,873,573,1334,1015,276,112
21137,Lincoln County,Kentucky,10938,987,242,0.0902,0.1833,no,1986,3,no,455,563,688,1990,1301,2276,1790,779,109
21139,Livingston County,Kentucky,4640,250,75,0.0539,0.2131,no,1978,2,no,170,569,341,1278,568,640,509,292,23
21141,Logan County,Kentucky,12473,1467,299,0.1176,0.2057,no,1978,2,no,276,823,1963,2173,1481,2030,1048,938,274
21143,Lyon County,Kentucky,4847,156,69,0.0322,0.0978,no,1989,3,no,154,164,413,807,798,1049,683,548,75
21145,McCracken County,Kentucky,32280,3325,428,0.1030,0.2610,no,1978,1,no,1534,3565,3048,5820,4001,5230,3208,2307,242
21147,McCreary County,Kentucky,6920,493,189,0.0712,0.1613,no,1987,3,no,321,302,720,988,916,1500,1094,443,143
21149,McLean County,Kentucky,4173,429,121,0.1028,0.2387,no,1976,3,no,188,379,600,786,428,727,535,68,33
21151,Madison County,Kentucky,40456,1418,226,0.0351,0.0982,no,1993,1,no,828,1725,2699,5696,5605,7473,8374,5258,1380
21153,Magoffin County,Kentucky,5489,272,121,0.0496,0.1212,no,1986,3,no,136,257,484,942,1012,1218,753,397,18
21155,Marion County,Kentucky,8477,787,198,0.0928,0.2108,no,1984,3,no,174,826,955,1152,944,1408,1059,868,304
21157,Marshall County,Kentucky,16572,677,225,0.0409,0.1563,no,1983,2,no,169,1744,2086,2781,2472,2966,2098,1349,230
21159,Martin County,Kentucky,4862,119,91,0.0245,0.0985,yes,1984,3,no,18,342,174,1324,1020,663,840,356,6
21161,Mason County,Kentucky,8190,1336,203,0.1631,0.3126,no,1977,3,no,415,809,904,963,958,1202,1081,452,70
21163,Meade County,Kentucky,12237,812,205,0.0664,0.1501,no,1990,2,no,219,806,744,1628,1879,2214,2103,1582,250
21165,Menifee County,Kentucky,3367,78,64,0.0232,0.0686,yes,1989,3,no,46,107,203,607,702,579,541,431,73
21167,Mercer County,Kentucky,10472,1153,259,0.1101,0.2433,no,1978,2,no,404,991,1012,2089,919,1200,1689,781,234
21169,Metcalfe County,Kentucky,4735,201,98,0.0424,0.1559,no,1986,3,no,172,365,287,883,792,828,811,240,156
21171,Monroe County,Kentucky,5279,359,132,0.0680,0.2180,no,1977,2,no,316,476,662,1178,503,792,667,294,32
21173,Montgomery County,Kentucky,12231,1146,292,0.0937,0.1735,no,1987,3,no,339,637,1010,1942,1509,1998,2684,883,83
21175,Morgan County,Kentucky,5685,388,132,0.0682,0.1265,no,1991,3,no,98,233,276,934,846,1161,823,755,171
21177,Muhlenberg County,Kentucky,13557,986,225,0.0727,0.2030,no,1978,2,no,691,1075,1453,3091,1874,1500,1624,911,352
21179,Nelson County,Kentucky,20330,1214,249,0.0597,0.1272,no,1992,2,no,453,918,1105,3118,2591,3650,4222,2342,717
21181,Nicholas County,Kentucky,3333,763,196,0.2289,0.3813,no,1972,4,no,162,346,311,491,384,331,293,191,61
21183,Ohio County,Kentucky,10241,561,158,0.0548,0.1664,no,1984,3,no,520,623,1219,1691,1371,1689,1594,885,88
21185,Oldham County,Kentucky,23837,811,176,0.0340,0.0768,no,1994,2,no,338,682,912,4315,3235,4487,5452,2729,876
21187,Owen County,Kentucky,5388,551,160,0.1023,0.1704,no,1988,3,no,194,173,348,840,750,1200,898,386,48
21189,Owsley County,Kentucky,2052,87,65,0.0424,0.1535,yes,1990,5,no,76,152,97,341,270,393,286,339,11
21191,Pendleton County,Kentucky,6299,1013,234,0.1608,0.3010,no,1979,3,no,210,673,539,768,695,1112,880,308,101
21193,Perry County,Kentucky,13295,927,262,0.0697,0.1477,no,1985,2,no,383,654,1303,2255,2155,2407,1835,1247,129
21195,Pike County,Kentucky,29044,1426,273,0.0491,0.1383,no,1985,1,no,929,1663,2392,5432,5406,5295,3638,2584,279
21197,Powell County,Kentucky,5647,124,80,0.0220,0.0878,yes,1985,3,no,123,249,507,1269,1043,812,982,407,131
21199,Pulaski County,Kentucky,31722,1919,363,0.0605,0.1291,no,1986,2,no,829,1348,2404,7204,3656,5462,5403,3082,415
21201,Robertson County,Kentucky,1003,228,96,0.2273,0.2891,no,1985,7,no,32,30,68,77,122,201,119,68,58
21203,Rockcastle County,Kentucky,7391,423,148,0.0572,0.1656,no,1990,3,no,350,451,544,774,1203,1653,1096,722,175
21205,Rowan County,Kentucky,10623,271,175,0.0255,0.1028,yes,1992,3,no,165,656,773,1277,1788,2454,2043,1029,167
21207,Russell County,Kentucky,10169,322,135,0.0317,0.1026,no,1991,2,no,108,613,645,1776,1456,2189,1700,1087,273
21209,Scott County,Kentucky,23725,1381,229,0.0582,0.0986,no,2000,2,no,360,598,946,1994,2133,4635,6088,4725,865
21211,Shelby County,Kentucky,19531,1740,379,0.0891,0.1629,no,1993,2,no,495,947,1488,2464,1714,3312,4463,2416,492
21213,Simpson County,Kentucky,8627,1022,234,0.1185,0.2510,no,1979,3,no,369,774,1010,1296,807,1177,1191,676,305
21215,Spencer County,Kentucky,7712,552,163,0.0716,0.0975,no,2000,2,no,65,135,302,286,510,2062,2522,1009,269
21217,Taylor County,Kentucky,11210,591,267,0.0527,0.1828,no,1978,2,no,406,1052,1814,2114,1153,1497,1591,897,95
21219,Todd County,Kentucky,5187,361,96,0.0696,0.1756,no,1984,3,no,239,311,636,731,745,804,684,626,50
21221,Trigg County,Kentucky,7652,279,125,0.0365,0.1157,no,1985,3,no,207,399,841,1479,1270,1247,1290,574,66
21223,Trimble County,Kentucky,3880,335,100,0.0863,0.1923,no,1989,4,no,64,347,287,491,451,967,565,359,14
21225,Union County,Kentucky,5846,616,177,0.1054,0.2740,no,1976,2,no,334,652,699,1114,877,849,351,278,76
21227,Warren County,Kentucky,59868,3347,459,0.0559,0.1278,no,1993,2,no,1397,2907,4297,8263,7181,8716,11242,10164,2354
21229,Washington County,Kentucky,5244,837,205,0.1596,0.2738,no,1982,4,no,264,335,634,466,515,744,815,547,87
21231,Wayne County,Kentucky,10134,449,148,0.0443,0.1435,no,1986,2,no,412,593,1061,1486,1817,2055,1412,768,81
21233,Webster County,Kentucky,5723,501,117,0.0875,0.2705,no,1977,3,no,442,605,611,959,608,733,627,501,136
21235,Whitley County,Kentucky,15629,972,268,0.0622,0.1250,no,1987,3,no,290,691,1156,3013,2568,2849,2552,1235,303
21237,Wolfe County,Kentucky,3053,137,100,0.0449,0.1055,yes,1990,3,no,78,107,247,348,589,745,431,247,124
21239,Woodford County,Kentucky,11686,1157,215,0.0990,0.1962,no,1984,2,no,326,810,1097,1403,2469,1909,1478,904,133
22001,Acadia Parish,Louisiana,25107,1625,317,0.0647,0.2318,no,1980,2,no,1083,3112,2583,4192,2884,3290,3356,2748,234
22003,Allen Parish,Louisiana,9587,687,253,0.0717,0.2088,no,1983,3,no,607,708,980,1460,1277,1324,1362,1068,114
22005,Ascension Parish,Louisiana,51940,859,272,0.0165,0.0545,no,2002,1,no,484,1489,2272,4591,5695,7427,13890,12950,2283
22007,Assumption Parish,Louisiana,10066,632,193,0.0628,0.1869,no,1983,3,no,286,963,940,1727,1725,1301,1538,827,127
22009,Avoyelles Parish,Louisiana,18381,1325,252,0.0721,0.2196,no,1980,2,no,814,1898,1608,3482,2584,2506,2298,1611,255
22011,Beauregard Parish,Louisiana,16126,867,191,0.0538,0.1378,no,1992,2,no,492,863,1262,1950,2126,2774,2133,3331,328
22013,Bienville Parish,Louisiana,6886,352,116,0.0511,0.2056,no,1979,2,no,461,603,900,1280,1259,825,479,599,128
22015,Bossier Parish,Louisiana,56743,979,302,0.0173,0.1176,no,1991,2,no,870,4825,6127,7576,7357,6996,11185,9345,1483
22017,Caddo Parish,Louisiana,112612,6091,610,0.0541,0.2380,no,1975,1,no,5520,15192,17844,22109,16381,10262,10872,7803,538
22019,Calcasieu Parish,Louisiana,95523,3992,614,0.0418,0.1668,no,1989,2,no,3033,8904,9269,13926,9863,10754,15019,16777,3986
22021,Caldwell Parish,Louisiana,4667,282,138,0.0604,0.1596,no,1986,2,no,254,209,328,707,941,542,596,774,34
22023,Cameron Parish,Louisiana,3463,8,11,0.0023,0.0407,yes,2005,3,no,5,128,198,134,354,471,921,932,312
22025,Catahoula Parish,Louisiana,4470,155,73,0.0347,0.1796,no,1980,4,no,291,357,591,861,505,612,540,558,0
22027,Claiborne Parish,Louisiana,6810,194,76,0.0285,0.2275,no,1974,2,no,266,1089,1132,1706,913,418,548,441,103
22029,Concordia Parish,Louisiana,9040,377,139,0.0417,0.1968,no,1977,2,no,613,789,1752,1397,1318,1081,851,754,108
22031,De Soto Parish,Louisiana,12697,512,186,0.0403,0.1355,no,1990,3,no,373,836,1015,1975,1698,1901,2228,1817,342
22033,East Baton Rouge Parish,Louisiana,206591,6782,789,0.0328,0.1369,no,1984,1,no,6747,14745,23588,37984,35122,22593,27618,27884,3528
22035,East Carroll Parish,Louisiana,3434,139,74,0.0405,0.1852,yes,1974,2,no,194,303,594,1138,360,167,168,349,22
22037,East Feliciana Parish,Louisiana,8224,591,177,0.0719,0.1599,no,1989,3,no,267,457,511,1139,1220,1355,1722,840,122
22039,Evangeline Parish,Louisiana,14577,806,248,0.0553,0.1683,no,1980,2,no,455,1192,1536,3278,2199,1605,1928,1357,221
22041,Franklin Parish,Louisiana,8926,433,168,0.0485,0.2083,no,1978,3,no,334,1092,1271,1626,1234,1276,754,810,96
22043,Grant Parish,Louisiana,9111,343,100,0.0376,0.1634,no,1988,3,no,587,559,567,1111,1659,1135,1683,1122,345
22045,Iberia Parish,Louisiana,31344,2082,336,0.0664,0.2187,no,1982,1,no,1571,3201,3540,4347,4758,4472,4808,2384,181
22047,Iberville Parish,Louisiana,13544,730,182,0.0539,0.1353,no,1986,2,no,268,835,1667,1870,2501,1784,1894,1669,326
22049,Jackson Parish,Louisiana,7230,293,117,0.0405,0.1963,no,1979,3,no,325,801,1050,1322,1298,670,698,604,169
22051,Jefferson Parish,Louisiana,194418,5647,605,0.0290,0.1784,no,1975,1,no,7267,21774,37228,49046,31226,15534,16693,8602,1401
22053,Jefferson Davis Parish,Louisiana,14229,779,196,0.0547,0.2648,no,1980,3,no,1076,1913,1299,1980,2204,1439,1920,1300,319
22055,Lafayette Parish,Louisiana,112184,1981,368,0.0177,0.1071,no,1988,1,no,2447,7584,9699,18360,19426,11969,16436,21388,2894
22057,Lafourche Parish,Louisiana,41447,2104,390,0.0508,0.1800,no,1982,1,no,1350,4007,4332,7780,5854,4243,5986,5163,628
22059,LaSalle Parish,Louisiana,6202,220,124,0.0355,0.1911,yes,1983,4,no,489,476,477,1238,788,797,589,1027,101
22061,Lincoln Parish,Louisiana,20827,414,166,0.0199,0.1007,no,1984,2,no,388,1296,2508,4283,3826,2883,2442,2499,288
22063,Livingston Parish,Louisiana,59981,1107,437,0.0185,0.0474,no,2002,1,no,442,1294,2469,5747,6573,9709,15596,15084,1960
22065,Madison Parish,Louisiana,4379,244,80,0.0557,0.2884,no,1975,3,no,438,581,560,776,580,399,377,366,58
22067,Morehouse Parish,Louisiana,11898,425,159,0.0357,0.1952,no,1977,2,no,682,1216,1757,2813,1514,1620,1192,544,135
22069,Natchitoches Parish,Louisiana,18746,1383,254,0.0738,0.1452,no,1984,1,no,447,891,1561,3988,2685,2445,3007,2101,238
22071,Orleans Parish,Louisiana,195552,61327,1448,0.3136,0.5029,no,1960,1,no,14351,22671,20043,25704,16384,6240,14963,12563,1306
22073,Ouachita Parish,Louisiana,71172,2501,366,0.0351,0.1555,no,1983,1,no,2132,6437,9427,12212,9714,9505,10324,7749,1171
22075,Plaquemines Parish,Louisiana,9736,37,43,0.0038,0.0507,yes,1997,3,no,102,355,1015,1206,1169,1446,2971,1171,264
22077,Pointe Coupee Parish,Louisiana,11096,590,202,0.0532,0.1729,no,1985,2,no,515,814,801,1746,2147,1496,1578,1275,134
22079,Rapides Parish,Louisiana,58573,2403,368,0.0410,0.2209,no,1980,2,no,4902,5634,7092,9501,7473,6797,7771,6212,788
22081,Red River Parish,Louisiana,3615,63,35,0.0174,0.0971,yes,1981,4,no,99,189,421,980,537,279,399,640,8
22083,Richland Parish,Louisiana,8734,272,103,0.0311,0.1539,no,1979,2,no,306,766,1678,1548,1340,649,1020,986,169
22085,Sabine Parish,Louisiana,13711,426,119,0.0311,0.0926,no,1986,2,no,231,613,1399,2664,2368,2049,1651,2049,261
22087,St. Bernard Parish,Louisiana,18248,439,132,0.0241,0.1610,no,1981,2,no,653,1846,2818,3184,2776,1598,3309,1552,73
22089,St. Charles Parish,Louisiana,20694,881,268,0.0426,0.1156,no,1986,2,no,211,1301,1710,3320,5294,3041,3268,1455,213
22091,St. Helena Parish,Louisiana,5355,150,88,0.0280,0.0665,yes,1987,3,no,59,147,511,1021,1068,768,693,887,51
22093,St. James Parish,Louisiana,8678,384,134,0.0442,0.1813,no,1985,3,no,257,932,876,1353,1000,1128,1451,1144,153
22095,St. John the Baptist Parish,Louisiana,17822,575,177,0.0323,0.1236,no,1984,1,no,435,1193,1285,3891,3905,2276,3569,501,192
22097,St. Landry Parish,Louisiana,37229,1101,278,0.0296,0.1492,no,1980,2,no,1236,3218,5160,7612,6373,3438,4755,3905,431
22099,St. Martin Parish,Louisiana,23828,947,213,0.0397,0.1629,no,1986,2,no,1138,1796,2409,3737,3323,2981,4078,2880,539
22101,St. Mary Parish,Louisiana,22507,1352,283,0.0601,0.2388,no,1976,1,no,1138,2884,3086,4684,3182,2304,2621,1169,87
22103,St. Tammany Parish,Louisiana,113911,1805,310,0.0158,0.0427,no,1995,2,no,1218,1845,5185,14376,20085,22682,26828,16106,3781
22105,Tangipahoa Parish,Louisiana,60006,1320,257,0.0220,0.0831,no,1993,3,no,1000,2668,4543,8391,10109,7853,11238,10748,2136
22107,Tensas Parish,Louisiana,2792,167,59,0.0598,0.2683,no,1972,3,no,223,359,484,674,380,165,242,80,18
22109,Terrebonne Parish,Louisiana,47392,1915,435,0.0404,0.1614,no,1983,2,no,2092,3640,5533,9112,5615,5985,7627,5136,737
22111,Union Parish,Louisiana,10431,227,107,0.0218,0.1107,no,1987,3,no,266,662,1079,1844,1732,1883,1657,848,233
22113,Vermilion Parish,Louisiana,26142,1727,276,0.0661,0.2187,no,1983,2,no,1387,2603,2343,3866,3465,2884,4023,3259,585
22115,Vernon Parish,Louisiana,22156,518,121,0.0234,0.1033,no,1988,2,no,570,1201,1745,3703,4000,3363,3863,2889,304
22117,Washington Parish,Louisiana,21439,1089,274,0.0508,0.1867,no,1982,3,no,761,2152,2220,3810,2873,2942,2819,2418,355
22119,Webster Parish,Louisiana,18377,629,180,0.0342,0.2174,no,1973,2,no,902,2464,4055,3503,2694,1435,1327,1110,258
22121,West Baton Rouge Parish,Louisiana,12057,596,220,0.0494,0.1283,no,1993,4,no,494,457,773,1638,1728,1160,1752,3006,453
22123,West Carroll Parish,Louisiana,4715,122,65,0.0259,0.1510,yes,1978,2,no,212,378,809,995,820,575,381,391,32
22125,West Feliciana Parish,Louisiana,5162,266,96,0.0515,0.1339,no,1991,3,no,139,286,370,734,701,848,996,571,251
22127,Winn Parish,Louisiana,6362,163,72,0.0256,0.2199,no,1978,3,no,513,723,866,1200,1189,712,491,407,98
23001,Androscoggin County,Maine,50471,13073,643,0.2590,0.4073,no,1969,2,no,3069,4415,5321,6455,5255,4523,5022,2602,736
23003,Aroostook County,Maine,38450,7646,470,0.1989,0.3765,no,1972,1,no,2635,4197,3581,6136,4198,4054,3975,1714,314
23005,Cumberland County,Maine,153286,35795,1175,0.2335,0.3534,no,1976,1,no,7739,10632,11554,18388,20276,15494,17885,12367,3156
23007,Franklin County,Maine,21234,4105,335,0.1933,0.2857,no,1978,1,no,749,1212,1415,3877,3288,2551,2695,1243,99
23009,Hancock County,Maine,40765,9010,583,0.2210,0.3054,no,1982,1,no,1351,2087,2232,4672,5922,5096,6379,3537,479
23011,Kennebec County,Maine,63521,14317,891,0.2254,0.3416,no,1975,1,no,2837,4546,5145,9554,8924,6530,7424,3593,651
23013,Knox County,Maine,24564,8078,603,0.3289,0.4058,no,1974,2,no,708,1182,1231,2854,3528,2620,2909,1302,152
23015,Lincoln County,Maine,23922,6245,452,0.2611,0.3268,no,1978,2,no,520,1053,1731,3160,3347,2801,3461,1425,179
23017,Oxford County,Maine,36855,8447,584,0.2292,0.3325,no,1977,2,no,1309,2497,2797,4525,6020,3659,4761,2378,462
23019,Penobscot County,Maine,75683,16582,813,0.2191,0.3322,no,1977,1,no,2781,5777,5597,10002,10393,8255,9390,6148,758
23021,Piscataquis County,Maine,14680,3395,260,0.2313,0.3146,no,1978,2,no,437,786,820,2468,2315,1296,2018,1038,107
23023,Sagadahoc County,Maine,19239,5216,419,0.2711,0.3613,no,1977,3,no,887,849,1180,2274,2618,2198,2297,1503,217
23025,Somerset County,Maine,30137,6435,415,0.2135,0.3242,no,1978,2,no,1293,2041,1950,4055,4987,4000,3287,1840,249
23027,Waldo County,Maine,22252,4806,437,0.2160,0.2859,no,1982,3,no,485,1070,1282,2783,2812,3054,3664,1856,440
23029,Washington County,Maine,21726,5883,295,0.2708,0.3618,no,1975,2,no,967,1011,1246,3209,2872,2539,2461,1196,342
23031,York County,Maine,115091,22926,1211,0.1992,0.3078,no,1980,1,no,5041,7463,7205,14791,18400,11928,15355,9851,2131
24001,Allegany County,Maryland,32720,10517,534,0.3214,0.5090,no,1959,2,no,2444,3694,4891,3713,2714,2160,1608,887,92
24003,Anne Arundel County,Maryland,236262,11827,861,0.0501,0.1904,no,1983,1,no,9197,23957,24653,36609,35830,35645,28222,26459,3863
24005,Baltimore County,Maryland,350821,25881,1270,0.0738,0.3212,no,1973,1,no,22970,63820,47973,47301,46326,45581,30238,18357,2374
24009,Calvert County,Maryland,36119,1173,292,0.0325,0.1140,no,1990,1,no,1169,1776,1791,5647,6697,7927,6296,3091,552
24011,Caroline County,Maryland,13531,2276,325,0.1682,0.2935,no,1981,3,no,561,1134,909,1589,2006,2388,1654,866,148
24013,Carroll County,Maryland,66768,7653,744,0.1146,0.1773,no,1983,2,no,1315,2873,5501,11961,11947,11710,9531,3303,974
24015,Cecil County,Maryland,44355,4278,484,0.0964,0.1950,no,1987,2,no,1244,3128,3703,5409,6523,7539,7939,3965,627
24017,Charles County,Maryland,63813,1670,367,0.0262,0.0911,no,1991,1,no,1696,2445,3979,8288,12708,10950,10992,9251,1834
24019,Dorchester County,Maryland,16433,3036,317,0.1848,0.3732,no,1975,2,no,1292,1805,1102,2076,1763,1625,2884,656,194
24021,Frederick County,Maryland,108924,11792,676,0.1083,0.1693,no,1991,1,no,1985,4661,7039,12124,15423,20656,17396,13422,4426
24023,Garrett County,Maryland,18642,2288,240,0.1227,0.2152,no,1982,2,no,600,1123,1576,3264,2847,2981,2661,1159,143
24025,Harford County,Maryland,105468,4668,554,0.0443,0.1196,no,1986,1,no,2187,5760,12784,16250,18588,18854,16478,8432,1467
24027,Howard County,Maryland,125286,2339,366,0.0187,0.0549,no,1989,1,no,820,3718,8404,21050,28675,23487,17584,17347,1862
24029,Kent County,Maryland,10363,2032,338,0.1961,0.3216,no,1978,4,no,468,833,1019,1048,1474,1283,1592,548,66
24031,Montgomery County,Maryland,406531,17175,882,0.0422,0.2015,no,1980,1,no,19482,45261,57972,60635,78079,42850,43694,35906,5477
24033,Prince George's County,Maryland,365506,16592,1164,0.0454,0.2127,no,1977,1,no,17639,43512,67209,51553,47370,47826,39374,28897,5534
24035,Queen Anne's County,Maryland,22038,1447,258,0.0657,0.1251,no,1990,2,no,357,954,1178,3337,3902,3746,3956,2481,680
24037,St. Mary's County,Maryland,46385,1577,330,0.0340,0.1034,no,1992,2,no,1034,2185,2546,6407,7457,8101,9092,7175,811
24039,Somerset County,Maryland,10928,1669,284,0.1527,0.2448,no,1986,3,no,492,514,657,1260,1558,1630,2124,914,110
24041,Talbot County,Maryland,19720,2753,386,0.1396,0.2622,no,1983,2,no,888,1529,1351,2349,3323,3290,2978,1104,155
24043,Washington County,Maryland,64145,12321,766,0.1921,0.3399,no,1974,2,no,2649,6830,6744,8134,6642,7928,8672,3642,583
24045,Wicomico County,Maryland,44127,4025,455,0.0912,0.2129,no,1984,2,no,1693,3677,3709,6241,6083,6188,7799,4078,634
24047,Worcester County,Maryland,56867,2351,474,0.0413,0.0932,no,1985,1,no,1207,1744,3047,12564,16121,7861,9030,2308,634
24510,Baltimore city,Maryland,295032,122342,2217,0.4147,0.6745,no,1947,2,no,34094,42568,24603,17187,14969,12527,12471,12578,1693
25001,Barnstable County,Massachusetts,166215,18950,1059,0.1140,0.2505,no,1977,1,no,5930,16751,19815,32298,33181,17177,14091,6735,1287
25003,Berkshire County,Massachusetts,70004,24845,855,0.3549,0.5580,no,1956,2,no,4995,9219,6088,7994,7004,3887,3752,1832,388
25005,Bristol County,Massachusetts,245025,77965,1769,0.3182,0.4656,no,1964,2,no,12580,23531,23274,29568,28525,20809,16196,10963,1614
25007,Dukes County,Massachusetts,17822,3416,482,0.1917,0.2719,no,1982,2,no,536,893,1065,2111,4074,2623,1785,1232,87
25009,Essex County,Massachusetts,329776,114098,2139,0.3460,0.4953,no,1960,2,no,15149,34095,34000,30756,37180,22121,22982,17143,2252
25011,Franklin County,Massachusetts,34528,12115,563,0.3509,0.4799,no,1962,2,no,1612,2844,2968,4825,4530,2208,2198,1080,148
25013,Hampden County,Massachusetts,197591,55098,1765,0.2788,0.5235,no,1959,1,no,15081,33267,23433,23855,18564,12803,9256,5531,703
25015,Hampshire County,Massachusetts,66786,18121,900,0.2713,0.4131,no,1969,2,no,2724,6743,6142,9566,8077,6187,4900,3642,684
25017,Middlesex County,Massachusetts,664267,214248,2739,0.3225,0.4779,no,1962,1,no,30408,72777,68647,66174,63123,46729,45343,48725,8093
25019,Nantucket County,Massachusetts,12594,2657,391,0.2110,0.2650,no,1984,2,no,236,444,686,1407,2049,2096,1859,797,363
25021,Norfolk County,Massachusetts,295227,77093,1809,0.2611,0.4531,no,1964,1,no,17668,39008,32562,32421,30359,20576,19139,23132,3269
25023,Plymouth County,Massachusetts,218096,46230,1679,0.2120,0.3728,no,1971,1,no,10829,24247,24218,29635,24875,19132,19648,15770,3512
25025,Suffolk County,Massachusetts,357290,162961,2677,0.4561,0.5770,no,1949,2,no,17676,25525,25062,26271,22259,13996,23561,34718,5261
25027,Worcester County,Massachusetts,355185,97623,1860,0.2749,0.4398,no,1967,1,no,20254,38338,31792,38210,43456,33817,31359,17712,2624
26001,Alcona County,Michigan,10320,775,105,0.0751,0.2556,no,1974,2,no,535,1328,1590,2127,1271,1042,1023,512,117
26003,Alger County,Michigan,6217,989,124,0.1591,0.3227,no,1974,2,no,384,633,732,923,628,829,792,282,25
26005,Allegan County,Michigan,52636,8466,560,0.1608,0.2805,no,1982,2,no,2346,3953,4055,6559,5711,8379,8041,4419,707
26007,Alpena County,Michigan,15707,2444,279,0.1556,0.3856,no,1968,2,no,1222,2391,2263,3011,1403,1344,1142,449,38
26009,Antrim County,Michigan,17723,2083,199,0.1175,0.2392,no,1980,2,no,728,1429,1627,2987,2309,2763,2661,980,156
26011,Arenac County,Michigan,9554,1019,124,0.1067,0.2586,no,1977,2,no,480,972,1036,1895,1400,1385,1040,294,33
26013,Baraga County,Michigan,5051,982,114,0.1944,0.3484,no,1973,1,no,302,476,463,1003,480,673,502,147,23
26015,Barry County,Michigan,27780,4887,444,0.1759,0.3259,no,1976,2,no,1517,2649,2485,3674,2661,4231,3565,1600,511
26017,Bay County,Michigan,48659,11393,638,0.2341,0.4652,no,1963,1,no,3674,7568,5704,7953,3530,3759,3388,1515,175
26019,Benzie County,Michigan,12326,1403,146,0.1138,0.2276,no,1985,2,no,553,849,1185,1471,1383,2697,2034,683,68
26021,Berrien County,Michigan,77276,14244,711,0.1843,0.4091,no,1966,2,no,5380,11991,10914,11090,5589,7729,7232,2462,645
26023,Branch County,Michigan,20971,4764,321,0.2272,0.3920,no,1969,2,no,1403,2054,2515,2738,1911,2458,1767,1204,157
26025,Calhoun County,Michigan,59602,14468,556,0.2427,0.4903,no,1961,1,no,4603,10153,5981,8817,4499,5350,4207,1274,250
26027,Cass County,Michigan,25679,4363,341,0.1699,0.3423,no,1973,1,no,1586,2840,2878,4029,2079,2932,3175,1540,257
26029,Charlevoix County,Michigan,17640,1877,197,0.1064,0.2251,no,1982,1,no,960,1133,1713,2661,2680,3130,2343,940,203
26031,Cheboygan County,Michigan,17788,1877,231,0.1055,0.2313,no,1980,2,no,720,1517,1743,2998,2228,3230,2535,845,95
26033,Chippewa County,Michigan,20348,3081,289,0.1514,0.3402,no,1976,2,no,1468,2374,1700,2670,1778,3328,2891,980,78
26035,Clare County,Michigan,22008,1178,167,0.0535,0.2231,no,1976,1,no,1006,2725,3135,4940,2683,2930,2665,655,91
26037,Clinton County,Michigan,33315,5362,359,0.1609,0.2641,no,1981,2,no,1137,2298,2922,4681,2698,5032,5585,3113,487
26039,Crawford County,Michigan,10330,418,135,0.0405,0.1739,no,1980,2,no,601,777,1315,2143,1605,1864,1261,277,69
26041,Delta County,Michigan,19845,4458,342,0.2246,0.4089,no,1970,2,no,1111,2546,1809,3151,1883,2452,1698,604,133
26043,Dickinson County,Michigan,13951,3388,368,0.2428,0.4068,no,1970,3,no,790,1497,1341,2117,1694,1601,1011,410,102
26045,Eaton County,Michigan,47753,7188,471,0.1505,0.2588,no,1977,1,no,1795,3376,5323,9143,6100,6751,5119,2458,500
26047,Emmet County,Michigan,21979,3286,349,0.1495,0.2334,no,1985,2,no,542,1301,1216,2963,3619,4126,3607,1110,209
26049,Genesee County,Michigan,183903,21354,1018,0.1161,0.3620,no,1969,1,no,11967,33250,28940,30237,13120,19896,17365,6403,1371
26051,Gladwin County,Michigan,17037,1005,183,0.0590,0.2310,no,1980,2,no,908,2023,1654,2812,2572,2790,2488,636,149
26053,Gogebic County,Michigan,10394,3585,279,0.3449,0.5646,no,1955,3,no,1039,1244,932,1374,548,827,642,193,10
26055,Grand Traverse County,Michigan,47003,4641,552,0.0987,0.1891,no,1986,2,no,1004,3242,2170,8457,6430,6712,8485,4905,957
26057,Gratiot County,Michigan,16081,3658,293,0.2275,0.4186,no,1966,2,no,1098,1976,2068,2277,1525,1774,1207,405,93
26059,Hillsdale County,Michigan,21515,5804,299,0.2698,0.4069,no,1971,2,no,1097,1854,1854,2815,2054,3025,2063,725,224
26061,Houghton County,Michigan,18870,7107,330,0.3766,0.5010,no,1960,3,no,1161,1186,1506,2349,1456,1461,1369,1123,152
26063,Huron County,Michigan,20349,3786,230,0.1861,0.4213,no,1967,2,no,1704,3083,2195,3113,2089,2071,1676,535,97
26065,Ingham County,Michigan,126232,20821,1069,0.1649,0.3589,no,1971,2,no,7963,16522,16352,20209,13379,11918,11176,6870,1022
26067,Ionia County,Michigan,24861,6762,480,0.2720,0.4050,no,1972,2,no,1426,1881,1800,3319,2213,2861,2858,1271,470
26069,Iosco County,Michigan,20061,1309,194,0.0653,0.2866,no,1972,2,no,1365,3075,3587,4178,1921,2293,1643,613,77
26071,Iron County,Michigan,9156,2241,199,0.2448,0.4873,no,1962,3,no,991,1230,624,937,989,884,764,470,26
26073,Isabella County,Michigan,28660,3498,329,0.1221,0.2081,no,1983,2,no,742,1723,2687,4720,3301,5272,4778,1647,292
26075,Jackson County,Michigan,69292,15398,760,0.2222,0.4178,no,1967,2,no,4571,8983,7932,10049,5446,7286,7043,2084,500
26077,Kalamazoo County,Michigan,114908,16333,959,0.1421,0.3175,no,1975,1,no,5736,14409,12917,16973,11843,14203,13714,7407,1373
26079,Kalkaska County,Michigan,11690,735,150,0.0629,0.1739,no,1980,2,no,358,940,1617,2293,1745,1789,1645,469,99
26081,Kent County,Michigan,269136,44639,1499,0.1659,0.3259,no,1977,1,no,14814,28253,25528,32128,29140,36865,32190,21735,3844
26083,Keweenaw County,Michigan,2305,783,85,0.3397,0.4946,no,1961,6,no,121,236,149,221,255,202,245,86,7
26085,Lake County,Michigan,13461,1057,112,0.0785,0.2548,no,1976,2,no,768,1605,1604,2632,1593,1996,1423,630,153
26087,Lapeer County,Michigan,37147,5532,425,0.1489,0.2593,no,1978,1,no,1531,2570,3166,7120,4100,6889,4224,1426,589
26089,Leelanau County,Michigan,15759,1537,170,0.0975,0.1588,no,1988,2,no,265,701,1213,2271,2306,2932,2928,1370,236
26091,Lenawee County,Michigan,43761,10569,625,0.2415,0.4284,no,1968,2,no,2646,5532,4049,6033,3666,5378,4697,1009,182
26093,Livingston County,Michigan,80367,5093,542,0.0634,0.1409,no,1991,1,no,2418,3811,5115,13483,8360,18279,15042,7185,1581
26095,Luce County,Michigan,4067,563,109,0.1384,0.2633,no,1976,2,no,179,329,501,736,502,597,462,101,97
26097,Mackinac County,Michigan,10597,1502,157,0.1417,0.3129,no,1976,2,no,721,1093,1004,1581,1271,1637,1373,369,46
26099,Macomb County,Michigan,373413,16019,824,0.0429,0.2471,no,1975,1,no,15249,61021,62210,61954,40746,48915,43538,19763,3998
26101,Manistee County,Michigan,15713,2658,237,0.1692,0.3391,no,1972,2,no,1015,1655,2108,2278,1566,1826,1871,585,151
26103,Marquette County,Michigan,33607,6936,477,0.2064,0.3752,no,1971,1,no,1891,3782,3394,6773,3012,3102,2646,1868,203
26105,Mason County,Michigan,17596,3428,308,0.1948,0.3281,no,1976,2,no,817,1529,1572,2499,2048,2106,2252,1179,166
26107,Mecosta County,Michigan,21139,2703,284,0.1279,0.2423,no,1979,1,no,991,1428,1942,3816,2776,3234,2797,1335,117
26109,Menominee County,Michigan,13262,3030,305,0.2285,0.4096,no,1970,3,no,907,1495,1228,2001,1374,1513,1157,485,72
26111,Midland County,Michigan,37160,3019,321,0.0812,0.2628,no,1975,2,no,2098,4647,5044,6899,4314,5395,2904,2446,394
26113,Missaukee County,Michigan,8680,932,124,0.1074,0.2013,no,1980,2,no,321,494,823,1757,1392,1425,1054,348,134
26115,Monroe County,Michigan,66594,10641,626,0.1598,0.3417,no,1974,1,no,4664,7448,6623,9572,4490,9328,8862,4107,859
26117,Montcalm County,Michigan,28147,4687,410,0.1665,0.2981,no,1977,2,no,1227,2476,2613,4168,2918,4377,3941,1455,285
26119,Montmorency County,Michigan,8925,492,107,0.0551,0.2602,no,1975,2,no,485,1345,1208,1989,1185,1222,753,208,38
26121,Muskegon County,Michigan,75266,11821,606,0.1571,0.4051,no,1969,2,no,7600,11066,7655,10191,5960,9794,7527,3082,570
26123,Newaygo County,Michigan,24931,2657,327,0.1066,0.2802,no,1978,2,no,1722,2606,2563,3717,3116,4315,2848,1109,278
26125,Oakland County,Michigan,561348,41079,1378,0.0732,0.2776,no,1975,2,no,30287,84483,70468,99542,71134,74513,52410,31270,6162
26127,Oceana County,Michigan,15723,2664,210,0.1694,0.2957,no,1978,2,no,843,1143,1460,2270,1880,2137,2254,934,138
26129,Ogemaw County,Michigan,15325,1351,139,0.0882,0.2583,no,1976,1,no,1007,1600,1962,2894,1882,2295,1874,437,23
26131,Ontonagon County,Michigan,5238,1227,117,0.2342,0.4635,no,1963,3,no,601,600,561,708,568,415,424,117,17
26133,Osceola County,Michigan,12638,2123,165,0.1680,0.2727,no,1978,3,no,502,821,1148,2296,1560,2011,1530,547,100
26135,Oscoda County,Michigan,7719,273,78,0.0354,0.2147,no,1974,2,no,521,863,1305,2011,951,867,752,161,15
26137,Otsego County,Michigan,14882,529,160,0.0355,0.1447,no,1982,2,no,474,1150,1551,3206,2238,2486,2227,851,170
26139,Ottawa County,Michigan,117604,10398,734,0.0884,0.1922,no,1988,1,no,4524,7682,9557,15334,14136,20690,17386,14750,3147
26141,Presque Isle County,Michigan,9802,1371,185,0.1399,0.3268,no,1973,1,no,665,1167,1179,1854,890,1241,1013,340,82
26143,Roscommon County,Michigan,23213,639,173,0.0275,0.1800,no,1976,2,no,871,2668,3965,5468,3851,2850,2138,665,98
26145,Saginaw County,Michigan,86208,14359,842,0.1666,0.3794,no,1968,1,no,4918,13428,13161,15331,6927,7273,7411,2860,540
26147,St. Clair County,Michigan,72799,12381,607,0.1701,0.3508,no,1975,1,no,4917,8240,6286,9738,7576,11633,8763,2521,744
26149,St. Joseph County,Michigan,27302,6704,431,0.2455,0.4189,no,1970,2,no,1405,3328,2147,4302,2685,3277,2409,846,199
26151,Sanilac County,Michigan,21756,4560,300,0.2096,0.4017,no,1971,2,no,1591,2589,1974,3065,2290,2545,2003,1003,136
26153,Schoolcraft County,Michigan,5956,943,130,0.1583,0.3353,no,1975,2,no,388,666,591,820,580,955,676,307,30
26155,Shiawassee County,Michigan,30354,6572,503,0.2165,0.4049,no,1969,2,no,2187,3532,3214,5872,2379,3095,2746,669,88
26157,Tuscola County,Michigan,24011,4902,330,0.2042,0.3862,no,1971,1,no,1669,2701,2393,4637,2251,3064,1822,484,88
26159,Van Buren County,Michigan,37405,6610,500,0.1767,0.3272,no,1978,2,no,2024,3605,2758,4914,4644,5823,4588,1948,491
26161,Washtenaw County,Michigan,159782,18454,1020,0.1155,0.2505,no,1978,1,no,6989,14584,19853,24021,16102,24743,21181,10631,3224
26163,Wayne County,Michigan,801083,170163,2733,0.2124,0.5919,no,1956,1,no,113558,190448,89088,80745,41761,46710,45805,19576,3229
26165,Wexford County,Michigan,16585,2740,296,0.1652,0.2753,no,1979,2,no,881,945,1230,2814,1829,2854,2590,624,78
27001,Aitkin County,Minnesota,14253,1445,113,0.1014,0.2200,no,1982,2,no,665,1025,1159,2467,1508,2121,2722,951,190
27003,Anoka County,Minnesota,141863,4241,455,0.0299,0.1343,no,1986,1,no,2819,11994,16839,21927,22797,23556,21307,13035,3348
27005,Becker County,Minnesota,20005,2785,258,0.1392,0.2519,no,1981,2,no,928,1326,1750,3034,1871,2345,3434,2214,318
27007,Beltrami County,Minnesota,21729,2023,285,0.0931,0.1914,no,1987,2,no,846,1289,1556,3402,2569,2956,3851,2839,398
27009,Benton County,Minnesota,17608,2011,273,0.1142,0.1817,no,1986,2,no,451,738,1559,2673,2409,2489,3550,1393,335
27011,Big Stone County,Minnesota,3001,1016,105,0.3386,0.5065,no,1959,3,no,209,295,302,424,152,212,189,158,44
27013,Blue Earth County,Minnesota,29864,5481,395,0.1835,0.3158,no,1978,2,no,1425,2524,2791,3343,2268,3144,4667,3556,665
27015,Brown County,Minnesota,11827,3561,231,0.3011,0.4754,no,1963,3,no,819,1243,1024,1676,910,1111,797,628,58
27017,Carlton County,Minnesota,15896,2982,297,0.1876,0.3458,no,1975,2,no,958,1557,1320,2132,1404,1857,2356,1137,193
27019,Carver County,Minnesota,42270,2456,309,0.0581,0.1075,no,1996,2,no,592,1496,2031,3951,5837,7487,9903,6896,1621
27021,Cass County,Minnesota,24470,1211,103,0.0495,0.1273,no,1990,1,no,714,1190,1783,3974,3251,4306,5200,2376,465
27023,Chippewa County,Minnesota,5661,1748,167,0.3088,0.5400,no,1957,2,no,417,892,388,1134,354,337,208,172,11
27025,Chisago County,Minnesota,22998,2362,222,0.1027,0.1548,no,1992,1,no,264,935,1121,3286,2600,5234,4987,1680,529
27027,Clay County,Minnesota,27559,2783,280,0.1010,0.2367,no,1981,2,no,698,3043,2901,4227,2071,2704,4745,3638,749
27029,Clearwater County,Minnesota,4468,596,63,0.1334,0.2487,no,1980,2,no,260,255,336,794,559,567,695,361,45
27031,Cook County,Minnesota,6079,628,137,0.1033,0.2119,no,1988,3,no,358,302,370,767,769,953,1257,598,77
27033,Cottonwood County,Minnesota,5168,1305,127,0.2525,0.4617,no,1963,3,no,528,553,750,873,390,317,266,139,47
27035,Crow Wing County,Minnesota,42683,3336,367,0.0782,0.1725,no,1988,2,no,1695,2333,3024,6302,6118,7052,8053,4114,656
27037,Dakota County,Minnesota,178879,7237,509,0.0405,0.1103,no,1988,1,no,3200,9300,14834,27578,34042,33994,27801,16651,4242
27039,Dodge County,Minnesota,8484,1814,154,0.2138,0.2923,no,1979,3,no,290,376,554,1305,656,1213,1504,659,113
27041,Douglas County,Minnesota,22332,2709,252,0.1213,0.2140,no,1986,2,no,930,1139,1472,3466,2580,2858,4263,2530,385
27043,Faribault County,Minnesota,6897,2590,159,0.3755,0.6184,no,1952,2,no,589,1086,626,1014,374,268,218,108,24
27045,Fillmore County,Minnesota,9692,3376,156,0.3483,0.4639,no,1966,4,no,443,677,563,1036,556,961,1373,620,87
27047,Freeborn County,Minnesota,14116,3879,271,0.2748,0.5157,no,1959,1,no,899,2501,1757,2109,911,798,895,321,46
27049,Goodhue County,Minnesota,21167,5376,432,0.2540,0.3573,no,1973,3,no,725,1462,2001,2916,2066,2195,2812,1163,451
27051,Grant County,Minnesota,3137,857,78,0.2732,0.4523,no,1966,3,no,251,311,259,399,279,274,338,145,24
27053,Hennepin County,Minnesota,571527,106027,1941,0.1855,0.3563,no,1973,1,no,28089,69528,60728,77332,73010,47658,47104,50711,11340
27055,Houston County,Minnesota,8774,2166,146,0.2469,0.3966,no,1972,2,no,359,955,652,1270,864,1158,790,498,62
27057,Hubbard County,Minnesota,14765,1337,159,0.0906,0.1966,no,1985,2,no,669,897,1218,2337,1709,2378,2511,1464,245
27059,Isanti County,Minnesota,17268,1799,238,0.1042,0.1765,no,1988,3,no,345,903,1106,3120,1604,2665,3472,1752,502
27061,Itasca County,Minnesota,25679,2410,229,0.0939,0.2505,no,1979,1,no,1478,2545,2375,4500,3419,3332,3518,1844,258
27063,Jackson County,Minnesota,4905,1453,149,0.2962,0.5160,no,1959,2,no,412,666,577,792,309,193,244,242,17
27065,Kanabec County,Minnesota,7839,1005,135,0.1282,0.2479,no,1983,2,no,429,509,605,1091,947,1004,1580,541,128
27067,Kandiyohi County,Minnesota,20337,2964,315,0.1457,0.2891,no,1978,2,no,863,2052,1691,3230,2874,2565,2562,1214,322
27069,Kittson County,Minnesota,2228,574,68,0.2576,0.4201,no,1967,4,no,155,207,251,406,248,104,167,107,9
27071,Koochiching County,Minnesota,7426,1055,180,0.1421,0.3228,no,1972,2,no,550,792,1101,1299,709,936,658,278,48
27073,Lac qui Parle County,Minnesota,3469,1462,100,0.4214,0.6013,no,1951,3,no,250,374,217,482,211,190,151,117,15
27075,Lake County,Minnesota,7449,1216,203,0.1632,0.4108,no,1969,3,no,358,1486,766,1083,452,616,1015,431,26
27077,Lake of the Woods County,Minnesota,3497,300,108,0.0858,0.1681,no,1986,5,no,72,216,406,480,452,617,449,445,60
27079,Le Sueur County,Minnesota,13054,2871,231,0.2199,0.3579,no,1974,2,no,591,1210,1042,1847,1176,1279,2076,798,164
27081,Lincoln County,Minnesota,3045,987,84,0.3241,0.5094,no,1959,3,no,230,334,230,507,195,186,237,113,26
27083,Lyon County,Minnesota,11269,2214,209,0.1965,0.3430,no,1972,2,no,568,1083,1488,1785,1157,1260,1183,455,76
27085,McLeod County,Minnesota,15972,2488,267,0.1558,0.2781,no,1979,2,no,712,1242,1456,2399,2218,2417,2050,782,208
27087,Mahnomen County,Minnesota,2547,452,50,0.1775,0.3219,no,1975,2,no,134,234,246,403,309,298,279,165,27
27089,Marshall County,Minnesota,4396,935,77,0.2127,0.3815,no,1971,2,no,323,419,416,826,454,455,366,159,43
27091,Martin County,Minnesota,9729,2823,279,0.2902,0.4994,no,1960,3,no,731,1305,1125,1504,705,656,451,398,31
27093,Meeker County,Minnesota,10735,1773,171,0.1652,0.3259,no,1975,2,no,594,1132,892,1821,1104,1258,1393,561,207
27095,Mille Lacs County,Minnesota,13069,1982,239,0.1517,0.2519,no,1982,3,no,522,788,982,1965,1311,1750,2776,751,242
27097,Morrison County,Minnesota,16256,3197,256,0.1967,0.3327,no,1977,2,no,802,1410,1010,2356,1806,1850,2338,1244,243
27099,Mower County,Minnesota,17014,4166,339,0.2449,0.5531,no,1958,2,no,1598,3646,1536,1602,1128,1016,1487,708,127
27101,Murray County,Minnesota,4401,1135,94,0.2579,0.4683,no,1963,2,no,357,569,435,672,428,306,322,149,28
27103,Nicollet County,Minnesota,13596,2366,255,0.1740,0.2855,no,1979,2,no,509,1007,1202,1967,1441,1445,2058,1417,184
27105,Nobles County,Minnesota,8396,1926,245,0.2294,0.4283,no,1967,3,no,521,1149,845,1559,630,720,516,506,24
27107,Norman County,Minnesota,3223,981,76,0.3044,0.5079,no,1959,3,no,210,446,335,507,270,154,199,112,9
27109,Olmsted County,Minnesota,71151,6134,591,0.0862,0.1904,no,1989,2,no,2035,5381,6456,8902,7676,9789,13779,9462,1537
27111,Otter Tail County,Minnesota,36698,5679,360,0.1547,0.2688,no,1979,1,no,1687,2498,3425,5585,4010,4363,5188,3843,420
27113,Pennington County,Minnesota,6799,1456,181,0.2141,0.3383,no,1974,2,no,348,496,551,1276,596,669,614,750,43
27115,Pine County,Minnesota,17284,2485,198,0.1438,0.2345,no,1984,1,no,681,887,1191,2600,1974,2648,3166,1380,272
27117,Pipestone County,Minnesota,4325,1414,122,0.3269,0.5508,no,1956,3,no,401,567,525,549,260,276,185,136,12
27119,Polk County,Minnesota,14697,3252,258,0.2213,0.3728,no,1971,1,no,681,1546,1616,2565,1492,1151,1376,961,57
27121,Pope County,Minnesota,6424,1528,137,0.2379,0.4036,no,1971,2,no,253,812,533,818,602,548,803,455,72
27123,Ramsey County,Minnesota,233870,60855,1544,0.2602,0.4383,no,1965,2,no,12200,29445,26383,32653,27138,15583,14504,11958,3151
27125,Red Lake County,Minnesota,1878,439,57,0.2338,0.3999,no,1969,3,no,145,167,214,325,113,171,173,105,26
27127,Redwood County,Minnesota,7110,1914,137,0.2692,0.4549,no,1965,3,no,537,783,636,1186,631,630,384,352,57
27129,Renville County,Minnesota,6916,2101,126,0.3038,0.5121,no,1959,2,no,566,875,685,1091,572,430,430,159,7
27131,Rice County,Minnesota,25295,4499,399,0.1779,0.2988,no,1978,1,no,1302,1756,1950,3924,2151,2999,4482,1804,428
27133,Rock County,Minnesota,4256,1397,128,0.3282,0.5021,no,1960,3,no,234,506,448,641,173,329,276,164,88
27135,Roseau County,Minnesota,7224,816,112,0.1130,0.2105,no,1982,2,no,309,396,567,1343,1160,1088,1021,498,26
27137,St. Louis County,Minnesota,104263,29632,900,0.2842,0.4838,no,1962,1,no,6144,14664,8203,14424,7397,7784,9884,5318,813
27139,Scott County,Minnesota,56671,2613,432,0.0461,0.0915,no,1997,1,no,568,2004,2453,5549,7041,12037,15362,7550,1494
27141,Sherburne County,Minnesota,37099,1157,243,0.0312,0.0896,no,1996,1,no,510,1656,1646,4618,4282,7969,10156,3736,1369
27143,Sibley County,Minnesota,6523,1931,147,0.2960,0.4653,no,1964,3,no,540,564,602,827,466,655,614,221,103
27145,Stearns County,Minnesota,66625,7479,540,0.1123,0.2058,no,1985,1,no,2641,3590,6061,9661,8152,9842,11532,6669,998
27147,Steele County,Minnesota,15995,3058,317,0.1912,0.3334,no,1975,2,no,634,1641,1190,2768,1516,1846,2281,930,131
27149,Stevens County,Minnesota,4182,866,116,0.2071,0.3525,no,1971,2,no,223,385,556,693,336,378,323,401,21
27151,Swift County,Minnesota,4706,1360,115,0.2890,0.5210,no,1958,3,no,507,585,258,598,259,557,371,182,29
27153,Todd County,Minnesota,13008,2731,211,0.2099,0.3383,no,1975,1,no,697,973,952,2213,1398,1321,1624,905,194
27155,Traverse County,Minnesota,1896,528,64,0.2785,0.4810,no,1962,5,no,148,236,165,280,110,244,118,60,7
27157,Wabasha County,Minnesota,10291,2213,160,0.2150,0.3212,no,1976,2,no,351,741,883,1493,933,1099,1709,684,185
27159,Wadena County,Minnesota,7021,1357,195,0.1933,0.3309,no,1974,2,no,360,606,780,995,691,732,798,635,67
27161,Waseca County,Minnesota,7922,1873,189,0.2364,0.3998,no,1970,3,no,521,773,726,1688,581,691,749,211,109
27163,Washington County,Minnesota,109307,6685,619,0.0612,0.1267,no,1992,1,no,1520,5648,8153,13661,14323,22688,19366,12565,4698
27165,Watonwan County,Minnesota,4881,1489,152,0.3051,0.4796,no,1962,4,no,356,496,591,598,535,278,429,108,1
27167,Wilkin County,Minnesota,2983,749,112,0.2511,0.4120,no,1969,4,no,161,319,301,447,201,362,262,164,17
27169,Winona County,Minnesota,21855,6598,417,0.3019,0.4181,no,1969,2,no,1023,1517,2010,2790,1827,2511,2203,1215,161
27171,Wright County,Minnesota,57416,4097,357,0.0714,0.1310,no,1995,1,no,1213,2213,2992,7552,6190,9206,15175,6253,2525
27173,Yellow Medicine County,Minnesota,4488,1513,109,0.3371,0.5252,no,1958,3,no,308,536,398,785,206,301,301,132,8
28001,Adams County,Mississippi,14928,1439,241,0.0964,0.2868,no,1972,1,no,913,1929,2392,3642,1582,888,1395,577,171
28003,Alcorn County,Mississippi,16283,573,191,0.0352,0.1430,no,1981,2,no,536,1219,1516,3970,2446,2620,1574,1675,154
28005,Amite County,Mississippi,7346,143,73,0.0195,0.1329,yes,1985,3,no,181,652,734,1336,1228,1108,930,747,287
28007,Attala County,Mississippi,8342,502,125,0.0602,0.2050,no,1981,3,no,393,815,987,1373,1045,1456,1169,539,63
28009,Benton County,Mississippi,4091,165,84,0.0403,0.1181,yes,1985,4,no,123,195,660,665,443,431,724,529,156
28011,Bolivar County,Mississippi,13673,898,249,0.0657,0.2173,no,1977,2,no,687,1386,1935,2786,2031,1758,1194,938,60
28013,Calhoun County,Mississippi,6750,302,96,0.0447,0.1406,no,1980,2,no,404,243,741,1665,1292,951,655,471,26
28015,Carroll County,Mississippi,4964,207,95,0.0417,0.1259,no,1985,3,no,19,399,682,714,919,850,802,323,49
28017,Chickasaw County,Mississippi,7851,455,111,0.0580,0.1737,no,1978,2,no,202,707,994,1896,1011,1063,768,623,132
28019,Choctaw County,Mississippi,4375,274,85,0.0626,0.1742,no,1980,3,no,258,230,652,808,655,667,380,415,36
28021,Claiborne County,Mississippi,3959,136,61,0.0344,0.1175,no,1982,3,no,100,229,472,882,799,602,441,297,1
28023,Clarke County,Mississippi,7645,275,116,0.0360,0.1304,no,1984,2,no,193,529,903,1412,1322,1284,1011,579,137
28025,Clay County,Mississippi,9052,564,193,0.0623,0.1975,no,1983,3,no,356,868,768,1610,1170,1789,801,1045,81
28027,Coahoma County,Mississippi,10189,811,194,0.0796,0.3677,no,1970,3,no,1200,1735,1392,1649,839,1067,972,434,90
28029,Copiah County,Mississippi,12475,889,250,0.0713,0.1747,no,1985,2,no,619,671,985,2096,1913,2133,1538,1446,185
28031,Covington County,Mississippi,8397,334,139,0.0398,0.0961,no,1989,3,no,318,155,566,1499,1472,1685,1236,995,137
28033,DeSoto County,Mississippi,75437,797,269,0.0106,0.0307,no,1999,1,no,411,1108,4405,6852,9662,16678,20210,12465,2849
28035,Forrest County,Mississippi,33753,2033,346,0.0602,0.2061,no,1982,2,no,1970,2952,3836,5234,4052,4540,5086,3617,433
28037,Franklin County,Mississippi,4329,319,125,0.0737,0.2192,no,1981,3,no,235,395,230,910,794,441,390,609,6
28039,George County,Mississippi,10373,250,110,0.0241,0.1138,no,1989,3,no,391,539,824,1787,1569,1499,1568,1508,438
28041,Greene County,Mississippi,5190,195,103,0.0376,0.1204,yes,1987,3,no,48,382,337,1013,941,833,462,944,35
28043,Grenada County,Mississippi,10444,491,170,0.0470,0.1512,no,1983,3,no,199,889,1041,2158,1728,1715,1129,1058,36
28045,Hancock County,Mississippi,23715,894,304,0.0377,0.0662,no,1999,2,no,277,400,2157,2638,2504,3472,7474,3399,500
28047,Harrison County,Mississippi,94898,2316,273,0.0244,0.1047,no,1994,1,no,2135,5483,9987,12354,9808,13844,22987,14331,1653
28049,Hinds County,Mississippi,106340,4099,392,0.0385,0.2482,no,1974,2,no,5521,16772,17037,22050,13525,9332,12408,4893,703
28051,Holmes County,Mississippi,7595,537,137,0.0707,0.1834,no,1982,3,no,174,682,799,1222,1563,1181,954,473,10
28053,Humphreys County,Mississippi,3509,220,99,0.0627,0.2428,no,1977,3,no,263,369,381,741,446,368,496,185,40
28055,Issaquena County,Mississippi,421,5,7,0.0119,0.0760,yes,1983,6,no,2,25,27,131,78,82,44,27,0
28057,Itawamba County,Mississippi,10539,348,202,0.0330,0.1324,yes,1984,3,no,308,739,1274,2022,1500,2024,1255,931,138
28059,Jackson County,Mississippi,63558,1234,364,0.0194,0.1086,no,1984,2,no,1799,3872,8607,13160,6975,8731,12579,5481,1120
28061,Jasper County,Mississippi,8133,313,118,0.0385,0.1226,no,1989,3,no,258,426,399,1271,1525,1437,1145,1173,186
28063,Jefferson County,Mississippi,3390,88,64,0.0260,0.0493,yes,1986,4,no,3,76,257,893,594,672,427,295,85
28065,Jefferson Davis County,Mississippi,5702,168,91,0.0295,0.0914,yes,1986,3,no,140,213,821,1025,807,818,950,699,61
28067,Jones County,Mississippi,28826,1645,362,0.0571,0.1836,no,1981,2,no,1083,2564,3353,5238,4061,3345,3439,3479,619
28069,Kemper County,Mississippi,3948,164,99,0.0415,0.1277,yes,1979,3,no,82,258,533,1004,533,728,315,300,31
28071,Lafayette County,Mississippi,28714,662,191,0.0231,0.0713,no,2000,2,no,410,974,1373,2774,3025,5261,6371,7033,831
28073,Lamar County,Mississippi,27685,324,122,0.0117,0.0461,no,1999,2,no,296,656,1328,3069,3513,5242,6586,6034,637
28075,Lauderdale County,Mississippi,33551,1859,321,0.0554,0.1972,no,1979,1,no,1125,3633,4953,5829,4461,4206,4410,2933,142
28077,Lawrence County,Mississippi,5783,190,96,0.0329,0.1081,yes,1982,2,no,164,271,537,1451,1342,777,744,254,53
28079,Leake County,Mississippi,9078,327,118,0.0360,0.1303,no,1982,2,no,409,447,954,2132,1467,1413,1270,555,104
28081,Lee County,Mississippi,37654,1310,335,0.0348,0.1198,no,1988,2,no,953,2247,3854,6219,5481,6330,5991,4527,742
28083,Leflore County,Mississippi,12619,1117,256,0.0885,0.2816,no,1973,2,no,658,1778,1849,2931,1791,1111,800,429,155
28085,Lincoln County,Mississippi,15966,890,250,0.0557,0.1575,no,1984,3,no,636,988,1384,3265,1968,2688,1879,2093,175
28087,Lowndes County,Mississippi,27168,1354,303,0.0498,0.1515,no,1981,2,no,756,2006,2925,5833,5259,4018,3193,1652,172
28089,Madison County,Mississippi,47440,1071,324,0.0226,0.0619,no,1997,2,no,419,1445,2612,5603,7166,8137,11528,7852,1607
28091,Marion County,Mississippi,11163,619,189,0.0555,0.1616,no,1980,3,no,495,690,1402,2296,1643,1913,1296,656,153
28093,Marshall County,Mississippi,15519,648,198,0.0418,0.0942,no,1992,2,no,284,530,945,2292,2552,2802,3589,1558,319
28095,Monroe County,Mississippi,16843,1142,281,0.0678,0.1890,no,1982,3,no,712,1329,1949,2936,2301,2510,1803,1818,343
28097,Montgomery County,Mississippi,5454,247,114,0.0453,0.2140,no,1983,4,no,427,493,591,729,939,1155,418,340,115
28099,Neshoba County,Mississippi,12116,735,174,0.0607,0.1465,no,1985,2,no,284,756,1506,1901,1737,2315,1825,906,151
28101,Newton County,Mississippi,9160,501,150,0.0547,0.1703,no,1982,3,no,97,962,1151,1643,1176,1198,1334,951,147
28103,Noxubee County,Mississippi,4728,318,136,0.0673,0.1730,no,1980,6,no,99,401,683,883,335,959,676,334,40
28105,Oktibbeha County,Mississippi,25618,903,267,0.0352,0.0937,no,1993,2,no,402,1095,1840,3321,3987,3971,5638,4037,424
28107,Panola County,Mississippi,14717,736,234,0.0500,0.1664,no,1988,3,no,771,942,1653,1844,1743,3624,2090,1147,167
28109,Pearl River County,Mississippi,25442,664,249,0.0261,0.1077,no,1990,2,no,543,1533,2591,3613,3884,4394,5508,2078,634
28111,Perry County,Mississippi,5498,244,103,0.0444,0.0993,no,1993,4,no,72,230,309,866,783,972,1095,808,119
28113,Pike County,Mississippi,19200,1401,360,0.0730,0.1843,no,1984,2,no,797,1340,1762,2885,3390,2371,2357,2786,111
28115,Pontotoc County,Mississippi,14221,814,275,0.0572,0.1514,no,1989,3,no,67,1272,1363,1983,1866,2194,2297,2134,231
28117,Prentiss County,Mississippi,11050,411,136,0.0372,0.1467,no,1981,3,no,400,810,1559,2169,1738,1827,1526,484,126
28119,Quitman County,Mississippi,3026,120,47,0.0397,0.3367,no,1972,3,no,375,524,379,511,383,435,182,105,12
28121,Rankin County,Mississippi,64415,497,161,0.0077,0.0582,no,1995,1,no,910,2344,4424,9082,9090,12208,14912,9582,1366
28123,Scott County,Mississippi,11483,168,84,0.0146,0.0974,no,1989,2,no,377,574,1118,1700,1975,2227,1861,1161,322
28125,Sharkey County,Mississippi,1650,65,37,0.0394,0.1709,yes,1977,2,no,106,111,98,608,246,211,44,129,32
28127,Simpson County,Mississippi,11694,470,169,0.0402,0.1443,no,1986,3,no,413,804,1209,2081,1361,1879,1901,1460,116
28129,Smith County,Mississippi,6714,216,99,0.0322,0.1571,no,1986,4,no,292,547,332,1463,797,985,1179,764,139
28131,Stone County,Mississippi,7670,396,203,0.0516,0.0949,yes,1996,3,no,80,252,512,810,906,1396,1927,1239,152
28133,Sunflower County,Mississippi,9423,669,183,0.0710,0.2170,no,1977,2,no,414,962,1444,1871,2057,890,654,339,123
28135,Tallahatchie County,Mississippi,5505,320,127,0.0581,0.1844,no,1978,2,no,295,400,613,1377,986,615,497,308,94
28137,Tate County,Mississippi,11694,339,153,0.0290,0.1024,no,1992,2,no,238,620,971,1275,1937,2712,2191,1122,289
28139,Tippah County,Mississippi,9959,896,287,0.0900,0.1742,no,1985,4,no,191,648,994,1662,1187,1663,1598,902,218
28141,Tishomingo County,Mississippi,10577,442,141,0.0418,0.1595,no,1981,3,no,375,870,1637,1860,1298,1411,1569,902,213
28143,Tunica County,Mississippi,4812,218,101,0.0453,0.0998,no,1994,3,no,112,150,359,539,474,1272,1176,472,40
28145,Union County,Mississippi,12250,710,232,0.0580,0.1749,no,1985,3,no,556,877,1159,2019,1748,2223,1798,1037,123
28147,Walthall County,Mississippi,6917,278,93,0.0402,0.1352,no,1982,3,no,240,417,1189,1106,1117,1101,842,551,76
28149,Warren County,Mississippi,21566,1777,292,0.0824,0.2233,no,1978,2,no,921,2117,2118,4580,2870,3064,2339,1544,236
28151,Washington County,Mississippi,20867,1001,215,0.0480,0.2310,no,1973,2,no,908,2912,4289,4740,2736,1901,1654,636,90
28153,Wayne County,Mississippi,9143,367,179,0.0401,0.1273,no,1985,3,no,261,536,985,1815,1211,1999,924,968,77
28155,Webster County,Mississippi,5114,323,142,0.0632,0.1465,no,1983,3,no,185,241,635,896,861,927,467,522,57
28157,Wilkinson County,Mississippi,4608,330,144,0.0716,0.1877,no,1980,3,no,144,391,444,967,1026,457,298,478,73
28159,Winston County,Mississippi,8231,467,155,0.0567,0.1544,no,1978,2,no,199,605,985,2214,1032,1065,1144,413,107
28161,Yalobusha County,Mississippi,6504,448,138,0.0689,0.1799,no,1981,3,no,118,604,685,1311,1332,928,634,337,107
28163,Yazoo County,Mississippi,10485,870,212,0.0830,0.2325,no,1982,4,no,327,1241,1028,1531,1259,1554,1181,1395,99
29001,Adair County,Missouri,11389,1847,258,0.1622,0.3064,no,1973,2,no,537,1106,1521,2176,1085,1218,935,775,189
29003,Andrew County,Missouri,7558,1053,162,0.1393,0.2465,no,1980,3,no,270,540,673,1285,1004,1248,817,558,110
29005,Atchison County,Missouri,2726,914,102,0.3353,0.5389,no,1957,3,no,155,400,419,333,151,149,155,35,15
29007,Audrain County,Missouri,10561,1929,246,0.1827,0.3650,no,1970,2,no,632,1294,1379,1674,876,1260,716,657,144
29009,Barry County,Missouri,17063,1738,318,0.1019,0.1912,no,1986,2,no,716,809,1510,2377,2338,3068,2868,1240,399
29011,Barton County,Missouri,5285,1046,230,0.1979,0.3493,no,1974,3,no,371,429,488,806,662,618,689,120,56
29013,Bates County,Missouri,7192,1263,182,0.1756,0.3026,no,1976,2,no,221,692,797,1039,825,1122,806,399,28
29015,Benton County,Missouri,13594,695,146,0.0511,0.1515,no,1985,2,no,282,1082,1846,1760,2233,1985,2211,1194,306
29017,Bollinger County,Missouri,5046,505,155,0.1001,0.2265,no,1982,4,no,258,380,603,650,623,916,756,292,63
29019,Boone County,Missouri,81675,3950,524,0.0484,0.1136,no,1991,2,no,1849,3480,7711,10697,11226,13524,14970,12579,1689
29021,Buchanan County,Missouri,38472,10107,569,0.2627,0.4463,no,1964,2,no,2989,4074,4613,5450,3676,2516,2641,2068,338
29023,Butler County,Missouri,19303,1367,323,0.0708,0.1821,no,1981,2,no,706,1443,2058,3665,3043,2604,2671,1493,253
29025,Caldwell County,Missouri,4275,970,106,0.2269,0.3382,no,1974,2,no,184,292,426,757,330,424,567,243,82
29027,Callaway County,Missouri,18645,1884,386,0.1010,0.1766,no,1987,3,no,491,917,1544,3039,2133,2994,3523,1748,372
29029,Camden County,Missouri,40072,450,127,0.0112,0.0477,no,1988,2,no,364,1098,2241,7262,11321,8027,6927,1957,425
29031,Cape Girardeau County,Missouri,36086,3311,356,0.0918,0.2070,no,1982,2,no,1512,2645,3821,5966,4192,5466,4698,3744,731
29033,Carroll County,Missouri,4381,882,119,0.2013,0.4846,no,1961,3,no,527,714,516,718,291,359,256,106,12
29035,Carter County,Missouri,2676,135,66,0.0504,0.1203,no,1983,5,no,63,124,274,642,384,355,459,237,3
29037,Cass County,Missouri,45834,2082,291,0.0454,0.1140,no,1992,2,no,722,2419,3923,6563,5851,8152,9382,5192,1548
29039,Cedar County,Missouri,6946,897,223,0.1291,0.1972,no,1980,3,no,121,352,846,1288,876,681,1209,592,84
29041,Chariton County,Missouri,3788,897,113,0.2368,0.3994,no,1968,3,no,210,406,481,600,342,375,253,185,39
29043,Christian County,Missouri,36643,1382,291,0.0377,0.0671,no,1999,1,no,303,772,1328,2871,4305,7978,10542,5747,1415
29045,Clark County,Missouri,3233,808,132,0.2499,0.3588,no,1970,3,no,171,181,460,575,266,337,266,146,23
29047,Clay County,Missouri,107719,4662,544,0.0433,0.1823,no,1987,1,no,3921,11050,12717,13080,12255,15060,19292,13215,2467
29049,Clinton County,Missouri,9077,1791,266,0.1973,0.2656,no,1978,2,no,271,349,817,1706,765,1193,1516,475,194
29051,Cole County,Missouri,33533,3018,317,0.0900,0.1967,no,1982,1,no,911,2668,3498,5699,5119,5008,4765,2488,359
29053,Cooper County,Missouri,7300,1581,190,0.2166,0.3460,no,1974,2,no,356,589,701,1078,765,876,830,452,72
29055,Crawford County,Missouri,11416,832,185,0.0729,0.1817,no,1981,3,no,433,809,1547,1902,1541,1694,1502,1044,112
29057,Dade County,Missouri,3774,771,117,0.2043,0.3596,no,1972,3,no,187,399,393,561,315,420,389,277,62
29059,Dallas County,Missouri,7613,500,179,0.0657,0.2070,no,1981,3,no,416,660,520,1603,1023,894,1527,357,113
29061,Daviess County,Missouri,4122,975,131,0.2365,0.3081,no,1977,3,no,126,169,394,610,287,510,618,403,30
29063,DeKalb County,Missouri,4270,739,130,0.1731,0.2473,no,1982,4,no,95,222,436,558,538,685,719,253,25
29065,Dent County,Missouri,6822,609,154,0.0893,0.2228,no,1978,3,no,326,585,923,1168,745,1104,754,546,62
29067,Douglas County,Missouri,5391,391,129,0.0725,0.1695,no,1987,3,no,183,340,456,771,748,953,1097,413,39
29069,Dunklin County,Missouri,13447,1339,240,0.0996,0.3023,no,1972,2,no,1044,1682,2174,2844,1896,1118,802,509,39
29071,Franklin County,Missouri,46312,4583,543,0.0990,0.2096,no,1984,2,no,1948,3177,3645,7052,6138,7147,7478,4439,705
29073,Gasconade County,Missouri,7574,1293,174,0.1707,0.3226,no,1976,2,no,480,670,614,1290,759,921,901,490,156
29075,Gentry County,Missouri,2923,636,75,0.2176,0.3377,no,1971,2,no,66,285,409,530,191,292,255,241,18
29077,Greene County,Missouri,138982,13867,825,0.0998,0.2087,no,1982,2,no,4603,10538,12847,23713,16642,19514,21908,13443,1907
29079,Grundy County,Missouri,4834,1272,168,0.2631,0.4549,no,1963,2,no,387,540,749,681,351,292,315,197,50
29081,Harrison County,Missouri,4008,922,120,0.2300,0.4354,no,1966,4,no,318,505,448,507,267,346,435,230,30
29083,Henry County,Missouri,10714,1479,228,0.1380,0.2800,no,1978,3,no,621,900,964,1676,1253,1516,1519,679,107
29085,Hickory County,Missouri,5480,402,112,0.0734,0.1358,no,1983,3,no,108,234,692,1065,770,880,778,485,66
29087,Holt County,Missouri,2405,676,66,0.2811,0.4341,no,1965,2,no,157,211,298,392,176,136,153,200,6
29089,Howard County,Missouri,4374,897,148,0.2051,0.3592,no,1974,3,no,238,436,417,497,433,545,530,321,60
29091,Howell County,Missouri,18149,1914,329,0.1055,0.2229,no,1982,2,no,786,1345,1474,3105,2053,3078,2579,1665,150
29093,Iron County,Missouri,4682,589,104,0.1258,0.2815,no,1974,2,no,227,502,611,975,624,548,365,226,15
29095,Jackson County,Missouri,336288,62322,1544,0.1853,0.3649,no,1970,1,no,16988,43394,44476,48403,32395,32111,29587,22032,4580
29097,Jasper County,Missouri,54480,6994,580,0.1284,0.2508,no,1986,2,no,2088,4579,4697,6179,4711,7554,8618,8045,1015
29099,Jefferson County,Missouri,93955,3256,516,0.0347,0.1519,no,1987,1,no,2348,8670,9880,13947,12712,15698,16786,8627,2031
29101,Johnson County,Missouri,22731,1948,326,0.0857,0.1741,no,1990,2,no,661,1349,1652,2778,2859,3513,4792,2783,396
29103,Knox County,Missouri,1937,439,65,0.2266,0.4290,no,1965,3,no,136,256,288,277,124,169,120,122,6
29105,Laclede County,Missouri,16012,1178,242,0.0736,0.2320,no,1984,2,no,1382,1155,1002,2353,2556,1983,2949,1227,227
29107,Lafayette County,Missouri,14221,2031,321,0.1428,0.3222,no,1975,3,no,866,1685,1470,2141,1359,1860,1848,718,243
29109,Lawrence County,Missouri,16303,2253,295,0.1382,0.2685,no,1979,2,no,574,1551,1491,2445,1732,2195,2721,1114,227
29111,Lewis County,Missouri,4320,838,145,0.1940,0.3296,no,1969,2,no,150,436,804,659,332,441,423,186,51
29113,Lincoln County,Missouri,23790,1296,270,0.0545,0.1008,no,1997,2,no,441,661,1289,2455,3049,3986,5848,3766,999
29115,Linn County,Missouri,5988,1009,158,0.1685,0.4310,no,1964,2,no,690,882,1086,867,430,445,313,208,58
29117,Livingston County,Missouri,6399,949,152,0.1483,0.3977,no,1968,3,no,618,978,790,1054,585,611,371,303,140
29119,McDonald County,Missouri,9828,977,193,0.0994,0.1826,no,1988,3,no,435,383,734,1377,1272,2031,1301,1070,248
29121,Macon County,Missouri,7419,1399,163,0.1886,0.3290,no,1972,2,no,353,689,1036,1108,666,834,869,385,80
29123,Madison County,Missouri,5866,614,123,0.1047,0.2636,no,1977,3,no,300,632,733,928,642,1035,507,356,119
29125,Maries County,Missouri,4261,330,116,0.0774,0.2091,no,1985,4,no,242,319,230,720,537,858,616,359,50
29127,Marion County,Missouri,12917,3233,310,0.2503,0.3935,no,1971,2,no,467,1383,1249,1853,1153,1671,928,816,164
29129,Mercer County,Missouri,1902,293,61,0.1540,0.3465,no,1970,3,no,131,235,282,340,167,125,200,115,14
29131,Miller County,Missouri,12541,782,173,0.0624,0.1402,no,1985,2,no,310,666,1024,2404,1995,1757,2291,1179,133
29133,Mississippi County,Missouri,5272,383,118,0.0726,0.2750,no,1973,3,no,588,479,929,983,832,469,356,190,63
29135,Moniteau County,Missouri,6175,812,154,0.1315,0.2518,no,1979,2,no,132,611,695,960,785,819,645,641,75
29137,Monroe County,Missouri,4467,983,168,0.2201,0.3313,no,1976,4,no,123,374,384,573,555,576,576,281,42
29139,Montgomery County,Missouri,5832,945,175,0.1620,0.2620,no,1978,3,no,274,309,632,952,610,1003,628,350,129
29141,Morgan County,Missouri,15176,793,183,0.0523,0.1795,no,1983,2,no,571,1360,1404,2693,2594,1661,2871,1025,204
29143,New Madrid County,Missouri,7876,656,148,0.0833,0.2407,no,1975,2,no,496,744,1068,1912,1097,979,633,233,58
29145,Newton County,Missouri,24866,2483,383,0.0999,0.2242,no,1984,3,no,1083,2009,1820,3819,2848,4491,4072,1839,402
29147,Nodaway County,Missouri,9536,1797,186,0.1884,0.3049,no,1977,2,no,501,610,541,1909,1026,1036,1120,832,164
29149,Oregon County,Missouri,4321,463,105,0.1072,0.2601,no,1978,3,no,224,437,459,761,534,570,545,304,24
29151,Osage County,Missouri,6501,1016,151,0.1563,0.2447,no,1982,3,no,132,443,701,826,661,897,852,883,90
29153,Ozark County,Missouri,5030,326,83,0.0648,0.2034,no,1980,3,no,304,393,464,1055,722,616,794,337,19
29155,Pemiscot County,Missouri,7501,630,128,0.0840,0.3194,no,1973,2,no,614,1152,925,1530,853,760,655,376,6
29157,Perry County,Missouri,8552,958,193,0.1120,0.2482,no,1978,2,no,526,639,960,1549,959,1115,1033,643,170
29159,Pettis County,Missouri,18673,3074,297,0.1646,0.3401,no,1974,2,no,969,2307,1766,2889,1596,2329,1898,1568,277
29161,Phelps County,Missouri,20295,1393,302,0.0686,0.1647,no,1984,2,no,708,1241,2014,3604,2750,2973,3097,2193,322
29163,Pike County,Missouri,7620,1748,206,0.2294,0.3450,no,1971,3,no,174,707,1102,1056,663,791,736,549,94
29165,Platte County,Missouri,46606,1594,223,0.0342,0.1061,no,1992,2,no,449,2900,4066,6466,6557,7744,9489,5937,1404
29167,Polk County,Missouri,13482,1329,249,0.0986,0.1683,no,1987,3,no,505,435,1143,1940,1868,2056,2639,1359,208
29169,Pulaski County,Missouri,19431,739,246,0.0380,0.1117,no,1994,3,no,542,890,1246,2466,2842,2637,4249,3496,324
29171,Putnam County,Missouri,2834,405,116,0.1429,0.2968,no,1976,3,no,167,269,295,469,219,398,479,128,5
29173,Ralls County,Missouri,5056,592,132,0.1171,0.2124,no,1980,4,no,184,298,521,916,573,817,717,374,64
29175,Randolph County,Missouri,10862,2620,344,0.2412,0.3392,no,1974,2,no,329,735,1068,1839,1112,1031,1183,777,168
29177,Ray County,Missouri,9931,1380,188,0.1390,0.3117,no,1974,2,no,527,1188,1196,1604,1218,1171,1270,333,44
29179,Reynolds County,Missouri,3461,232,81,0.0670,0.2546,no,1975,2,no,286,363,416,812,415,278,357,276,26
29181,Ripley County,Missouri,5168,412,129,0.0797,0.1869,no,1983,3,no,183,371,517,897,674,850,779,380,105
29183,St. Charles County,Missouri,167163,3646,425,0.0218,0.0680,no,1994,1,no,1373,6347,10291,19726,28267,32538,35465,24017,5493
29185,St. Clair County,Missouri,5290,729,150,0.1378,0.2371,no,1979,3,no,206,319,410,1152,598,852,597,294,133
29186,Ste. Genevieve County,Missouri,8326,856,190,0.1028,0.1930,no,1981,3,no,182,569,854,1554,1272,1419,873,651,96
29187,St. Francois County,Missouri,28945,3740,494,0.1292,0.2634,no,1983,3,no,1229,2654,1540,4422,3116,4770,4639,2409,426
29189,St. Louis County,Missouri,446192,43354,1427,0.0972,0.3420,no,1969,1,no,28196,81063,82127,71197,53584,39817,27989,15700,3165
29195,Saline County,Missouri,9813,2109,223,0.2149,0.3631,no,1970,2,no,358,1096,1335,1745,890,766,834,632,48
29197,Schuyler County,Missouri,1899,493,78,0.2596,0.4513,no,1964,4,no,138,226,250,197,154,123,172,103,43
29199,Scotland County,Missouri,2201,486,94,0.2208,0.3821,no,1971,4,no,205,150,223,302,181,147,310,169,28
29201,Scott County,Missouri,16861,1676,265,0.0994,0.2507,no,1976,2,no,908,1643,2048,3805,1949,2135,1605,1002,90
29203,Shannon County,Missouri,3517,288,109,0.0819,0.2127,no,1980,3,no,200,260,363,649,612,441,352,327,25
29205,Shelby County,Missouri,2950,673,102,0.2281,0.3942,no,1971,3,no,185,305,279,464,273,263,334,136,38
29207,Stoddard County,Missouri,13400,1091,209,0.0814,0.2531,no,1976,2,no,837,1463,1802,2600,1961,1441,1158,928,119
29209,Stone County,Missouri,20464,715,148,0.0349,0.0763,no,1992,1,no,197,649,1658,2961,3087,4940,4204,1734,319
29211,Sullivan County,Missouri,3010,518,90,0.1721,0.4399,no,1965,3,no,369,437,383,383,236,291,220,143,30
29213,Taney County,Missouri,30175,820,205,0.0272,0.0704,no,1995,1,no,459,844,1588,3840,3626,7610,7584,3196,608
29215,Texas County,Missouri,11006,1083,223,0.0984,0.2559,no,1979,2,no,811,922,1093,1775,1634,1428,1360,677,223
29217,Vernon County,Missouri,8928,1701,245,0.1905,0.3404,no,1976,3,no,450,888,740,1117,1052,1252,1063,594,71
29219,Warren County,Missouri,16161,794,228,0.0491,0.0810,no,1998,2,no,88,427,731,1656,2149,2775,4096,2536,909
29221,Washington County,Missouri,10734,879,194,0.0819,0.2070,no,1985,2,no,262,1081,698,1680,1503,2180,1567,607,277
29223,Wayne County,Missouri,6119,537,155,0.0878,0.2085,no,1980,2,no,169,570,424,1357,1254,759,557,480,12
29225,Webster County,Missouri,15493,1155,236,0.0745,0.1427,no,1991,2,no,512,544,1027,2306,2013,2773,3107,1590,466
29227,Worth County,Missouri,1116,381,64,0.3414,0.4910,no,1961,7,no,93,74,106,177,62,64,111,32,16
29229,Wright County,Missouri,8367,968,184,0.1157,0.2862,no,1978,3,no,526,901,906,1115,878,1277,1032,484,280
29510,St. Louis city,Missouri,174111,100811,1884,0.5790,0.7548,no,,,yes,12735,17877,11137,7526,5851,4730,7004,5690,750
30001,Beaverhead County,Montana,4981,670,139,0.1345,0.2391,no,1979,3,no,171,350,491,917,546,776,600,335,125
30003,Big Horn County,Montana,4527,517,142,0.1142,0.2277,no,1976,3,no,253,261,675,945,690,545,435,190,16
30005,Blaine County,Montana,2823,576,110,0.2040,0.3595,no,1972,2,no,273,166,270,710,298,203,188,103,36
30007,Broadwater County,Montana,3178,348,134,0.1095,0.1385,no,2001,2,no,59,33,38,433,369,205,1078,446,169
30009,Carbon County,Montana,6455,1557,302,0.2412,0.3165,no,1977,4,no,232,254,451,980,701,834,855,505,86
30011,Carter County,Montana,829,120,45,0.1448,0.3739,no,1975,4,no,28,162,38,128,78,52,82,139,2
30013,Cascade County,Montana,39497,6092,488,0.1542,0.3700,no,1970,2,no,2679,5844,5338,6026,3758,2833,3619,2698,610
30015,Chouteau County,Montana,2885,710,101,0.2461,0.4478,no,1968,5,no,185,397,195,352,487,240,98,177,44
30017,Custer County,Montana,5784,1450,218,0.2507,0.4618,no,1965,6,no,405,816,423,1249,376,337,328,371,29
30019,Daniels County,Montana,1131,293,55,0.2591,0.5447,no,1958,4,no,109,214,177,156,41,35,34,69,3
30021,Dawson County,Montana,4381,704,168,0.1607,0.4314,no,1966,5,no,255,931,474,947,502,196,156,214,2
30023,Deer Lodge County,Montana,5540,1936,239,0.3495,0.6079,no,1954,2,no,407,1025,349,612,238,442,290,169,72
30025,Fallon County,Montana,1483,143,47,0.0964,0.2326,no,1982,5,no,64,138,194,159,199,172,263,151,0
30027,Fergus County,Montana,6012,1749,228,0.2909,0.4499,no,1966,5,no,362,594,473,873,506,595,457,381,22
30029,Flathead County,Montana,51680,3586,427,0.0694,0.1662,no,1991,2,no,2061,2942,3008,7110,6639,7828,9354,7519,1633
30031,Gallatin County,Montana,57568,4085,419,0.0710,0.1263,no,1998,1,no,1129,2056,2096,7303,5680,8050,12668,12094,2407
30033,Garfield County,Montana,730,131,33,0.1795,0.2904,no,1978,4,no,30,51,74,104,82,59,102,88,9
30035,Glacier County,Montana,5350,715,131,0.1336,0.3116,no,1974,2,no,417,535,512,1185,759,585,405,196,41
30037,Golden Valley County,Montana,482,125,31,0.2593,0.4004,no,1974,5,no,39,29,26,58,34,55,39,58,19
30039,Granite County,Montana,2602,530,125,0.2037,0.3105,no,1980,6,no,125,153,175,330,152,255,433,389,60
30041,Hill County,Montana,7234,1112,212,0.1537,0.3861,no,1971,2,no,506,1175,564,1952,735,372,394,424,0
30043,Jefferson County,Montana,5407,547,147,0.1012,0.1650,no,1990,3,no,95,250,255,1049,468,1088,897,573,185
30045,Judith Basin County,Montana,1261,351,66,0.2784,0.4259,no,1967,5,no,70,116,125,165,102,148,76,66,42
30047,Lake County,Montana,16468,1601,204,0.0972,0.1911,no,1986,2,no,601,945,1011,2969,1977,3030,2808,1321,205
30049,Lewis and Clark County,Montana,34082,4477,414,0.1314,0.2271,no,1982,2,no,1167,2096,2187,6268,3773,4171,4395,4456,1092
30051,Liberty County,Montana,837,147,47,0.1756,0.4014,no,1966,4,no,50,139,133,132,89,49,59,39,0
30053,Lincoln County,Montana,11006,999,231,0.0908,0.1875,no,1982,3,no,286,779,1110,2086,1338,1483,1575,1161,189
30055,McCone County,Montana,1082,158,50,0.1460,0.4362,no,1964,4,no,63,251,182,111,148,21,78,70,0
30057,Madison County,Montana,6396,717,137,0.1121,0.1615,no,1995,3,no,182,134,229,849,608,1054,1284,1229,110
30059,Meagher County,Montana,1450,337,107,0.2324,0.3641,no,1976,10,no,38,153,122,126,116,148,249,159,2
30061,Mineral County,Montana,2572,255,69,0.0991,0.1960,no,1983,6,no,83,166,130,577,220,301,518,273,49
30063,Missoula County,Montana,56930,5832,624,0.1024,0.2042,no,1985,2,no,2076,3716,4608,9358,5936,7259,9201,7533,1411
30065,Musselshell County,Montana,2663,529,122,0.1986,0.3278,no,1975,3,no,166,178,220,463,307,209,346,222,23
30067,Park County,Montana,9635,2048,300,0.2126,0.3397,no,1980,4,no,561,664,380,1214,886,1344,1429,869,240
30069,Petroleum County,Montana,311,52,30,0.1672,0.2894,yes,1983,7,no,10,28,16,38,46,66,23,27,5
30071,Phillips County,Montana,2233,483,119,0.2163,0.3412,no,1974,6,no,119,160,248,243,287,309,193,153,38
30073,Pondera County,Montana,2754,617,123,0.2240,0.4372,no,1968,5,no,244,343,211,495,215,247,264,97,21
30075,Powder River County,Montana,972,115,35,0.1183,0.2654,no,1976,3,no,83,60,99,216,114,111,102,61,11
30077,Powell County,Montana,3006,558,127,0.1856,0.4321,no,1966,6,no,358,383,340,477,183,243,267,140,57
30079,Prairie County,Montana,687,205,55,0.2984,0.5371,no,1957,6,no,74,90,24,129,52,34,13,66,0
30081,Ravalli County,Montana,21179,2341,361,0.1105,0.1649,no,1991,2,no,410,742,963,3714,2103,4393,3800,2173,540
30083,Richland County,Montana,5610,608,140,0.1084,0.2679,no,1980,3,no,279,616,388,901,796,283,592,1109,38
30085,Roosevelt County,Montana,4066,503,94,0.1237,0.3453,no,1974,3,no,221,680,380,567,680,386,229,416,4
30087,Rosebud County,Montana,3779,387,99,0.1024,0.2135,no,1978,2,no,173,247,369,871,950,379,299,104,0
30089,Sanders County,Montana,6808,650,135,0.0955,0.1948,no,1992,4,no,227,449,286,879,745,1110,1339,979,144
30091,Sheridan County,Montana,2041,546,112,0.2675,0.4571,no,1963,3,no,156,231,316,302,211,87,64,124,4
30093,Silver Bow County,Montana,17499,6486,466,0.3706,0.5409,no,1956,3,no,1053,1927,1034,2486,745,1497,1081,1150,40
30095,Stillwater County,Montana,4657,722,119,0.1550,0.2525,no,1986,3,no,227,227,250,556,551,665,918,490,51
30097,Sweet Grass County,Montana,1900,417,80,0.2195,0.3300,no,1979,4,no,116,94,88,261,235,254,274,155,6
30099,Teton County,Montana,2945,684,108,0.2323,0.4883,no,1962,7,no,357,397,170,486,191,215,320,119,6
30101,Toole County,Montana,2322,472,99,0.2033,0.4358,no,1966,6,no,181,359,231,333,239,110,140,254,3
30103,Treasure County,Montana,460,127,37,0.2761,0.4065,no,1972,13,no,23,37,39,22,61,51,59,36,5
30105,Valley County,Montana,4254,522,101,0.1227,0.3350,no,1966,2,no,184,719,1245,780,329,192,147,134,2
30107,Wheatland County,Montana,1161,417,73,0.3592,0.5263,no,1958,8,no,72,122,53,128,116,44,140,55,14
30109,Wibaux County,Montana,595,143,53,0.2403,0.3933,no,1973,5,no,57,34,23,121,63,47,45,46,16
30111,Yellowstone County,Montana,74239,5210,604,0.0702,0.2301,no,1982,1,no,3719,8155,5697,12653,8629,9452,9114,9483,2127
31001,Adams County,Nebraska,13934,3226,338,0.2315,0.4369,no,1967,3,no,1221,1641,1340,2131,938,1259,1132,948,98
31003,Antelope County,Nebraska,3149,1103,105,0.3503,0.4970,no,1960,4,no,184,278,291,577,280,170,141,119,6
31005,Arthur County,Nebraska,232,57,19,0.2457,0.3879,no,1974,5,no,14,19,11,36,21,27,23,24,0
31007,Banner County,Nebraska,383,114,33,0.2977,0.5170,no,1959,9,no,19,65,16,51,51,27,20,18,2
31009,Blaine County,Nebraska,301,94,31,0.3123,0.4784,no,1962,8,no,18,32,31,52,22,27,14,11,0
31011,Boone County,Nebraska,2555,1016,95,0.3977,0.5205,no,1957,6,no,156,158,273,258,159,218,158,143,16
31013,Box Butte County,Nebraska,5212,1103,227,0.2116,0.4421,no,1965,5,no,685,516,561,1244,438,186,324,71,84
31015,Boyd County,Nebraska,1203,499,67,0.4148,0.5910,no,1953,4,no,53,159,102,145,121,61,46,17,0
31017,Brown County,Nebraska,1656,485,75,0.2929,0.5085,no,1959,6,no,209,148,150,298,144,101,81,40,0
31019,Buffalo County,Nebraska,21286,3173,285,0.1491,0.2367,no,1980,2,no,522,1344,1757,3840,2045,2988,2745,2551,321
31021,Burt County,Nebraska,3333,1340,116,0.4020,0.5362,no,1956,4,no,172,275,220,486,285,225,139,157,34
31023,Butler County,Nebraska,4039,1399,160,0.3464,0.4271,no,1968,4,no,131,195,391,578,459,327,317,202,40
31025,Cass County,Nebraska,11875,2404,233,0.2024,0.2996,no,1977,2,no,350,804,996,1920,1260,1447,1619,834,241
31027,Cedar County,Nebraska,3899,1280,115,0.3283,0.4622,no,1964,3,no,234,288,393,527,333,244,340,246,14
31029,Chase County,Nebraska,1870,578,109,0.3091,0.4663,no,1965,8,no,173,121,126,510,151,61,54,91,5
31031,Cherry County,Nebraska,3009,576,138,0.1914,0.3832,no,1971,4,no,271,306,319,465,237,235,410,183,7
31033,Cheyenne County,Nebraska,4888,1187,138,0.2428,0.5739,no,1957,2,no,441,1177,314,452,322,258,461,271,5
31035,Clay County,Nebraska,2817,1143,86,0.4058,0.5353,no,1954,5,no,200,165,276,425,138,164,190,81,35
31037,Colfax County,Nebraska,3997,996,225,0.2492,0.4308,no,1967,6,no,377,349,376,804,295,377,244,167,12
31039,Cuming County,Nebraska,4153,1335,167,0.3215,0.5206,no,1958,3,no,341,486,392,567,310,315,182,191,34
31041,Custer County,Nebraska,5334,2032,167,0.3810,0.5193,no,1958,4,no,267,471,337,766,398,422,353,248,40
31043,Dakota County,Nebraska,7808,1268,232,0.1624,0.3215,no,1974,2,no,365,877,741,1602,764,1147,414,425,205
31045,Dawes County,Nebraska,4037,1306,254,0.3235,0.5249,no,1958,6,no,342,471,272,766,389,223,176,72,20
31047,Dawson County,Nebraska,9958,2183,279,0.2192,0.3772,no,1969,3,no,614,959,1352,1631,1032,721,865,331,270
31049,Deuel County,Nebraska,1013,458,72,0.4521,0.7394,no,1945,6,no,104,187,73,74,11,58,27,18,3
31051,Dixon County,Nebraska,2515,1027,96,0.4083,0.5773,no,1950,5,no,231,194,148,436,165,112,90,94,18
31053,Dodge County,Nebraska,16725,3839,336,0.2295,0.4099,no,1967,2,no,974,2043,2294,2195,1133,1188,1653,1085,321
31055,Douglas County,Nebraska,251553,39151,1360,0.1556,0.2833,no,1977,1,no,8899,23211,30546,34442,25449,26568,31223,27611,4453
31057,Dundy County,Nebraska,995,410,74,0.4121,0.5960,no,1948,6,no,109,74,93,120,42,98,21,28,0
31059,Fillmore County,Nebraska,2724,922,86,0.3385,0.5132,no,1959,3,no,154,322,279,439,198,101,172,121,16
31061,Franklin County,Nebraska,1531,765,77,0.4997,0.6884,no,1940,5,no,132,157,107,167,91,45,29,14,24
31063,Frontier County,Nebraska,1350,535,67,0.3963,0.5252,no,1956,6,no,86,88,121,242,95,94,48,33,8
31065,Furnas County,Nebraska,2516,1122,86,0.4459,0.6097,no,1949,6,no,160,252,246,336,115,76,80,109,20
31067,Gage County,Nebraska,10399,3506,287,0.3371,0.4851,no,1961,3,no,621,918,1291,1351,697,862,692,402,59
31069,Garden County,Nebraska,1173,445,84,0.3794,0.5848,no,1953,5,no,100,141,70,148,75,96,89,9,0
31071,Garfield County,Nebraska,990,371,71,0.3747,0.4909,no,1964,16,no,35,80,23,131,72,112,75,91,0
31073,Gosper County,Nebraska,1212,230,48,0.1898,0.3581,no,1973,3,no,71,133,104,237,169,84,85,77,22
31075,Grant County,Nebraska,407,121,32,0.2973,0.4988,no,1960,8,no,44,38,66,28,33,17,32,28,0
31077,Greeley County,Nebraska,1215,576,58,0.4741,0.5811,no,1946,10,no,54,76,87,111,104,91,71,41,4
31079,Hall County,Nebraska,25569,4250,454,0.1662,0.3133,no,1975,2,no,1067,2694,2791,4278,3167,2613,2201,2275,233
31081,Hamilton County,Nebraska,4133,1120,128,0.2710,0.3445,no,1973,2,no,144,160,403,851,287,454,274,371,69
31083,Harlan County,Nebraska,1884,524,80,0.2781,0.4506,no,1965,4,no,99,226,174,271,227,64,127,136,36
31085,Hayes County,Nebraska,487,222,53,0.4559,0.6242,no,1946,11,no,34,48,52,46,18,30,27,10,0
31087,Hitchcock County,Nebraska,1561,641,73,0.4106,0.5926,no,1950,5,no,146,138,146,236,107,110,19,18,0
31089,Holt County,Nebraska,4900,1151,157,0.2349,0.4320,no,1966,3,no,322,644,586,912,460,261,214,337,13
31091,Hooker County,Nebraska,428,161,40,0.3762,0.5631,no,1955,7,no,21,59,61,38,16,32,17,23,0
31093,Howard County,Nebraska,2894,1044,134,0.3607,0.4810,no,1963,7,no,115,233,165,461,198,263,138,256,21
31095,Jefferson County,Nebraska,3679,1408,167,0.3827,0.5501,no,1955,5,no,266,350,311,584,214,251,169,105,21
31097,Johnson County,Nebraska,2098,917,88,0.4371,0.5701,no,1953,4,no,67,212,171,273,120,105,181,43,9
31099,Kearney County,Nebraska,2988,858,126,0.2871,0.4642,no,1963,4,no,131,398,327,631,139,175,158,137,34
31101,Keith County,Nebraska,5435,797,124,0.1466,0.3154,no,1973,2,no,271,646,536,1514,565,363,497,216,30
31103,Keya Paha County,Nebraska,489,160,38,0.3272,0.4294,no,1967,8,no,22,28,48,43,50,28,63,42,5
31105,Kimball County,Nebraska,1782,656,117,0.3681,0.7009,no,1952,3,no,164,429,153,203,68,43,41,25,0
31107,Knox County,Nebraska,4521,1469,103,0.3249,0.4444,no,1967,3,no,205,335,385,711,290,523,194,381,28
31109,Lancaster County,Nebraska,140324,17121,818,0.1220,0.2424,no,1983,1,no,4201,12698,12288,19358,14663,18898,20187,17879,3031
31111,Lincoln County,Nebraska,16624,3245,405,0.1952,0.3959,no,1970,2,no,1026,2311,1674,3229,1779,1291,1170,750,149
31113,Logan County,Nebraska,330,141,32,0.4273,0.5364,no,1956,8,no,9,27,31,39,10,13,28,23,9
31115,Loup County,Nebraska,435,86,30,0.1977,0.2966,no,1986,9,no,23,20,18,49,39,76,45,76,3
31117,McPherson County,Nebraska,268,61,28,0.2276,0.5634,no,1955,9,no,54,36,33,47,19,7,8,3,0
31119,Madison County,Nebraska,15510,3216,350,0.2074,0.3190,no,1974,2,no,648,1083,1841,2663,1858,1682,1222,955,342
31121,Merrick County,Nebraska,3598,1187,165,0.3299,0.4266,no,1970,4,no,193,155,234,602,183,364,253,341,86
31123,Morrill County,Nebraska,2271,813,120,0.3580,0.5315,no,1957,6,no,173,221,263,513,68,68,58,81,13
31125,Nance County,Nebraska,1606,701,83,0.4365,0.6040,no,1950,7,no,101,168,174,151,44,88,93,63,23
31127,Nemaha County,Nebraska,3316,1421,168,0.4285,0.5739,no,1950,7,no,237,245,410,386,187,108,200,120,2
31129,Nuckolls County,Nebraska,2220,894,99,0.4027,0.6279,no,1948,5,no,255,245,228,158,163,125,95,48,9
31131,Otoe County,Nebraska,6999,1960,205,0.2800,0.3992,no,1971,3,no,414,420,642,981,510,532,1086,406,48
31133,Pawnee County,Nebraska,1409,580,80,0.4116,0.5784,no,1952,5,no,88,147,149,173,53,50,75,71,23
31135,Perkins County,Nebraska,1359,441,58,0.3245,0.6203,no,1951,4,no,211,191,88,196,93,62,39,32,6
31137,Phelps County,Nebraska,4170,946,136,0.2269,0.4096,no,1968,4,no,409,353,483,562,418,440,323,180,56
31139,Pierce County,Nebraska,3136,1098,138,0.3501,0.5159,no,1958,6,no,261,259,239,440,197,323,182,130,7
31141,Platte County,Nebraska,14325,2308,269,0.1611,0.3352,no,1973,2,no,748,1746,1641,2788,1202,1275,1085,1175,357
31143,Polk County,Nebraska,2531,912,88,0.3603,0.4947,no,1960,4,no,170,170,303,400,146,171,135,101,23
31145,Red Willow County,Nebraska,5150,1555,211,0.3019,0.5134,no,1959,4,no,564,525,619,782,395,279,249,144,38
31147,Richardson County,Nebraska,4073,1753,182,0.4304,0.6190,no,1950,5,no,276,492,434,493,171,144,153,148,9
31149,Rock County,Nebraska,809,148,37,0.1829,0.4054,no,1968,5,no,45,135,102,179,67,71,35,20,7
31151,Saline County,Nebraska,5799,1795,182,0.3095,0.4444,no,1964,3,no,286,496,769,1011,394,440,318,192,98
31153,Sarpy County,Nebraska,76780,1806,311,0.0235,0.0744,no,1996,1,no,1020,2885,6532,9819,9600,10782,17588,13123,3625
31155,Saunders County,Nebraska,10276,2494,274,0.2427,0.3379,no,1973,2,no,334,644,1077,1806,302,1318,1128,917,256
31157,Scotts Bluff County,Nebraska,16480,3119,368,0.1893,0.3853,no,1969,3,no,1269,1962,1991,3707,1018,1150,1446,779,39
31159,Seward County,Nebraska,7206,1967,207,0.2730,0.3970,no,1970,3,no,335,559,765,1003,487,771,719,501,99
31161,Sheridan County,Nebraska,2704,1125,110,0.4161,0.6235,no,1951,4,no,201,360,314,344,144,105,52,59,0
31163,Sherman County,Nebraska,1796,660,86,0.3675,0.4878,no,1962,8,no,114,102,129,313,163,131,90,85,9
31165,Sioux County,Nebraska,687,250,51,0.3639,0.5400,no,1956,8,no,54,67,33,96,50,41,38,36,22
31167,Stanton County,Nebraska,2483,761,98,0.3065,0.4398,no,1967,5,no,127,204,216,398,235,206,198,132,6
31169,Thayer County,Nebraska,2497,919,81,0.3680,0.5567,no,1956,3,no,143,328,225,379,178,144,88,68,25
31171,Thomas County,Nebraska,357,118,34,0.3305,0.4958,no,1961,15,no,15,44,13,48,50,21,28,17,3
31173,Thurston County,Nebraska,2290,498,53,0.2175,0.4109,no,1970,3,no,114,329,213,358,230,149,182,207,10
31175,Valley County,Nebraska,2108,716,91,0.3397,0.4934,no,1961,4,no,176,148,239,214,172,115,214,81,33
31177,Washington County,Nebraska,8711,1893,233,0.2173,0.3248,no,1976,3,no,198,738,713,1285,699,1455,1056,567,107
31179,Wayne County,Nebraska,3991,1034,157,0.2591,0.4245,no,1967,6,no,184,476,413,491,220,348,420,331,74
31181,Webster County,Nebraska,1764,784,85,0.4444,0.5726,no,1951,6,no,83,143,211,197,72,65,155,45,9
31183,Wheeler County,Nebraska,588,115,32,0.1956,0.3622,no,1975,4,no,56,42,16,144,51,51,52,59,2
31185,York County,Nebraska,6370,2081,205,0.3267,0.4268,no,1968,4,no,183,455,572,1094,506,587,296,536,60
32001,Churchill County,Nevada,11008,633,202,0.0575,0.1223,no,1990,2,no,208,505,685,1568,1959,2715,1866,533,336
32003,Clark County,Nevada,948995,3936,495,0.0041,0.0306,no,1998,1,no,5700,19398,43996,93378,128424,229806,271069,121955,31333
32005,Douglas County,Nevada,24825,265,118,0.0107,0.0291,no,1990,1,no,196,261,1593,5298,4762,5242,5131,1710,367
32007,Elko County,Nevada,22177,1052,203,0.0474,0.1012,no,1990,1,no,521,671,1149,2069,5620,4825,2950,2855,465
32009,Esmeralda County,Nevada,690,45,46,0.0652,0.1899,yes,1986,6,no,37,49,42,91,134,104,161,25,2
32011,Eureka County,Nevada,976,86,71,0.0881,0.1281,yes,1988,10,no,24,15,62,199,124,67,166,199,34
32013,Humboldt County,Nevada,7768,372,224,0.0479,0.1367,yes,1991,2,no,365,325,346,1177,1132,1987,1024,887,153
32015,Lander County,Nevada,2739,173,97,0.0632,0.0960,yes,1986,3,no,22,68,245,430,692,377,274,401,57
32017,Lincoln County,Nevada,2471,395,131,0.1599,0.3027,no,1982,5,no,152,201,80,319,392,364,308,260,0
32019,Lyon County,Nevada,25436,412,125,0.0162,0.0631,no,1998,1,no,282,910,992,3057,3089,5082,8220,2630,762
32021,Mineral County,Nevada,2281,113,88,0.0495,0.2705,yes,1971,4,no,229,275,487,468,393,183,76,44,13
32023,Nye County,Nevada,25289,141,97,0.0056,0.0214,yes,1998,1,no,163,237,835,1746,3485,7380,8546,2155,601
32027,Pershing County,Nevada,2297,234,87,0.1019,0.1694,no,1984,4,no,41,114,206,351,485,537,233,80,16
32029,Storey County,Nevada,2038,209,115,0.1026,0.1207,yes,1989,5,no,0,37,160,336,309,458,370,144,15
32031,Washoe County,Nevada,218165,4731,553,0.0217,0.0924,no,1991,1,no,4957,10471,17499,38642,30393,34608,43022,25572,8270
32033,White Pine County,Nevada,4160,1043,215,0.2507,0.4204,no,1970,6,no,275,431,318,557,277,599,405,195,60
32510,Carson City,Nevada,25156,586,171,0.0233,0.0753,no,1981,2,no,251,1056,2757,7566,3938,4804,2798,948,452
33001,Belknap County,New Hampshire,39003,6504,590,0.1668,0.2750,no,1979,2,no,1552,2670,3525,6050,6856,3227,5842,2403,374
33003,Carroll County,New Hampshire,40421,5883,525,0.1455,0.2267,no,1982,1,no,1251,2030,3314,5928,9472,4308,5302,2498,435
33005,Cheshire County,New Hampshire,35899,9708,623,0.2704,0.3795,no,1972,2,no,1449,2465,3127,5265,5496,2778,3437,1946,228
33007,Coos County,New Hampshire,20637,6041,351,0.2927,0.4335,no,1969,3,no,828,2077,1486,2778,2755,1818,1891,847,116
33009,Grafton County,New Hampshire,51920,10490,638,0.2020,0.2795,no,1981,1,no,1621,2401,3809,6792,11070,4792,7115,3074,756
33011,Hillsborough County,New Hampshire,177734,32603,1214,0.1834,0.2872,no,1978,1,no,6054,12388,16146,27626,34779,18467,17807,9954,1910
33013,Merrimack County,New Hampshire,66497,16148,809,0.2428,0.3269,no,1977,2,no,2411,3180,4925,9146,11347,6188,8073,4298,781
33015,Rockingham County,New Hampshire,137794,17181,1003,0.1247,0.2173,no,1983,1,no,4211,8544,11669,20063,27493,16415,17787,11809,2622
33017,Strafford County,New Hampshire,56609,10643,811,0.1880,0.3077,no,1979,2,no,1879,4896,4546,7255,9283,5257,7027,4874,949
33019,Sullivan County,New Hampshire,21958,5198,479,0.2367,0.3615,no,1974,1,no,987,1752,1505,3882,3520,1980,2089,843,202
34001,Atlantic County,New Jersey,132199,18186,1238,0.1376,0.2845,no,1978,2,no,5827,13596,16045,16369,22137,12925,18554,7181,1379
34003,Bergen County,New Jersey,369613,71411,2053,0.1932,0.5067,no,1960,1,no,39155,76734,50723,34910,30321,19630,22002,19720,5007
34005,Burlington County,New Jersey,186315,19219,818,0.1032,0.2423,no,1977,1,no,5340,20594,25522,32163,24851,25026,21211,9889,2500
34007,Camden County,New Jersey,213774,37231,1390,0.1742,0.3977,no,1967,2,no,14897,32883,33600,33052,23027,15833,13794,7417,2040
34009,Cape May County,New Jersey,99599,12519,656,0.1257,0.2549,no,1981,2,no,3683,9189,9209,14183,16805,9583,15638,6993,1797
34011,Cumberland County,New Jersey,57282,9743,771,0.1701,0.3780,no,1969,2,no,3476,8433,7733,9273,5886,4309,5529,2510,390
34013,Essex County,New Jersey,336962,98068,2209,0.2910,0.5258,no,1958,1,no,30580,48539,42207,30581,21595,20006,24943,17978,2465
34015,Gloucester County,New Jersey,117915,11819,860,0.1002,0.2467,no,1980,1,no,4796,12471,12413,17975,16414,14748,17253,8776,1250
34017,Hudson County,New Jersey,320959,95293,2173,0.2969,0.4438,no,1966,1,no,20176,26958,28859,27192,23509,20357,34132,38580,5903
34019,Hunterdon County,New Jersey,52115,9115,657,0.1749,0.2842,no,1979,3,no,1744,3952,4498,7107,10733,7818,5009,1709,430
34021,Mercer County,New Jersey,151138,27117,1210,0.1794,0.3845,no,1969,1,no,8363,22640,19470,19445,19004,12864,13610,7327,1298
34023,Middlesex County,New Jersey,317979,33134,1313,0.1042,0.3085,no,1974,2,no,16545,48433,47292,37169,50910,31795,28634,21089,2978
34025,Monmouth County,New Jersey,270415,36421,1375,0.1347,0.3018,no,1975,2,no,11269,33912,37757,34904,42054,29972,24147,17026,2953
34027,Morris County,New Jersey,199506,24763,1275,0.1241,0.3290,no,1971,1,no,11626,29245,31951,26923,25177,22641,15032,10378,1770
34029,Ocean County,New Jersey,296357,12037,855,0.0406,0.1596,no,1981,1,no,9285,25978,37055,58753,47802,35064,39129,27574,3680
34031,Passaic County,New Jersey,185816,53543,1663,0.2882,0.5681,no,1956,1,no,19935,32086,23082,15102,14066,9675,10360,6901,1066
34033,Salem County,New Jersey,27732,6048,517,0.2181,0.4735,no,1962,2,no,2289,4794,3560,4155,2034,2059,1918,769,106
34035,Somerset County,New Jersey,133639,12493,865,0.0935,0.2420,no,1982,1,no,6071,13777,17188,12454,26355,22503,12964,8135,1699
34037,Sussex County,New Jersey,62865,8843,767,0.1407,0.3163,no,1973,1,no,3131,7910,7867,11958,9671,5681,6055,1334,415
34039,Union County,New Jersey,212385,49984,1630,0.2353,0.5788,no,1956,2,no,26170,46767,26494,16802,10645,8513,12541,12243,2226
34041,Warren County,New Jersey,46789,11020,733,0.2355,0.3770,no,1972,2,no,2396,4222,4304,6285,5890,5455,5453,1490,274
35001,Bernalillo County,New Mexico,302746,9960,859,0.0329,0.1876,no,1982,1,no,11884,34949,29066,56115,45784,42922,47696,20974,3396
35003,Catron County,New Mexico,3409,130,67,0.0381,0.1470,yes,1986,3,no,163,208,180,608,746,580,502,260,32
35005,Chaves County,New Mexico,26864,1728,319,0.0643,0.3376,no,1972,2,no,1936,5406,3526,4503,3685,2556,1919,1403,202
35006,Cibola County,New Mexico,11236,760,207,0.0676,0.2061,no,1978,2,no,396,1160,1064,2908,1672,1867,911,420,78
35007,Colfax County,New Mexico,9607,1368,200,0.1424,0.3016,no,1977,3,no,721,808,845,1434,1668,1104,1248,391,20
35009,Curry County,New Mexico,21426,1106,218,0.0516,0.2314,no,1976,2,no,1410,2443,3364,3795,2172,2448,1616,2873,199
35011,De Baca County,New Mexico,1260,59,33,0.0468,0.3032,yes,1977,11,no,138,185,126,166,203,227,39,101,16
35013,Doña Ana County,New Mexico,92436,2177,336,0.0236,0.1038,no,1991,1,no,1809,5605,5944,13746,15154,16094,16822,12641,2444
35015,Eddy County,New Mexico,26839,857,279,0.0319,0.2638,no,1980,2,no,1948,4275,3269,3148,3510,2573,2203,4830,226
35017,Grant County,New Mexico,14755,1611,263,0.1092,0.2324,no,1978,2,no,680,1138,1877,2642,2037,2426,1133,989,222
35019,Guadalupe County,New Mexico,2029,210,81,0.1035,0.3499,no,1976,6,no,243,257,145,248,180,383,285,59,19
35021,Harding County,New Mexico,496,170,40,0.3427,0.4960,no,1960,7,no,40,36,63,29,74,35,28,21,0
35023,Hidalgo County,New Mexico,2232,201,80,0.0901,0.2415,no,1976,3,no,116,222,310,455,317,222,263,99,27
35025,Lea County,New Mexico,28403,893,278,0.0314,0.2078,no,1979,2,no,765,4245,4148,4658,4554,2162,2503,3972,503
35027,Lincoln County,New Mexico,17871,575,161,0.0322,0.1015,no,1985,2,no,521,718,1480,3745,3607,2188,4052,847,138
35028,Los Alamos County,New Mexico,8713,11,17,0.0013,0.2476,yes,1974,2,no,957,1189,1362,1894,931,696,961,379,333
35029,Luna County,New Mexico,11621,689,205,0.0593,0.1836,no,1980,3,no,607,838,1587,2077,1507,2119,1553,556,88
35031,McKinley County,New Mexico,25304,672,181,0.0266,0.1176,no,1985,1,no,577,1727,2639,5038,4157,4980,3409,1872,233
35033,Mora County,New Mexico,2923,597,154,0.2042,0.3004,no,1983,3,no,100,181,122,292,568,567,398,79,19
35035,Otero County,New Mexico,32645,724,181,0.0222,0.1126,no,1984,2,no,699,2254,3339,6347,6612,5478,4164,2701,327
35037,Quay County,New Mexico,5536,884,173,0.1597,0.3996,no,1966,3,no,442,886,900,596,875,310,433,194,16
35039,Rio Arriba County,New Mexico,19862,1185,214,0.0597,0.1694,no,1984,3,no,922,1258,1397,4017,3187,4071,2551,1051,223
35041,Roosevelt County,New Mexico,8577,504,168,0.0588,0.2362,no,1977,2,no,538,984,1139,1615,1079,1115,981,558,64
35043,Sandoval County,New Mexico,60925,1300,278,0.0213,0.0438,no,1997,1,no,322,1044,2047,7496,10802,11070,16676,8672,1496
35045,San Juan County,New Mexico,48255,939,263,0.0195,0.1093,no,1986,1,no,431,3904,4370,8984,8686,9308,7725,3411,497
35047,San Miguel County,New Mexico,14867,2432,382,0.1636,0.2640,no,1979,3,no,563,930,1491,2317,2211,2532,1628,707,56
35049,Santa Fe County,New Mexico,78834,5073,516,0.0644,0.1513,no,1989,1,no,2219,4636,4742,9860,14258,15184,14995,6477,1390
35051,Sierra County,New Mexico,8200,610,208,0.0744,0.1895,no,1983,3,no,319,625,793,1215,1538,1543,1077,401,79
35053,Socorro County,New Mexico,7693,967,262,0.1257,0.2323,no,1980,3,no,215,605,863,1231,1616,1006,802,384,4
35055,Taos County,New Mexico,21250,1715,309,0.0807,0.1744,no,1985,2,no,778,1214,1551,3553,3655,4587,3204,758,235
35057,Torrance County,New Mexico,7293,533,183,0.0731,0.1545,no,1987,2,no,211,383,266,842,1918,2070,659,375,36
35059,Union County,New Mexico,2101,514,122,0.2446,0.4931,no,1961,6,no,265,257,213,187,205,247,203,10,0
35061,Valencia County,New Mexico,30756,1085,320,0.0353,0.0723,no,1989,2,no,392,747,1860,5580,6016,6897,5367,2057,755
36001,Albany County,New York,147662,39233,1350,0.2657,0.4560,no,1964,2,no,9329,18773,14579,19059,15103,11649,8460,10051,1426
36003,Allegany County,New York,23540,7376,368,0.3133,0.4454,no,1966,2,no,1150,1959,2135,3383,2275,2188,1866,1057,151
36005,Bronx County,New York,559415,186431,3448,0.3333,0.5607,no,1955,1,no,55263,71994,74371,47939,25475,23907,34432,34891,4712
36007,Broome County,New York,93164,26306,1178,0.2824,0.5228,no,1958,2,no,8371,14032,12922,11504,8680,4884,3794,2465,206
36009,Cattaraugus County,New York,40356,14362,552,0.3559,0.4975,no,1960,2,no,2300,3417,2863,4822,4479,3774,2696,1485,158
36011,Cayuga County,New York,36829,13467,617,0.3657,0.5224,no,1958,2,no,2213,3559,3223,3846,3272,3200,2347,1429,273
36013,Chautauqua County,New York,66476,26270,975,0.3952,0.5898,no,1953,1,no,4602,8337,6409,5852,4889,4378,3577,1893,269
36015,Chemung County,New York,39252,13385,692,0.3410,0.5757,no,1955,1,no,3138,6076,4714,4753,1925,1984,1998,1159,120
36017,Chenango County,New York,24586,7835,504,0.3187,0.4390,no,1967,3,no,1240,1719,2229,2920,2923,2777,1826,1049,68
36019,Clinton County,New York,37658,7844,595,0.2083,0.3698,no,1974,2,no,1851,4231,2984,4694,4555,4707,3978,2485,329
36021,Columbia County,New York,33393,10443,534,0.3127,0.4415,no,1966,2,no,1107,3193,3041,4333,3265,2918,2977,1818,298
36023,Cortland County,New York,20841,6929,488,0.3325,0.4932,no,1961,3,no,1421,1928,2335,2829,1984,1710,928,616,161
36025,Delaware County,New York,30057,9078,464,0.3020,0.4033,no,1972,2,no,1002,2043,2254,3900,4969,2759,2900,992,160
36027,Dutchess County,New York,123169,22095,1019,0.1794,0.3448,no,1971,1,no,5514,14855,16757,19208,15652,10752,11496,5840,1000
36029,Erie County,New York,441214,129729,2242,0.2940,0.5505,no,1957,1,no,35326,77850,50485,46039,30521,27586,21572,19306,2800
36031,Essex County,New York,25484,7622,420,0.2991,0.4329,no,1969,3,no,1458,1951,1918,2986,2963,2351,3020,1112,103
36033,Franklin County,New York,25494,8960,478,0.3515,0.4618,no,1967,4,no,1323,1491,1449,2819,2973,2705,2192,1386,196
36035,Fulton County,New York,28199,10116,516,0.3587,0.5584,no,1954,2,no,2771,2860,2346,2940,2641,1932,1512,980,101
36037,Genesee County,New York,26176,10249,490,0.3915,0.5372,no,1956,2,no,1277,2536,3014,3075,1880,1896,1314,848,87
36039,Greene County,New York,29080,7124,446,0.2450,0.3827,no,1972,2,no,1427,2578,2773,3867,4160,2878,3040,1087,146
36041,Hamilton County,New York,7911,1744,140,0.2205,0.3873,no,1969,2,no,626,694,1005,957,832,795,769,427,62
36043,Herkimer County,New York,32459,12721,715,0.3919,0.5538,no,1954,3,no,2111,3144,2743,2996,2875,2470,2054,1077,268
36045,Jefferson County,New York,61862,18753,775,0.3031,0.4202,no,1972,2,no,2865,4376,3850,4963,7435,6288,7313,5723,296
36047,Kings County,New York,1100772,517749,4570,0.4704,0.6555,no,1944,1,no,90305,113451,105003,55203,35547,30733,60579,80847,11355
36049,Lewis County,New York,15637,5095,352,0.3258,0.4185,no,1972,2,no,590,859,961,1538,2016,1858,1490,1086,144
36051,Livingston County,New York,27328,9071,499,0.3319,0.4215,no,1970,3,no,901,1548,2209,3737,3172,3366,2207,1012,105
36053,Madison County,New York,30730,9467,428,0.3081,0.4644,no,1964,2,no,1451,3352,2648,3346,3612,2805,2623,1289,137
36055,Monroe County,New York,339430,83710,1845,0.2466,0.4331,no,1965,1,no,20641,42649,45615,43193,35282,26515,22148,16980,2697
36057,Montgomery County,New York,22981,10767,493,0.4685,0.6505,no,1944,4,no,1616,2567,1211,1781,1579,1530,1078,686,166
36059,Nassau County,New York,479044,91998,1879,0.1920,0.6611,no,1955,1,no,62361,162333,63119,29265,22310,12717,15862,15401,3678
36061,New York County,New York,923472,396050,4686,0.4289,0.5795,no,1951,1,no,58675,80417,116832,69767,58621,31126,56191,51551,4242
36063,Niagara County,New York,100446,28136,1246,0.2801,0.5346,no,1958,1,no,8128,17430,9645,11946,7670,7925,6212,2829,525
36065,Oneida County,New York,105443,34052,1285,0.3229,0.5365,no,1958,2,no,6946,15575,12130,9856,8966,7379,5768,4223,548
36067,Onondaga County,New York,212002,47851,1256,0.2257,0.4459,no,1964,1,no,12532,34150,27002,26675,23295,15808,13254,10355,1080
36069,Ontario County,New York,53379,13700,526,0.2567,0.3530,no,1976,2,no,1763,3380,4031,6645,6758,5634,6164,4576,728
36071,Orange County,New York,149699,30029,1098,0.2006,0.3451,no,1975,1,no,5997,15631,14122,17717,19965,14561,18351,11585,1741
36073,Orleans County,New York,18326,7927,449,0.4326,0.5417,no,1955,3,no,593,1408,1191,2110,1910,1635,1068,454,30
36075,Oswego County,New York,54844,15027,657,0.2740,0.4039,no,1971,2,no,2330,4797,4396,6806,7288,6975,4043,2701,481
36077,Otsego County,New York,30057,12259,560,0.4079,0.5431,no,1954,3,no,1836,2230,1690,2899,2747,2738,2180,1278,200
36079,Putnam County,New York,38450,6697,509,0.1742,0.3745,no,1968,2,no,2742,4959,5925,5370,5001,3230,3342,1069,115
36081,Queens County,New York,910206,272637,3470,0.2995,0.6316,no,1953,1,no,125195,177046,119410,57419,37141,27290,40537,47469,6062
36083,Rensselaer County,New York,74543,24768,922,0.3323,0.4818,no,1962,1,no,3753,7397,6790,7055,6571,6912,5804,4891,602
36085,Richmond County,New York,184621,32383,1508,0.1754,0.3119,no,1974,1,no,7861,17344,24087,28669,28606,18833,16844,9076,918
36087,Rockland County,New York,108945,11618,809,0.1066,0.2778,no,1971,2,no,3175,15475,23147,18908,11924,9406,7544,6493,1255
36089,St. Lawrence County,New York,51970,15607,705,0.3003,0.4709,no,1964,2,no,3069,5799,4188,6165,5395,4658,3851,2829,409
36091,Saratoga County,New York,112109,16454,856,0.1468,0.2337,no,1984,1,no,3140,6605,9760,13608,15688,14910,15738,14202,2004
36093,Schenectady County,New York,71244,22579,964,0.3169,0.5734,no,1956,2,no,6647,11625,7456,5302,4560,3756,4053,4654,612
36095,Schoharie County,New York,16562,5034,368,0.3039,0.3765,no,1974,2,no,569,633,1163,2314,2310,1894,1567,935,143
36097,Schuyler County,New York,9752,2880,268,0.2953,0.4045,no,1969,3,no,391,674,1077,1203,767,1264,703,613,180
36099,Seneca County,New York,16194,5770,372,0.3563,0.5123,no,1959,3,no,901,1625,1175,1667,1819,1110,1352,697,78
36101,Steuben County,New York,47665,15609,500,0.3275,0.4716,no,1963,2,no,2491,4380,4176,5526,4896,5009,3236,2020,322
36103,Suffolk County,New York,580772,52893,1411,0.0911,0.3079,no,1970,1,no,26049,99893,114182,103494,59170,51725,47954,21426,3986
36105,Sullivan County,New York,49994,10029,740,0.2006,0.3679,no,1974,2,no,3821,4542,4380,5958,8508,3724,5396,3189,447
36107,Tioga County,New York,22104,5940,387,0.2687,0.4016,no,1969,3,no,1025,1913,2547,3182,2455,2136,1465,1281,160
36109,Tompkins County,New York,47804,12384,877,0.2591,0.3620,no,1974,2,no,1363,3558,3905,6217,6273,5827,3761,3981,535
36111,Ulster County,New York,86503,22965,1178,0.2655,0.4449,no,1966,2,no,5116,10408,8008,10907,10656,5921,7690,4053,779
36113,Warren County,New York,40342,8978,648,0.2225,0.3754,no,1973,2,no,2165,4000,3568,4968,6064,4008,4183,2101,307
36115,Washington County,New York,29192,10244,478,0.3509,0.4763,no,1963,3,no,1540,2121,2010,2810,3298,2674,2761,1613,121
36117,Wayne County,New York,42570,12784,659,0.3003,0.4354,no,1968,2,no,1827,3926,3551,5484,4971,4895,3263,1614,255
36119,Westchester County,New York,394358,108495,2478,0.2751,0.5214,no,1959,1,no,27873,69262,55175,38851,33003,19878,21381,16468,3972
36121,Wyoming County,New York,18263,7135,415,0.3907,0.4981,no,1960,3,no,831,1131,1381,2664,1562,1666,1125,637,131
36123,Yates County,New York,13211,4101,370,0.3104,0.4237,no,1969,4,no,578,918,1093,1568,1485,1570,1100,554,244
37001,Alamance County,North Carolina,77073,5054,578,0.0656,0.2123,no,1988,2,no,3773,7538,6882,8790,8511,12035,12357,10093,2040
37003,Alexander County,North Carolina,16218,727,205,0.0448,0.1746,no,1985,3,no,848,1257,1294,2846,2268,2949,2687,1029,313
37005,Alleghany County,North Carolina,7804,388,137,0.0497,0.1688,no,1980,3,no,397,532,1172,1467,938,1307,1048,414,141
37007,Anson County,North Carolina,9954,919,206,0.0923,0.2792,no,1974,3,no,758,1102,1265,2092,1061,1652,679,307,119
37009,Ashe County,North Carolina,17218,1075,252,0.0624,0.1563,no,1983,2,no,742,875,2077,2940,2657,3022,2765,1005,60
37011,Avery County,North Carolina,14201,601,146,0.0423,0.1322,no,1985,2,no,643,633,854,2262,3892,2266,2186,733,131
37013,Beaufort County,North Carolina,24526,2071,378,0.0844,0.2359,no,1980,2,no,1270,2445,2540,3833,3639,3553,3243,1767,165
37015,Bertie County,North Carolina,8984,609,191,0.0678,0.2169,no,1981,3,no,499,841,800,1560,1438,1227,1107,891,12
37017,Bladen County,North Carolina,15286,489,155,0.0320,0.1695,no,1983,3,no,891,1211,1225,3186,2086,2943,1644,1334,277
37019,Brunswick County,North Carolina,99077,1042,314,0.0105,0.0335,no,2002,1,no,473,1800,2783,7409,13610,16052,27836,22306,5766
37021,Buncombe County,North Carolina,134483,14608,950,0.1086,0.2056,no,1991,2,no,4922,8116,9586,12234,16647,20425,22305,19435,6205
37023,Burke County,North Carolina,40358,3319,394,0.0822,0.2278,no,1980,2,no,2395,3478,5230,5522,6507,6499,4871,1744,793
37025,Cabarrus County,North Carolina,93691,5637,612,0.0602,0.1631,no,1997,1,no,3446,6200,5399,7811,7970,14615,20330,18526,3757
37027,Caldwell County,North Carolina,37387,2119,332,0.0567,0.2159,no,1980,2,no,1938,4013,4875,5710,5801,6707,4249,1649,326
37029,Camden County,North Carolina,4301,144,102,0.0335,0.1090,yes,1999,3,no,182,143,189,259,527,792,1481,453,131
37031,Carteret County,North Carolina,52181,2213,418,0.0424,0.1109,no,1989,1,no,1119,2456,2763,6758,11603,9479,9090,5667,1033
37033,Caswell County,North Carolina,10521,856,227,0.0814,0.2237,no,1981,3,no,488,1010,594,2097,1484,1589,1340,993,70
37035,Catawba County,North Carolina,73133,4161,559,0.0569,0.1764,no,1985,1,no,3153,5585,7239,10494,12200,11904,12333,4854,1210
37037,Chatham County,North Carolina,35914,1539,265,0.0429,0.1150,no,1998,1,no,779,1811,1742,2633,3843,7300,7145,7034,2088
37039,Cherokee County,North Carolina,18404,813,229,0.0442,0.0987,no,1994,2,no,408,596,1009,2009,3161,3419,4506,2082,401
37041,Chowan County,North Carolina,7190,814,222,0.1132,0.2318,no,1980,3,no,501,352,395,1586,1091,1253,882,257,59
37043,Clay County,North Carolina,7497,222,96,0.0296,0.1155,no,1990,3,no,310,334,400,1312,1178,1552,1611,495,83
37045,Cleveland County,North Carolina,44304,2840,464,0.0641,0.1948,no,1979,2,no,2042,3747,5072,8945,5790,7262,5543,2304,759
37047,Columbus County,North Carolina,23563,1481,249,0.0629,0.1931,no,1982,2,no,977,2092,2555,3961,2974,4528,2938,1644,413
37049,Craven County,North Carolina,48533,2259,341,0.0465,0.1398,no,1989,2,no,1329,3195,3071,6048,8822,6930,9468,5989,1422
37051,Cumberland County,North Carolina,143798,2734,373,0.0190,0.0973,no,1988,1,no,3144,8111,16797,24397,21806,24778,24312,15512,2207
37053,Currituck County,North Carolina,17079,593,216,0.0347,0.0559,no,1998,1,no,102,260,631,1192,2843,3612,3994,3054,798
37055,Dare County,North Carolina,35278,832,240,0.0236,0.0602,no,1988,1,no,279,1014,1643,4618,11793,5775,6850,2037,437
37057,Davidson County,North Carolina,76396,4590,730,0.0601,0.1880,no,1985,1,no,2830,6939,7721,11040,10507,11965,13553,5829,1422
37059,Davie County,North Carolina,19311,1139,247,0.0590,0.1418,no,1990,2,no,663,937,1758,2491,2494,3636,4364,1420,409
37061,Duplin County,North Carolina,23861,1508,274,0.0632,0.1760,no,1986,2,no,833,1858,2228,3399,3363,4443,3904,1870,455
37063,Durham County,North Carolina,153022,7394,617,0.0483,0.1350,no,1993,2,no,5200,8070,10790,15769,22011,21251,26209,30329,5999
37065,Edgecombe County,North Carolina,23281,2288,363,0.0983,0.2646,no,1978,2,no,1660,2211,2184,4332,2612,3557,2834,1404,199
37067,Forsyth County,North Carolina,175631,11105,858,0.0632,0.1972,no,1984,1,no,5983,17542,16703,25722,25415,24671,26141,18535,3814
37069,Franklin County,North Carolina,31767,1637,396,0.0515,0.1124,no,1997,2,no,849,1085,1390,1929,4426,6177,6631,5768,1875
37071,Gaston County,North Carolina,101671,7849,628,0.0772,0.2258,no,1982,1,no,5405,9707,11793,13344,12569,12386,14848,10874,2896
37073,Gates County,North Carolina,4827,435,129,0.0901,0.2020,no,1991,3,no,164,376,406,327,614,1111,858,451,85
37075,Graham County,North Carolina,5240,58,44,0.0111,0.1099,yes,1989,4,no,255,263,409,918,805,1152,844,434,102
37077,Granville County,North Carolina,24787,1420,296,0.0573,0.1471,no,1992,1,no,721,1504,1636,2802,3467,4437,5045,3103,652
37079,Greene County,North Carolina,7939,599,155,0.0755,0.1903,no,1984,3,no,147,765,830,1172,1144,1258,1254,699,71
37081,Guilford County,North Carolina,238032,14123,1070,0.0593,0.1779,no,1987,2,no,8681,19545,23791,30418,34544,37550,40085,25608,3687
37083,Halifax County,North Carolina,24872,2251,334,0.0905,0.2595,no,1979,2,no,1554,2649,2636,3627,3842,4439,2444,1257,173
37085,Harnett County,North Carolina,54902,2596,337,0.0473,0.1127,no,1997,2,no,1240,2353,3512,5358,5756,9918,12484,9678,2007
37087,Haywood County,North Carolina,35560,3121,404,0.0878,0.2267,no,1983,2,no,2010,2929,3796,4340,5052,5644,5596,2470,602
37089,Henderson County,North Carolina,58044,2643,486,0.0455,0.1366,no,1990,1,no,1401,3882,4130,7993,9003,10584,10707,6395,1306
37091,Hertford County,North Carolina,9816,855,157,0.0871,0.2274,no,1978,2,no,590,787,1321,1751,1469,1393,1001,579,70
37093,Hoke County,North Carolina,20921,434,122,0.0207,0.0674,no,2000,1,no,252,725,1141,2001,1978,3925,5713,3973,779
37095,Hyde County,North Carolina,2952,399,148,0.1352,0.2419,no,1981,5,no,189,126,338,362,453,330,620,119,16
37097,Iredell County,North Carolina,84199,4069,416,0.0483,0.1181,no,1997,2,no,1940,3934,5581,7103,9230,15732,19661,13472,3477
37099,Jackson County,North Carolina,27803,1222,348,0.0440,0.1077,no,1990,2,no,902,870,1966,4000,4918,4396,6716,2487,326
37101,Johnston County,North Carolina,91218,3724,560,0.0408,0.1002,no,2000,1,no,1637,3775,4255,6367,8409,17367,20855,19661,5168
37103,Jones County,North Carolina,4698,506,117,0.1077,0.2052,no,1988,4,no,95,363,327,683,457,748,783,617,119
37105,Lee County,North Carolina,27166,922,245,0.0339,0.1341,no,1988,2,no,727,1993,2171,4256,4483,4317,4804,2707,786
37107,Lenoir County,North Carolina,26879,1985,339,0.0738,0.2342,no,1978,2,no,1425,2886,3418,4884,3642,4457,2535,1458,189
37109,Lincoln County,North Carolina,39504,2056,402,0.0520,0.1238,no,1994,1,no,1019,1815,2717,3855,5208,7351,7850,5913,1720
37111,McDowell County,North Carolina,21575,1444,332,0.0669,0.1901,no,1984,2,no,928,1729,2298,2826,3475,3797,3247,1531,300
37113,Macon County,North Carolina,27216,851,196,0.0313,0.1016,no,1987,1,no,587,1326,1988,5098,5519,5117,4856,1509,365
37115,Madison County,North Carolina,11356,938,175,0.0826,0.1862,no,1987,2,no,220,957,733,1620,1806,1718,1768,1222,374
37117,Martin County,North Carolina,11058,1047,266,0.0947,0.2891,no,1975,3,no,699,1451,1684,1348,1255,1483,1416,615,60
37119,Mecklenburg County,North Carolina,503071,11113,863,0.0221,0.0905,no,1997,1,no,10685,23716,34165,44983,65535,84898,111024,97606,19346
37121,Mitchell County,North Carolina,8697,796,212,0.0915,0.2956,no,1978,3,no,744,1031,890,1101,1199,1348,1102,458,28
37123,Montgomery County,North Carolina,14998,1332,243,0.0888,0.2008,no,1984,2,no,460,1220,1476,2144,2180,2625,2358,1035,168
37125,Moore County,North Carolina,50280,2900,466,0.0577,0.1125,no,1994,2,no,873,1885,3214,6226,7012,8617,8426,9133,1994
37127,Nash County,North Carolina,43797,4038,545,0.0922,0.1839,no,1986,1,no,1047,2971,3078,6560,7037,8367,6925,3033,741
37129,New Hanover County,North Carolina,120050,6478,567,0.0540,0.1374,no,1993,1,no,4706,5310,6400,13930,16661,21969,22693,17218,4685
37131,Northampton County,North Carolina,10641,652,118,0.0613,0.2083,no,1981,2,no,644,921,931,2006,1424,1973,1096,844,150
37133,Onslow County,North Carolina,87354,464,167,0.0053,0.0797,no,1998,2,no,1726,4776,6000,9358,11529,11873,18017,20123,3488
37135,Orange County,North Carolina,62858,2359,386,0.0375,0.1129,no,1990,1,no,1210,3527,4978,7723,11769,10772,10206,8935,1379
37137,Pamlico County,North Carolina,7322,415,101,0.0567,0.1389,no,1988,2,no,236,366,669,873,1344,1346,1199,714,160
37139,Pasquotank County,North Carolina,17721,1819,322,0.1026,0.2356,no,1988,2,no,865,1491,1499,1196,2449,2401,4124,1633,244
37141,Pender County,North Carolina,31844,1300,297,0.0408,0.0915,no,1998,2,no,533,1082,956,2560,4787,6046,7166,5552,1862
37143,Perquimans County,North Carolina,6967,775,193,0.1112,0.1902,no,1991,3,no,147,403,369,845,777,1359,1522,753,17
37145,Person County,North Carolina,18584,1233,309,0.0663,0.2054,no,1983,3,no,806,1779,2255,2478,2308,3389,2921,958,457
37147,Pitt County,North Carolina,82638,2824,458,0.0342,0.0986,no,1994,1,no,1613,3711,5544,10651,10717,15810,18895,11178,1695
37149,Polk County,North Carolina,11042,1164,221,0.1054,0.2162,no,1984,2,no,400,823,1002,1525,1636,1910,1698,650,234
37151,Randolph County,North Carolina,62901,3375,457,0.0537,0.1795,no,1985,1,no,1989,5924,5639,9067,10587,11150,9761,4527,882
37153,Richmond County,North Carolina,19893,1280,264,0.0643,0.2226,no,1976,2,no,1256,1893,3667,3271,2387,2752,1930,1251,206
37155,Robeson County,North Carolina,49111,2169,281,0.0442,0.1476,no,1986,1,no,1811,3269,4121,8208,8416,10343,5679,4254,841
37157,Rockingham County,North Carolina,43868,3945,436,0.0899,0.2556,no,1978,1,no,2952,4314,4756,7328,5205,6817,5310,2728,513
37159,Rowan County,North Carolina,64975,6831,657,0.1051,0.2441,no,1983,2,no,3451,5576,5381,9094,7513,10439,10269,5146,1275
37161,Rutherford County,North Carolina,32775,2476,406,0.0755,0.2420,no,1981,2,no,2169,3287,3475,4638,4015,5856,4387,2010,462
37163,Sampson County,North Carolina,25852,1736,319,0.0672,0.1763,no,1988,2,no,949,1873,2171,3623,3169,5553,4207,2200,371
37165,Scotland County,North Carolina,14441,780,133,0.0540,0.1849,no,1982,3,no,723,1167,1521,2633,2624,2828,1261,680,224
37167,Stanly County,North Carolina,28632,3354,364,0.1171,0.3096,no,1976,2,no,1820,3691,3016,4078,3329,3348,2961,2243,792
37169,Stokes County,North Carolina,21497,1000,234,0.0465,0.1336,no,1983,2,no,612,1260,2556,4353,3168,3736,3165,1307,340
37171,Surry County,North Carolina,33747,2937,400,0.0870,0.2272,no,1979,2,no,1836,2896,3801,5759,4675,6027,3644,1860,312
37173,Swain County,North Carolina,8629,270,118,0.0313,0.1189,no,1989,3,no,266,490,746,1434,1263,1789,1788,502,81
37175,Transylvania County,North Carolina,19266,1010,254,0.0524,0.1690,no,1984,2,no,865,1380,1820,3022,3490,3537,2767,1133,242
37177,Tyrrell County,North Carolina,2229,395,145,0.1772,0.2773,no,1979,6,no,120,103,238,275,291,317,382,108,0
37179,Union County,North Carolina,88851,2242,479,0.0252,0.0698,no,2000,1,no,1188,2772,4306,7286,9521,17603,24893,14655,4385
37181,Vance County,North Carolina,19489,1417,339,0.0727,0.2099,no,1982,2,no,538,2136,2384,2647,2837,3902,2494,946,188
37183,Wake County,North Carolina,496047,9084,835,0.0183,0.0527,no,2000,1,no,4389,12680,22118,40271,68452,89304,118636,107361,23752
37185,Warren County,North Carolina,11723,813,167,0.0694,0.1428,no,1988,2,no,338,523,489,1800,2330,2384,1931,792,323
37187,Washington County,North Carolina,6040,483,165,0.0800,0.2099,no,1975,2,no,215,570,944,1540,974,507,622,179,6
37189,Watauga County,North Carolina,33355,1145,319,0.0343,0.1065,no,1988,1,no,920,1486,3349,4987,5949,6223,6132,2871,293
37191,Wayne County,North Carolina,53505,2816,476,0.0526,0.1602,no,1984,1,no,1758,3999,6175,8982,7870,9201,7824,3965,915
37193,Wilkes County,North Carolina,31836,1913,358,0.0601,0.1969,no,1980,2,no,1702,2655,4204,5701,5696,4649,3421,1725,170
37195,Wilson County,North Carolina,37053,2513,331,0.0678,0.1939,no,1986,2,no,1219,3452,3369,5135,5126,6414,5909,3386,530
37197,Yadkin County,North Carolina,17253,1198,276,0.0694,0.2044,no,1983,3,no,866,1462,1500,2976,2437,4016,1829,901,68
37199,Yancey County,North Carolina,11376,814,245,0.0716,0.1576,no,1988,2,no,619,360,862,1418,2049,2229,1986,924,115
38001,Adams County,North Dakota,1326,365,69,0.2753,0.4329,no,1964,4,no,84,125,210,216,130,7,48,134,7
38003,Barnes County,North Dakota,5700,1689,197,0.2963,0.4511,no,1966,4,no,302,580,467,873,388,545,274,558,24
38005,Benson County,North Dakota,2536,385,68,0.1518,0.2961,no,1972,2,no,135,231,404,580,322,169,188,102,20
38007,Billings County,North Dakota,546,42,21,0.0769,0.2216,no,1983,5,no,40,39,36,90,88,62,49,100,0
38009,Bottineau County,North Dakota,3956,458,111,0.1158,0.2743,no,1976,2,no,318,309,344,943,460,383,318,381,42
38011,Bowman County,North Dakota,1635,326,63,0.1994,0.3884,no,1972,2,no,150,159,97,359,157,100,145,134,8
38013,Burke County,North Dakota,1362,345,54,0.2533,0.3781,no,1969,3,no,67,103,183,302,100,19,96,143,4
38015,Burleigh County,North Dakota,43779,2330,355,0.0532,0.1508,no,1988,2,no,1046,3224,3464,7988,4674,5109,6501,8555,888
38017,Cass County,North Dakota,89038,6818,675,0.0766,0.1605,no,1993,2,no,1715,5760,4891,11585,9631,12101,15301,18578,2658
38019,Cavalier County,North Dakota,2109,334,92,0.1584,0.3717,no,1968,3,no,192,258,353,375,212,186,112,84,3
38021,Dickey County,North Dakota,2394,690,130,0.2882,0.4532,no,1964,5,no,192,203,268,459,199,163,103,102,15
38023,Divide County,North Dakota,1413,448,90,0.3171,0.4756,no,1963,8,no,75,149,105,234,117,10,88,185,2
38025,Dunn County,North Dakota,2088,229,51,0.1097,0.2289,no,1983,3,no,102,147,193,260,348,116,273,411,9
38027,Eddy County,North Dakota,1358,345,66,0.2541,0.3940,no,1966,3,no,43,147,223,193,139,102,78,88,0
38029,Emmons County,North Dakota,2051,557,95,0.2716,0.4534,no,1965,5,no,104,269,205,276,191,186,91,110,62
38031,Foster County,North Dakota,1775,305,70,0.1718,0.3144,no,1973,2,no,105,148,215,407,143,102,170,180,0
38033,Golden Valley County,North Dakota,902,332,67,0.3681,0.5277,no,1957,8,no,71,73,52,159,92,28,35,60,0
38035,Grand Forks County,North Dakota,33891,3407,306,0.1005,0.2102,no,1982,2,no,1075,2642,2406,6445,4307,3655,4078,5092,784
38037,Grant County,North Dakota,1635,417,70,0.2550,0.4685,no,1962,4,no,167,182,225,268,152,84,65,70,5
38039,Griggs County,North Dakota,1360,469,72,0.3449,0.5272,no,1958,4,no,79,169,188,202,85,75,59,26,8
38041,Hettinger County,North Dakota,1444,302,54,0.2091,0.4404,no,1964,3,no,124,210,206,229,172,17,79,80,25
38043,Kidder County,North Dakota,1660,296,71,0.1783,0.3307,no,1970,5,no,69,184,278,148,214,170,52,214,35
38045,LaMoure County,North Dakota,2066,590,79,0.2856,0.4371,no,1965,4,no,118,195,247,481,129,65,130,100,11
38047,Logan County,North Dakota,1070,207,48,0.1935,0.4103,no,1967,4,no,83,149,145,212,97,33,68,68,8
38049,McHenry County,North Dakota,2833,656,108,0.2316,0.4137,no,1966,3,no,180,336,382,483,218,224,122,232,0
38051,McIntosh County,North Dakota,1677,502,67,0.2993,0.5754,no,1955,3,no,212,251,156,275,91,60,80,38,12
38053,McKenzie County,North Dakota,7752,499,152,0.0644,0.1067,no,2011,1,no,71,257,220,591,456,511,867,4191,89
38055,McLean County,North Dakota,5807,789,113,0.1359,0.2910,no,1975,2,no,457,444,626,1305,440,420,388,911,27
38057,Mercer County,North Dakota,4667,453,97,0.0971,0.1609,no,1981,3,no,115,183,435,1084,992,357,510,505,33
38059,Morton County,North Dakota,15465,1691,344,0.1093,0.2089,no,1980,4,no,373,1167,1084,3491,1025,1420,2204,2645,365
38061,Mountrail County,North Dakota,5099,536,138,0.1051,0.1896,no,1997,5,no,183,248,408,522,340,457,819,1535,51
38063,Nelson County,North Dakota,1783,479,84,0.2686,0.4644,no,1963,4,no,142,207,241,318,121,91,75,108,1
38065,Oliver County,North Dakota,893,99,34,0.1109,0.2576,no,1976,2,no,34,97,66,261,91,102,60,73,10
38067,Pembina County,North Dakota,3503,647,99,0.1847,0.3848,no,1969,3,no,236,465,425,821,395,291,80,129,14
38069,Pierce County,North Dakota,2042,439,106,0.2150,0.3590,no,1972,2,no,93,201,155,553,154,111,248,88,0
38071,Ramsey County,North Dakota,5872,698,178,0.1189,0.2515,no,1976,3,no,323,456,746,1271,949,325,520,583,1
38073,Ransom County,North Dakota,2546,731,101,0.2871,0.4324,no,1969,5,no,173,197,201,334,204,292,251,119,44
38075,Renville County,North Dakota,1339,219,46,0.1636,0.3473,no,1973,4,no,38,208,149,218,152,83,132,140,0
38077,Richland County,North Dakota,7530,1479,169,0.1964,0.3275,no,1972,2,no,404,583,962,1448,822,595,466,712,59
38079,Rolette County,North Dakota,4588,286,97,0.0623,0.1447,no,1980,3,no,76,302,623,1009,669,574,574,436,39
38081,Sargent County,North Dakota,1996,475,74,0.2380,0.3442,no,1975,3,no,86,126,139,351,173,252,157,234,3
38083,Sheridan County,North Dakota,838,193,50,0.2303,0.4236,no,1967,6,no,67,95,87,196,35,78,37,47,3
38085,Sioux County,North Dakota,1280,62,23,0.0484,0.1297,no,1984,4,no,43,61,107,291,175,226,251,56,8
38087,Slope County,North Dakota,456,126,33,0.2763,0.4912,no,1961,14,no,73,25,27,52,79,8,53,13,0
38089,Stark County,North Dakota,15514,1422,274,0.0917,0.1902,no,1986,2,no,439,1089,1139,2239,2264,721,1241,4638,322
38091,Steele County,North Dakota,1119,377,59,0.3369,0.4102,no,1968,4,no,21,61,132,159,96,75,90,94,14
38093,Stutsman County,North Dakota,10413,1229,240,0.1180,0.3368,no,1973,2,no,774,1504,974,2257,968,730,1036,905,36
38095,Towner County,North Dakota,1255,286,82,0.2279,0.3482,no,1969,4,no,72,79,222,205,247,54,79,10,1
38097,Traill County,North Dakota,3664,1070,107,0.2920,0.4651,no,1964,3,no,312,322,315,661,209,282,224,202,67
38099,Walsh County,North Dakota,5184,833,100,0.1607,0.3358,no,1971,1,no,286,622,725,1362,404,377,333,234,8
38101,Ward County,North Dakota,32487,3169,484,0.0975,0.2172,no,1984,3,no,1005,2881,3073,4856,3560,2571,3734,7114,524
38103,Wells County,North Dakota,2209,438,79,0.1983,0.4441,no,1964,5,no,236,307,282,384,300,118,34,103,7
38105,Williams County,North Dakota,20376,1694,462,0.0831,0.2179,no,2001,5,no,499,2246,1182,1920,1846,618,2085,8004,282
39001,Adams County,Ohio,12733,2033,273,0.1597,0.2940,no,1981,2,no,726,985,697,1724,1910,1775,2034,722,127
39003,Allen County,Ohio,44791,9716,608,0.2169,0.4289,no,1966,2,no,2868,6629,5512,8011,3255,3937,2931,1655,277
39005,Ashland County,Ohio,22568,5857,502,0.2595,0.4258,no,1969,3,no,990,2762,1764,2809,1681,2956,2828,616,305
39007,Ashtabula County,Ohio,46477,13913,794,0.2994,0.4777,no,1962,2,no,2925,5364,4779,6306,3438,4363,3913,1192,284
39009,Athens County,Ohio,26471,5968,487,0.2255,0.3323,no,1977,2,no,864,1964,2353,3108,2567,4788,2663,1962,234
39011,Auglaize County,Ohio,20056,5716,387,0.2850,0.4404,no,1970,3,no,978,2139,1157,3365,1625,2354,1779,724,219
39013,Belmont County,Ohio,31522,8180,441,0.2595,0.4557,no,1965,3,no,2637,3549,3052,5020,2573,2421,2063,1954,73
39015,Brown County,Ohio,19565,2940,349,0.1503,0.2588,no,1982,3,no,668,1456,1280,2983,2074,4746,2462,590,366
39017,Butler County,Ohio,155372,16682,782,0.1074,0.2590,no,1979,1,no,6229,17333,14035,25796,18421,22647,21799,10970,1460
39019,Carroll County,Ohio,13390,2794,382,0.2087,0.3474,no,1974,2,no,653,1205,1100,2204,1234,2218,1173,694,115
39021,Champaign County,Ohio,16944,5155,421,0.3042,0.4248,no,1969,3,no,771,1272,1441,2092,1892,2191,1601,427,102
39023,Clark County,Ohio,61126,14815,727,0.2424,0.4482,no,1963,1,no,3942,8642,10052,9315,3986,5176,3661,1274,263
39025,Clermont County,Ohio,88470,5301,613,0.0599,0.1857,no,1987,2,no,1907,9224,6206,13794,11766,16940,13674,7834,1824
39027,Clinton County,Ohio,18039,3051,408,0.1691,0.3440,no,1977,3,no,873,2282,1200,2222,1655,3321,2659,590,186
39029,Columbiana County,Ohio,46121,12266,732,0.2660,0.4548,no,1964,2,no,2803,5908,4832,7116,3565,4408,4006,978,239
39031,Coshocton County,Ohio,16308,4307,385,0.2641,0.4183,no,1967,3,no,845,1670,1965,2177,1386,1374,1737,683,164
39033,Crawford County,Ohio,19812,6135,514,0.3097,0.5184,no,1959,2,no,1422,2713,2908,2590,1216,1072,1359,289,108
39035,Cuyahoga County,Ohio,615331,171286,2774,0.2784,0.5581,no,1957,1,no,55584,116518,88873,62613,36889,35173,25710,18980,3705
39037,Darke County,Ohio,22651,7023,505,0.3101,0.4691,no,1963,2,no,1351,2251,2589,3580,1690,2131,1538,384,114
39039,Defiance County,Ohio,16565,4289,435,0.2589,0.4058,no,1968,3,no,601,1832,1861,2759,1252,1787,1449,642,93
39041,Delaware County,Ohio,86269,5874,577,0.0681,0.1030,no,2000,1,no,583,2430,2730,5362,7428,18335,22997,16165,4365
39043,Erie County,Ohio,38534,7794,655,0.2023,0.4045,no,1968,2,no,2485,5309,4412,6343,3177,4681,2555,1596,182
39045,Fairfield County,Ohio,64036,9314,581,0.1454,0.2507,no,1984,2,no,1601,5136,5242,8432,6148,11379,10017,5188,1579
39047,Fayette County,Ohio,12725,2558,410,0.2010,0.3738,no,1971,2,no,620,1579,1342,2330,941,1413,1352,464,126
39049,Franklin County,Ohio,595469,65168,1782,0.1094,0.2540,no,1979,1,no,23221,62883,69128,86026,75087,76172,69129,57064,11591
39051,Fulton County,Ohio,17739,4482,333,0.2527,0.3865,no,1971,2,no,762,1613,1703,2381,1552,2589,1684,879,94
39053,Gallia County,Ohio,13464,1357,301,0.1008,0.2102,no,1981,3,no,598,875,1560,2112,1883,2034,1915,931,199
39055,Geauga County,Ohio,37716,5010,555,0.1328,0.2896,no,1977,1,no,1283,4630,3781,5984,4140,6566,4118,1940,264
39057,Greene County,Ohio,72391,6374,562,0.0880,0.2770,no,1976,1,no,2597,11082,9538,11413,6653,8840,10392,4497,1005
39059,Guernsey County,Ohio,19037,4154,422,0.2182,0.3776,no,1972,2,no,902,2133,1711,3028,1504,2244,2182,1108,71
39061,Hamilton County,Ohio,381356,94778,2103,0.2485,0.4593,no,1963,1,no,24830,55561,54799,47064,35149,26730,22048,16951,3446
39063,Hancock County,Ohio,33920,7937,638,0.2340,0.3730,no,1973,2,no,1025,3690,3209,4141,3009,5122,3920,1557,310
39065,Hardin County,Ohio,12917,3778,368,0.2925,0.4081,no,1969,3,no,705,789,1300,2060,1114,1310,1017,683,161
39067,Harrison County,Ohio,7383,2010,235,0.2722,0.4780,no,1964,6,no,616,903,404,677,652,806,858,421,36
39069,Henry County,Ohio,12096,3746,340,0.3097,0.4640,no,1964,3,no,589,1278,1150,1654,1153,1265,681,498,82
39071,Highland County,Ohio,19036,3769,447,0.1980,0.3173,no,1979,3,no,689,1583,1088,2565,2134,3810,2332,961,105
39073,Hocking County,Ohio,13013,2351,342,0.1807,0.2619,no,1981,3,no,412,645,1205,1768,1710,2332,1397,963,230
39075,Holmes County,Ohio,14561,2487,316,0.1708,0.2474,no,1986,3,no,345,770,725,1888,1646,2426,2510,1482,282
39077,Huron County,Ohio,25597,6649,504,0.2598,0.4122,no,1968,2,no,1026,2876,2922,3629,2041,3218,2402,712,122
39079,Jackson County,Ohio,14548,2314,462,0.1591,0.3109,no,1979,3,no,882,1327,848,2184,1917,1883,1939,1089,165
39081,Jefferson County,Ohio,31025,7378,470,0.2378,0.5290,no,1958,2,no,3227,5808,4369,4142,1784,1915,1448,830,124
39083,Knox County,Ohio,26078,6710,455,0.2573,0.3818,no,1973,2,no,1146,2101,2069,3169,2198,3584,3554,1285,262
39085,Lake County,Ohio,106331,10166,761,0.0956,0.3204,no,1972,2,no,5204,18694,14809,17890,11191,12647,8985,5511,1234
39087,Lawrence County,Ohio,26536,3745,375,0.1411,0.3114,no,1975,2,no,977,3542,3067,4225,3122,3624,2302,1728,204
39089,Licking County,Ohio,73273,11290,676,0.1541,0.2615,no,1980,1,no,2415,5457,7753,9835,7310,11137,11973,4833,1270
39091,Logan County,Ohio,23866,5667,508,0.2375,0.3834,no,1973,3,no,1106,2378,1832,2822,2205,3668,2502,1264,422
39093,Lorain County,Ohio,136548,19006,1030,0.1392,0.3325,no,1973,1,no,7040,19353,17540,19774,8988,15268,17928,9270,2381
39095,Lucas County,Ohio,200998,47604,1397,0.2368,0.4687,no,1963,1,no,15028,31575,23945,28354,16343,15380,13249,8050,1470
39097,Madison County,Ohio,16519,3165,374,0.1916,0.3214,no,1976,2,no,811,1334,1668,2134,1654,2532,1865,1084,272
39099,Mahoning County,Ohio,107990,21805,845,0.2019,0.4623,no,1963,1,no,8051,20063,14528,17110,6288,10364,6597,2709,475
39101,Marion County,Ohio,27358,7848,537,0.2869,0.4642,no,1963,2,no,1324,3528,3147,4359,1731,2431,1950,905,135
39103,Medina County,Ohio,76202,6350,533,0.0833,0.1997,no,1985,2,no,1613,7257,5974,13602,7280,13299,13236,6707,884
39105,Meigs County,Ohio,10675,2345,305,0.2197,0.3189,no,1978,3,no,320,739,714,1531,1293,1753,1380,473,127
39107,Mercer County,Ohio,18103,3222,321,0.1780,0.3624,no,1974,2,no,998,2340,1645,2382,1764,2246,2073,1133,300
39109,Miami County,Ohio,47226,10155,553,0.2150,0.3622,no,1971,2,no,2703,4248,5605,7403,3285,5362,4125,3597,743
39111,Monroe County,Ohio,7132,1612,245,0.2260,0.3247,no,1976,3,no,186,518,649,1063,771,693,917,635,88
39113,Montgomery County,Ohio,252843,39437,1424,0.1560,0.3967,no,1966,1,no,18602,42257,42422,43305,22779,18402,16249,7676,1714
39115,Morgan County,Ohio,7320,1687,230,0.2305,0.3348,no,1978,3,no,319,445,495,906,854,921,906,641,146
39117,Morrow County,Ohio,14704,2890,298,0.1965,0.2775,no,1980,3,no,360,830,1039,2171,1506,2030,2641,1017,220
39119,Muskingum County,Ohio,38357,8868,574,0.2312,0.3727,no,1972,1,no,2331,3096,3765,5329,3936,4519,4507,1670,336
39121,Noble County,Ohio,5798,1287,221,0.2220,0.3136,no,1978,3,no,196,335,452,794,649,913,770,390,12
39123,Ottawa County,Ohio,28911,5314,418,0.1838,0.3439,no,1976,2,no,1462,3166,2491,3526,4093,3481,3663,1465,250
39125,Paulding County,Ohio,8551,1768,193,0.2068,0.3425,no,1971,2,no,248,913,1208,1417,573,1156,732,498,38
39127,Perry County,Ohio,15044,3652,341,0.2428,0.3526,no,1978,3,no,812,840,832,1738,1496,2443,2322,722,187
39129,Pickaway County,Ohio,22981,3948,416,0.1718,0.2933,no,1978,2,no,779,2014,2126,3124,2270,2849,3638,1648,585
39131,Pike County,Ohio,12107,1018,243,0.0841,0.2921,no,1980,3,no,573,1945,1028,1559,1512,2179,1282,873,138
39133,Portage County,Ohio,71325,8967,809,0.1257,0.2612,no,1977,1,no,2680,6984,8927,11532,6977,10063,9129,5427,639
39135,Preble County,Ohio,18140,4854,376,0.2676,0.3907,no,1972,3,no,791,1443,1502,3123,1711,2454,1585,598,79
39137,Putnam County,Ohio,13884,3455,261,0.2488,0.3720,no,1972,2,no,464,1246,1289,2059,1372,1994,1313,615,77
39139,Richland County,Ohio,54668,10186,650,0.1863,0.4271,no,1965,1,no,3737,9426,8018,8836,3963,5073,3955,1118,356
39141,Ross County,Ohio,32092,5170,494,0.1611,0.3396,no,1974,2,no,1964,3766,3618,3815,3654,4676,3780,1174,475
39143,Sandusky County,Ohio,26501,8019,513,0.3026,0.4970,no,1960,3,no,1460,3692,2325,3419,2689,2264,1708,845,80
39145,Scioto County,Ohio,33070,6866,531,0.2076,0.4202,no,1968,2,no,2653,4376,3387,4483,3375,3584,2766,1336,244
39147,Seneca County,Ohio,23982,8451,480,0.3524,0.5134,no,1959,2,no,1172,2690,2258,3540,1710,2010,1423,629,99
39149,Shelby County,Ohio,20149,4236,376,0.2102,0.3355,no,1974,2,no,861,1662,2123,3063,2122,3037,2022,888,135
39151,Stark County,Ohio,167949,35199,1263,0.2096,0.4278,no,1966,1,no,12242,24415,21348,26539,13060,15429,12898,5499,1320
39153,Summit County,Ohio,247924,49312,1515,0.1989,0.4252,no,1966,1,no,16096,40000,32790,30943,20050,25865,20257,10873,1738
39155,Trumbull County,Ohio,94464,17533,875,0.1856,0.4401,no,1964,2,no,6844,17195,12647,18011,6779,8096,4708,2410,241
39157,Tuscarawas County,Ohio,40913,10104,783,0.2470,0.4138,no,1971,2,no,2411,4416,3095,5406,3602,5222,4120,2304,233
39159,Union County,Ohio,25158,3735,329,0.1485,0.2118,no,1996,2,no,528,1066,904,2715,1396,3833,4879,4673,1429
39161,Van Wert County,Ohio,12573,4004,298,0.3185,0.5023,no,1960,2,no,758,1554,1206,1335,1363,1030,875,347,101
39163,Vinton County,Ohio,5935,1047,222,0.1764,0.2435,no,1982,3,no,106,292,476,831,912,710,1022,507,32
39165,Warren County,Ohio,96061,5385,612,0.0561,0.1380,no,1995,1,no,1530,6344,6916,9929,8984,19304,21330,13257,3082
39167,Washington County,Ohio,27949,6008,422,0.2150,0.3506,no,1973,2,no,1072,2719,2892,4963,3483,2789,2456,1428,139
39169,Wayne County,Ohio,46954,8397,468,0.1788,0.3116,no,1975,1,no,1643,4591,4857,7674,4711,6634,5118,2867,462
39171,Williams County,Ohio,16564,4474,368,0.2701,0.4276,no,1966,2,no,781,1828,2079,2271,1214,2093,1395,425,4
39173,Wood County,Ohio,57649,9559,653,0.1658,0.2629,no,1978,2,no,1509,4087,5232,9967,6448,7743,7765,4619,720
39175,Wyandot County,Ohio,9892,3300,293,0.3336,0.4865,no,1962,5,no,562,950,623,1511,872,887,713,445,29
40001,Adair County,Oklahoma,8148,355,104,0.0436,0.1416,no,1982,1,no,273,526,1025,1600,1506,986,919,818,140
40003,Alfalfa County,Oklahoma,2466,816,93,0.3309,0.5105,no,1959,4,no,210,233,320,329,225,76,127,126,4
40005,Atoka County,Oklahoma,6004,367,106,0.0611,0.1472,no,1984,2,no,177,340,578,1186,964,796,795,685,116
40007,Beaver County,Oklahoma,2471,275,63,0.1113,0.3756,no,1968,3,no,329,324,400,404,398,107,83,113,38
40009,Beckham County,Oklahoma,10137,850,185,0.0839,0.2560,no,1978,2,no,392,1353,977,1825,1198,584,1244,1693,21
40011,Blaine County,Oklahoma,4581,575,135,0.1255,0.3202,no,1972,2,no,456,436,579,1135,620,283,301,161,35
40013,Bryan County,Oklahoma,20780,955,177,0.0460,0.1307,no,1989,2,no,608,1152,1458,3385,3012,2849,3236,3530,595
40015,Caddo County,Oklahoma,11545,1621,150,0.1404,0.3071,no,1972,1,no,751,1173,1640,2546,1327,896,895,681,15
40017,Canadian County,Oklahoma,61956,2026,299,0.0327,0.0812,no,1999,2,no,1228,1777,3840,8438,7918,6305,11672,14413,4339
40019,Carter County,Oklahoma,21624,1816,201,0.0840,0.3045,no,1978,2,no,1611,3158,1613,3424,2723,2280,2858,1915,226
40021,Cherokee County,Oklahoma,22363,679,149,0.0304,0.1003,no,1989,2,no,351,1214,1929,3753,3796,3442,3848,2799,552
40023,Choctaw County,Oklahoma,7117,330,80,0.0464,0.1626,no,1982,2,no,298,529,642,1550,1271,884,949,569,95
40025,Cimarron County,Oklahoma,1366,250,65,0.1830,0.4510,no,1963,4,no,214,152,244,159,184,76,46,41,0
40027,Cleveland County,Oklahoma,124442,2352,314,0.0189,0.0716,no,1990,2,no,1841,4711,10933,20607,21249,16316,23678,20095,2660
40029,Coal County,Oklahoma,2585,310,68,0.1199,0.2538,no,1976,1,no,91,255,268,636,313,253,304,137,18
40031,Comanche County,Oklahoma,52666,2754,324,0.0523,0.2200,no,1977,1,no,2904,5928,7919,10192,6503,4754,6126,4990,596
40033,Cotton County,Oklahoma,2697,423,85,0.1568,0.3426,no,1971,3,no,276,225,395,504,192,399,171,82,30
40035,Craig County,Oklahoma,6381,945,112,0.1481,0.3278,no,1974,2,no,431,716,693,978,720,791,527,523,57
40037,Creek County,Oklahoma,31629,2078,233,0.0657,0.1526,no,1985,1,no,850,1899,2989,5790,4383,3896,5252,3870,622
40039,Custer County,Oklahoma,12971,1192,209,0.0919,0.2111,no,1978,2,no,586,960,1639,2672,2287,739,1144,1572,180
40041,Delaware County,Oklahoma,24396,726,132,0.0298,0.1069,no,1987,2,no,633,1250,1959,4297,4496,4161,4137,2396,341
40043,Dewey County,Oklahoma,2184,309,57,0.1415,0.3159,no,1974,2,no,174,207,242,365,269,164,170,271,13
40045,Ellis County,Oklahoma,2127,362,64,0.1702,0.4039,no,1969,4,no,237,260,225,371,282,96,120,157,17
40047,Garfield County,Oklahoma,27804,3905,431,0.1404,0.3573,no,1970,2,no,2420,3608,3858,5090,3881,1947,1274,1665,156
40049,Garvin County,Oklahoma,12081,537,110,0.0444,0.2675,no,1973,1,no,628,2067,2111,2450,1698,857,970,679,84
40051,Grady County,Oklahoma,23528,2194,243,0.0933,0.2309,no,1982,1,no,1676,1562,1555,4110,3222,2491,3728,2457,533
40053,Grant County,Oklahoma,2163,468,73,0.2164,0.4161,no,1967,4,no,175,257,266,406,245,54,88,169,35
40055,Greer County,Oklahoma,2613,404,109,0.1546,0.4424,no,1964,3,no,381,371,362,445,202,101,257,86,4
40057,Harmon County,Oklahoma,1354,234,60,0.1728,0.4254,no,1964,3,no,66,276,281,201,85,91,58,62,0
40059,Harper County,Oklahoma,1714,284,79,0.1657,0.3792,no,1965,2,no,130,236,418,288,97,58,131,50,22
40061,Haskell County,Oklahoma,5704,409,99,0.0717,0.1711,no,1984,2,no,205,362,650,948,794,814,828,611,83
40063,Hughes County,Oklahoma,5782,754,133,0.1304,0.4114,no,1971,2,no,862,763,424,890,596,514,566,399,14
40065,Jackson County,Oklahoma,12072,976,131,0.0808,0.2876,no,1973,2,no,810,1686,1705,2652,1346,1315,799,734,49
40067,Jefferson County,Oklahoma,2734,371,67,0.1357,0.3636,no,1970,3,no,234,389,380,707,272,120,144,85,32
40069,Johnston County,Oklahoma,4708,213,75,0.0452,0.1793,no,1983,2,no,131,500,356,916,765,541,837,384,65
40071,Kay County,Oklahoma,20913,3740,298,0.1788,0.4503,no,1964,2,no,1757,3921,2758,3457,2090,1345,1004,709,132
40073,Kingfisher County,Oklahoma,6460,914,158,0.1415,0.2528,no,1978,3,no,317,402,618,1296,882,452,887,504,188
40075,Kiowa County,Oklahoma,4665,1177,130,0.2523,0.4800,no,1962,3,no,415,647,535,800,412,208,216,224,31
40077,Latimer County,Oklahoma,4705,270,63,0.0574,0.1751,no,1983,2,no,233,321,457,825,851,487,703,480,78
40079,Le Flore County,Oklahoma,21249,1243,142,0.0585,0.1668,no,1985,2,no,989,1312,1896,3660,3313,3391,2870,2250,325
40081,Lincoln County,Oklahoma,14561,1320,164,0.0907,0.1761,no,1986,2,no,460,784,1107,2431,1889,2361,2025,1765,419
40083,Logan County,Oklahoma,19479,1387,279,0.0712,0.1620,no,1993,3,no,587,1182,1040,3249,1666,2395,3783,3218,972
40085,Love County,Oklahoma,4732,199,43,0.0421,0.1583,no,1984,3,no,176,374,335,1033,663,590,581,681,100
40087,McClain County,Oklahoma,17630,531,137,0.0301,0.0927,no,1997,2,no,383,720,959,2159,2602,2020,3287,3769,1200
40089,McCurtain County,Oklahoma,14013,371,92,0.0265,0.1085,no,1983,1,no,427,722,1414,3385,2187,2053,1642,1436,376
40091,McIntosh County,Oklahoma,11895,602,133,0.0506,0.1227,no,1983,2,no,385,473,1211,2660,1862,1581,1947,1058,116
40093,Major County,Oklahoma,3716,416,99,0.1119,0.2925,no,1976,3,no,391,280,363,714,556,230,361,346,59
40095,Marshall County,Oklahoma,8832,249,70,0.0282,0.1020,no,1985,2,no,231,421,974,1838,1511,1245,1408,806,149
40097,Mayes County,Oklahoma,18391,829,168,0.0451,0.1712,no,1981,3,no,651,1669,2011,3725,2187,2461,3099,1382,377
40099,Murray County,Oklahoma,6555,418,111,0.0638,0.1860,no,1980,3,no,246,555,647,1362,1019,680,992,544,92
40101,Muskogee County,Oklahoma,29349,2611,239,0.0890,0.2614,no,1978,2,no,1598,3463,2624,5778,4387,3254,3297,1917,420
40103,Noble County,Oklahoma,5078,783,147,0.1542,0.3253,no,1975,3,no,295,574,427,971,521,600,544,352,11
40105,Nowata County,Oklahoma,4362,519,111,0.1190,0.3260,no,1977,2,no,393,510,318,666,554,543,465,362,32
40107,Okfuskee County,Oklahoma,4798,448,83,0.0934,0.2145,no,1980,2,no,297,284,614,789,750,492,641,390,93
40109,Oklahoma County,Oklahoma,360591,23545,1224,0.0653,0.2388,no,1978,1,no,20233,42315,48672,58509,46858,30942,41355,40611,7551
40111,Okmulgee County,Oklahoma,16738,2890,256,0.1727,0.3174,no,1976,2,no,1138,1285,1283,2785,2260,1800,1994,1097,206
40113,Osage County,Oklahoma,19886,1874,204,0.0942,0.2343,no,1980,1,no,950,1835,1674,3598,2458,2244,3105,1793,355
40115,Ottawa County,Oklahoma,13701,1652,121,0.1206,0.3186,no,1974,1,no,1080,1633,1413,2584,1697,1356,1355,826,105
40117,Pawnee County,Oklahoma,7326,960,120,0.1310,0.2312,no,1978,2,no,268,466,728,1604,1001,678,968,610,43
40119,Payne County,Oklahoma,37069,2694,373,0.0727,0.1840,no,1984,2,no,1651,2477,3888,5927,5240,3437,5688,5550,517
40121,Pittsburg County,Oklahoma,22252,1779,233,0.0799,0.2237,no,1979,2,no,1227,1972,2396,4408,2674,2632,2839,2084,241
40123,Pontotoc County,Oklahoma,17531,1152,185,0.0657,0.2267,no,1978,1,no,1257,1565,2181,3337,2423,1367,2139,1831,279
40125,Pottawatomie County,Oklahoma,30317,2722,267,0.0898,0.2162,no,1980,1,no,1561,2271,2680,6089,3808,3004,4456,3144,582
40127,Pushmataha County,Oklahoma,5708,294,60,0.0515,0.1456,no,1982,1,no,271,266,480,1326,1028,717,727,539,60
40129,Roger Mills County,Oklahoma,1847,252,42,0.1364,0.3357,no,1974,2,no,203,165,186,302,228,165,207,128,11
40131,Rogers County,Oklahoma,39369,1307,188,0.0332,0.0988,no,1993,1,no,699,1883,2953,6182,5010,5282,8527,6328,1198
40133,Seminole County,Oklahoma,10838,1405,142,0.1296,0.3037,no,1976,2,no,1018,868,948,1850,1559,1022,1192,844,132
40135,Sequoyah County,Oklahoma,18367,371,103,0.0202,0.0926,no,1986,1,no,442,888,1827,3500,3642,3160,2723,1622,192
40137,Stephens County,Oklahoma,20323,1439,203,0.0708,0.2656,no,1975,2,no,1329,2630,2241,4597,3547,1591,1883,886,180
40139,Texas County,Oklahoma,8461,945,216,0.1117,0.2493,no,1976,2,no,418,746,1176,1544,1322,1179,762,295,74
40141,Tillman County,Oklahoma,3748,437,85,0.1166,0.4328,no,1963,2,no,499,686,798,707,255,143,159,57,7
40143,Tulsa County,Oklahoma,297882,20100,740,0.0675,0.2283,no,1979,1,no,13814,34104,33400,54290,42107,28554,34692,32038,4783
40145,Wagoner County,Oklahoma,34178,739,148,0.0216,0.0667,no,1995,2,no,340,1201,2351,6220,3944,4321,7787,5297,1978
40147,Washington County,Oklahoma,23741,2256,242,0.0950,0.3354,no,1971,2,no,1888,3819,3342,4106,2576,1762,2385,1424,183
40149,Washita County,Oklahoma,5140,808,97,0.1572,0.4411,no,1964,2,no,347,1112,731,781,554,240,330,229,8
40151,Woods County,Oklahoma,4447,1312,230,0.2950,0.5062,no,1960,4,no,346,593,655,580,254,285,157,260,5
40153,Woodward County,Oklahoma,9391,785,210,0.0836,0.2426,no,1978,2,no,702,791,815,2108,1685,744,759,967,35
41001,Baker County,Oregon,8725,2781,251,0.3187,0.4434,no,1967,4,no,430,658,737,1128,834,997,685,375,100
41003,Benton County,Oregon,40951,3359,393,0.0820,0.1958,no,1979,1,no,1947,2712,4924,8434,3657,5682,5541,3793,902
41005,Clackamas County,Oregon,174323,12077,814,0.0693,0.1586,no,1985,1,no,6026,9546,14538,33893,22610,30042,23481,18326,3784
41007,Clatsop County,Oregon,23395,5436,475,0.2324,0.3755,no,1975,2,no,1849,1500,1338,3419,2711,2617,2744,1559,222
41009,Columbia County,Oregon,22167,3353,463,0.1513,0.2517,no,1981,3,no,980,1246,1554,3623,2438,4051,3081,1572,269
41011,Coos County,Oregon,31905,3771,508,0.1182,0.3133,no,1974,2,no,2045,4181,3431,6819,3073,3302,3209,1568,506
41013,Crook County,Oregon,11800,345,122,0.0292,0.1143,no,1996,3,no,457,547,924,1933,748,1623,2918,1671,634
41015,Curry County,Oregon,13215,456,158,0.0345,0.1882,no,1982,3,no,514,1517,1148,2555,1855,2425,1850,668,227
41017,Deschutes County,Oregon,99297,2807,507,0.0283,0.0637,no,1998,1,no,1596,1918,2693,14361,9730,20275,25359,16433,4125
41019,Douglas County,Oregon,50562,3985,466,0.0788,0.2854,no,1977,2,no,4068,6379,3914,10635,5350,6075,6538,2716,902
41021,Gilliam County,Oregon,1138,266,65,0.2337,0.4965,no,1961,8,no,56,243,76,72,73,155,158,39,0
41023,Grant County,Oregon,4157,685,115,0.1648,0.4277,no,1971,2,no,307,786,242,755,389,368,354,207,64
41025,Harney County,Oregon,3732,605,134,0.1621,0.3266,no,1974,3,no,89,525,366,790,408,575,162,161,51
41027,Hood River County,Oregon,10290,1582,298,0.1537,0.2537,no,1984,3,no,496,533,464,1577,1217,1520,1555,1136,210
41029,Jackson County,Oregon,97991,6074,523,0.0620,0.1796,no,1985,2,no,4978,6552,9215,16875,10191,16662,16452,8715,2277
41031,Jefferson County,Oregon,10602,274,109,0.0258,0.1045,no,1991,1,no,386,448,758,1815,1305,2484,1937,943,252
41033,Josephine County,Oregon,39503,2317,413,0.0587,0.1795,no,1982,2,no,1710,3065,3374,8413,4602,5944,6472,3237,369
41035,Klamath County,Oregon,33162,5314,458,0.1602,0.3177,no,1974,1,no,2602,2621,3301,6545,2840,4080,4082,1309,468
41037,Lake County,Oregon,4234,641,157,0.1514,0.3427,no,1972,4,no,343,467,547,551,683,427,352,197,26
41039,Lane County,Oregon,169788,11264,777,0.0663,0.2144,no,1977,2,no,11381,13762,22582,34853,14948,24001,20539,13624,2834
41041,Lincoln County,Oregon,32628,2885,373,0.0884,0.2048,no,1981,2,no,1688,2108,2800,6369,4256,5391,4019,2660,452
41043,Linn County,Oregon,53315,4551,565,0.0854,0.2482,no,1978,2,no,4266,4417,4373,10735,4542,7979,6670,4517,1265
41045,Malheur County,Oregon,11716,1344,216,0.1147,0.3038,no,1974,2,no,1202,1013,1305,2339,1352,1627,1050,381,103
41047,Marion County,Oregon,132295,10594,689,0.0801,0.1966,no,1979,1,no,5440,9974,13075,28897,13048,20385,17044,10367,3471
41049,Morrow County,Oregon,4912,564,147,0.1148,0.2009,no,1979,3,no,191,232,521,1005,456,924,515,427,77
41051,Multnomah County,Oregon,371179,84833,2123,0.2286,0.3961,no,1972,2,no,24663,37527,31597,45352,29428,32275,39512,39590,6402
41053,Polk County,Oregon,34867,2394,284,0.0687,0.1551,no,1990,2,no,1190,1823,3294,5669,3047,5787,6793,3958,912
41055,Sherman County,Oregon,969,345,65,0.3560,0.4995,no,1960,14,no,76,63,36,106,77,79,94,46,47
41057,Tillamook County,Oregon,19213,3025,335,0.1574,0.2779,no,1980,3,no,1139,1175,1271,2915,2098,3023,2843,1461,263
41059,Umatilla County,Oregon,32199,3846,510,0.1194,0.2968,no,1979,2,no,1955,3757,2107,5135,3989,4644,4295,2209,262
41061,Union County,Oregon,11829,3091,290,0.2613,0.3768,no,1973,2,no,455,911,846,1958,1345,1379,921,720,203
41063,Wallowa County,Oregon,4349,986,177,0.2267,0.3810,no,1973,3,no,237,434,323,601,281,536,509,373,69
41065,Wasco County,Oregon,12198,2134,283,0.1749,0.3824,no,1973,2,no,981,1549,893,1953,1160,1406,1199,833,90
41067,Washington County,Oregon,243278,6827,719,0.0281,0.0956,no,1990,2,no,5075,11367,19551,44175,32255,48002,40987,29135,5904
41069,Wheeler County,Oregon,908,253,54,0.2786,0.4152,no,1975,5,no,48,76,24,101,46,165,120,70,5
41071,Yamhill County,Oregon,41200,3188,411,0.0774,0.1678,no,1990,2,no,1856,1868,2081,6843,4794,8019,6450,5199,902
42001,Adams County,Pennsylvania,43672,7649,422,0.1751,0.2943,no,1980,2,no,1879,3324,3050,5697,5580,6746,6047,3153,547
42003,Allegheny County,Pennsylvania,606827,170768,2591,0.2814,0.5446,no,1957,2,no,52463,107250,73074,64559,41413,33421,29793,29209,4877
42005,Armstrong County,Pennsylvania,32128,9509,503,0.2960,0.5063,no,1959,2,no,2760,3999,2647,4568,2764,2833,1865,1068,115
42007,Beaver County,Pennsylvania,79328,20692,913,0.2608,0.5543,no,1957,1,no,8588,14688,9148,8528,4892,5286,4209,2831,466
42009,Bedford County,Pennsylvania,23567,6054,363,0.2569,0.3932,no,1971,2,no,1062,2151,2031,3321,2475,2797,2358,1207,111
42011,Berks County,Pennsylvania,171580,47206,1571,0.2751,0.4251,no,1969,2,no,8716,17024,14874,21274,17412,19832,16802,6939,1501
42013,Blair County,Pennsylvania,55901,17240,778,0.3084,0.5364,no,1957,2,no,5236,7510,4428,7707,4413,3955,3551,1568,293
42015,Bradford County,Pennsylvania,29486,9579,427,0.3249,0.4381,no,1969,2,no,1380,1959,2103,4243,3046,3299,2138,1511,228
42017,Bucks County,Pennsylvania,257260,25511,920,0.0992,0.2972,no,1975,1,no,7793,43163,30422,41332,36120,33873,24472,12268,2306
42019,Butler County,Pennsylvania,87382,13577,697,0.1554,0.2971,no,1980,1,no,4191,8193,7478,10439,8990,12523,11519,8396,2076
42021,Cambria County,Pennsylvania,64456,19073,801,0.2959,0.5646,no,1956,1,no,7313,10005,5938,9393,4595,3667,2807,1436,229
42023,Cameron County,Pennsylvania,3920,763,101,0.1946,0.5110,no,1959,3,no,537,703,546,439,400,293,146,47,46
42025,Carbon County,Pennsylvania,34417,10172,560,0.2956,0.4094,no,1972,2,no,1877,2040,2461,3939,5148,3874,3662,1166,78
42027,Centre County,Pennsylvania,66475,9495,656,0.1428,0.2646,no,1980,2,no,2408,5685,6333,9073,9086,9220,8551,5947,677
42029,Chester County,Pennsylvania,212491,26742,1093,0.1259,0.2295,no,1983,2,no,5649,16376,17473,29216,31562,29636,33143,17434,5260
42031,Clarion County,Pennsylvania,18856,4842,293,0.2568,0.4269,no,1967,3,no,1214,1993,2080,3054,1707,1662,1412,798,94
42033,Clearfield County,Pennsylvania,38198,10045,466,0.2630,0.4306,no,1970,2,no,2735,3668,2721,5747,4007,4676,3070,1346,183
42035,Clinton County,Pennsylvania,18617,5152,374,0.2767,0.4298,no,1967,2,no,916,1933,2007,3060,1463,1723,1357,823,183
42037,Columbia County,Pennsylvania,29824,7278,564,0.2440,0.3895,no,1970,1,no,1798,2539,3269,5371,3281,2635,1977,1519,157
42039,Crawford County,Pennsylvania,42157,10750,604,0.2550,0.4436,no,1966,2,no,3120,4829,4089,6787,3846,4016,2959,1535,226
42041,Cumberland County,Pennsylvania,111278,17219,981,0.1547,0.2962,no,1978,1,no,5475,10264,11405,14369,13835,12028,13563,10879,2241
42043,Dauphin County,Pennsylvania,127828,24398,1176,0.1909,0.3871,no,1972,2,no,7361,17726,11737,17659,13015,14160,12176,8057,1539
42045,Delaware County,Pennsylvania,229715,50814,1589,0.2212,0.5765,no,1957,1,no,27585,54023,28200,21517,16195,13023,10493,6579,1286
42047,Elk County,Pennsylvania,16880,3987,405,0.2362,0.4828,no,1961,2,no,1277,2885,2074,2296,1625,1416,681,497,142
42049,Erie County,Pennsylvania,120111,29234,886,0.2434,0.4619,no,1964,1,no,9771,16476,11396,17991,10294,10451,8733,5361,404
42051,Fayette County,Pennsylvania,62158,19521,1005,0.3141,0.5136,no,1959,2,no,4785,7618,6004,8217,5295,4840,3526,2007,345
42053,Forest County,Pennsylvania,6937,867,97,0.1250,0.3229,no,1970,3,no,408,965,1159,1453,751,533,507,282,12
42055,Franklin County,Pennsylvania,67157,10822,737,0.1611,0.3026,no,1978,1,no,3548,5953,6367,8596,7540,9298,9792,4566,675
42057,Fulton County,Pennsylvania,7157,1379,123,0.1927,0.3187,no,1976,2,no,317,585,638,1194,900,885,909,282,68
42059,Greene County,Pennsylvania,16201,5406,357,0.3337,0.5029,no,1960,3,no,1225,1517,1214,1899,1422,1469,1154,811,84
42061,Huntingdon County,Pennsylvania,20984,5663,343,0.2699,0.3920,no,1972,2,no,1186,1376,1810,3023,2278,2243,2228,1124,53
42063,Indiana County,Pennsylvania,37626,8101,466,0.2153,0.3920,no,1970,1,no,2986,3661,4033,6060,4465,3519,2927,1709,165
42065,Jefferson County,Pennsylvania,22085,6950,317,0.3147,0.4918,no,1961,2,no,1659,2253,1884,3344,2130,1537,1462,758,108
42067,Juniata County,Pennsylvania,10506,2498,226,0.2378,0.3743,no,1973,3,no,733,701,738,1688,1129,1238,1021,618,142
42069,Lackawanna County,Pennsylvania,100177,36162,1198,0.3610,0.5472,no,1955,2,no,9431,9222,8857,11938,7754,6710,5743,3786,574
42071,Lancaster County,Pennsylvania,219224,42807,1575,0.1953,0.3250,no,1978,1,no,7825,20624,17430,26326,30544,28193,24899,17615,2961
42073,Lawrence County,Pennsylvania,39591,10962,530,0.2769,0.5572,no,1957,1,no,4011,7087,3439,5076,2824,2768,2278,968,178
42075,Lebanon County,Pennsylvania,59921,12684,752,0.2117,0.3908,no,1972,1,no,3784,6947,5017,8150,5629,5740,7069,4069,832
42077,Lehigh County,Pennsylvania,151220,36524,1242,0.2415,0.4148,no,1968,2,no,8570,17637,15521,19351,14845,13404,15296,8375,1697
42079,Luzerne County,Pennsylvania,151287,45854,1255,0.3031,0.4968,no,1960,2,no,13646,15660,13182,24274,12363,11073,9848,4538,849
42081,Lycoming County,Pennsylvania,52715,16151,767,0.3064,0.4759,no,1963,2,no,2934,6002,4045,7916,4771,4817,3435,2455,189
42083,McKean County,Pennsylvania,19465,7377,332,0.3790,0.5856,no,1953,3,no,1795,2227,1593,2101,1482,1625,788,440,37
42085,Mercer County,Pennsylvania,50930,11261,576,0.2211,0.4664,no,1963,1,no,3998,8496,5662,7530,4141,4880,3314,1328,320
42087,Mifflin County,Pennsylvania,21468,6513,387,0.3034,0.5047,no,1960,2,no,1827,2494,1960,3129,1590,1702,1325,800,128
42089,Monroe County,Pennsylvania,79607,7225,866,0.0908,0.1685,no,1984,2,no,1832,4356,5856,12075,19281,13578,12474,2472,458
42091,Montgomery County,Pennsylvania,350351,55956,1523,0.1597,0.3734,no,1971,1,no,19038,55812,40924,42462,40033,37867,29987,22976,5296
42093,Montour County,Pennsylvania,8144,1752,212,0.2151,0.3336,no,1976,2,no,253,712,642,1260,1080,1119,761,456,109
42095,Northampton County,Pennsylvania,129448,33927,1047,0.2621,0.4068,no,1971,1,no,5969,12761,10611,14601,13764,12827,15470,8074,1444
42097,Northumberland County,Pennsylvania,43395,16526,650,0.3808,0.5523,no,1954,2,no,3361,4080,3510,5838,3430,2911,2498,1015,226
42099,Perry County,Pennsylvania,20049,4305,251,0.2147,0.3291,no,1976,2,no,1016,1278,1295,3327,2913,2496,1869,1310,240
42101,Philadelphia County,Pennsylvania,748270,298317,4110,0.3987,0.6494,no,1949,2,no,79828,107781,79642,57862,33592,18957,26474,37827,7990
42103,Pike County,Pennsylvania,40177,2648,296,0.0659,0.1512,no,1985,1,no,972,2454,2584,6188,10467,5041,7146,2302,375
42105,Potter County,Pennsylvania,12397,3069,181,0.2476,0.4053,no,1969,2,no,705,1251,1319,1966,1451,1175,960,448,53
42107,Schuylkill County,Pennsylvania,67295,31397,940,0.4666,0.6096,no,1946,2,no,3868,5760,4431,7467,4174,4744,3553,1669,232
42109,Snyder County,Pennsylvania,16053,3387,236,0.2110,0.3692,no,1973,2,no,865,1675,1518,1899,2049,1857,1873,811,119
42111,Somerset County,Pennsylvania,37863,10694,562,0.2824,0.4659,no,1964,3,no,3027,3920,2952,5443,3951,3612,2832,1255,177
42113,Sullivan County,Pennsylvania,5584,1531,120,0.2742,0.3890,no,1973,3,no,220,421,417,809,682,651,540,288,25
42115,Susquehanna County,Pennsylvania,21348,5555,241,0.2602,0.3477,no,1975,1,no,680,1187,1652,3116,3549,2909,1683,932,85
42117,Tioga County,Pennsylvania,21571,7070,342,0.3278,0.4100,no,1972,2,no,596,1178,1385,3179,2166,2528,2114,1171,184
42119,Union County,Pennsylvania,16205,3817,361,0.2355,0.3668,no,1974,2,no,804,1323,1255,2261,1998,2354,1501,764,128
42121,Venango County,Pennsylvania,26244,8633,398,0.3290,0.5105,no,1959,2,no,1537,3228,2215,3692,2163,1750,2040,885,101
42123,Warren County,Pennsylvania,21629,6465,359,0.2989,0.5070,no,1959,2,no,1763,2737,2515,3016,2038,1276,1264,457,98
42125,Washington County,Pennsylvania,97923,25451,752,0.2599,0.4409,no,1966,1,no,6323,11405,9842,11848,7855,8424,8403,6684,1688
42127,Wayne County,Pennsylvania,32171,5696,506,0.1771,0.2642,no,1980,1,no,897,1905,2080,5526,6425,4318,3589,1520,215
42129,Westmoreland County,Pennsylvania,168812,33492,1246,0.1984,0.4444,no,1964,2,no,13931,27603,21124,23958,14241,14452,12489,6270,1252
42131,Wyoming County,Pennsylvania,12896,3317,218,0.2572,0.3559,no,1974,1,no,402,871,965,2266,1663,1470,1303,565,74
42133,York County,Pennsylvania,189857,34772,1490,0.1831,0.3292,no,1976,1,no,8801,18920,17204,24375,21916,24700,26096,10620,2453
44001,Bristol County,Rhode Island,21615,7021,579,0.3248,0.5418,no,1957,2,no,1310,3379,2530,2131,2242,1207,1094,617,84
44003,Kent County,Rhode Island,76529,15217,1048,0.1988,0.4152,no,1967,1,no,4660,11899,9512,11246,10374,6795,4047,2205,574
44005,Newport County,Rhode Island,43663,13197,800,0.3022,0.4709,no,1963,2,no,2532,4831,4355,4871,5344,3089,3405,1787,252
44007,Providence County,Rhode Island,277740,99748,2259,0.3591,0.5417,no,1956,2,no,18659,32051,28849,30143,27610,15292,14311,9277,1800
44009,Washington County,Rhode Island,66385,11231,819,0.1692,0.2968,no,1977,2,no,2935,5539,7274,9359,10852,7432,6785,4152,826
45001,Abbeville County,South Carolina,11806,1065,232,0.0902,0.2345,no,1980,3,no,384,1320,1119,1961,1722,2125,1071,837,202
45003,Aiken County,South Carolina,80008,3169,464,0.0396,0.1747,no,1989,2,no,2029,8781,6609,9074,10887,13456,12123,11326,2554
45005,Allendale County,South Carolina,4050,220,106,0.0543,0.2378,no,1977,4,no,101,642,590,664,508,851,177,187,110
45007,Anderson County,South Carolina,92319,3723,540,0.0403,0.1510,no,1988,1,no,3377,6841,8655,13921,11940,16734,14428,10276,2424
45009,Bamberg County,South Carolina,6581,541,165,0.0822,0.2535,no,1978,3,no,563,564,658,1148,1027,1082,550,303,145
45011,Barnwell County,South Carolina,9927,663,191,0.0668,0.1752,no,1983,2,no,194,882,1026,1567,2346,1843,908,432,66
45013,Beaufort County,South Carolina,103177,909,271,0.0088,0.0359,no,1999,1,no,519,2276,2760,10500,18868,18007,28507,17033,3798
45015,Berkeley County,South Carolina,100600,1003,254,0.0100,0.0393,no,2002,1,no,695,2259,5315,10245,14909,12136,21862,23400,8776
45017,Calhoun County,South Carolina,7068,402,125,0.0569,0.1633,no,1988,3,no,286,466,458,956,1236,1482,966,661,155
45019,Charleston County,South Carolina,209803,10253,745,0.0489,0.1483,no,1991,1,no,7261,13607,18096,23125,28969,27460,36275,37713,7044
45021,Cherokee County,South Carolina,25150,1097,245,0.0436,0.1492,no,1984,3,no,1145,1510,2772,4654,3241,4439,3636,1775,881
45023,Chester County,South Carolina,14807,1373,255,0.0927,0.2556,no,1980,3,no,810,1602,1684,2025,1747,3069,1287,974,236
45025,Chesterfield County,South Carolina,20843,1043,214,0.0500,0.1568,no,1986,2,no,1011,1214,2291,3073,3132,4601,2768,1162,548
45027,Clarendon County,South Carolina,16089,415,143,0.0258,0.0872,no,1990,2,no,291,697,1092,2226,3444,4064,2575,989,296
45029,Colleton County,South Carolina,20083,687,211,0.0342,0.1356,no,1987,1,no,403,1633,1459,3037,4108,3603,3483,1391,279
45031,Darlington County,South Carolina,29763,1269,271,0.0426,0.1761,no,1984,1,no,1158,2815,3372,4207,5394,5499,3695,2080,274
45033,Dillon County,South Carolina,12914,832,193,0.0644,0.1551,no,1984,3,no,318,853,1676,1999,1751,2536,1634,1128,187
45035,Dorchester County,South Carolina,67865,1072,252,0.0158,0.0404,no,2000,2,no,452,1217,2917,8116,10677,9670,18003,12420,3321
45037,Edgefield County,South Carolina,11513,718,211,0.0624,0.1432,no,1988,3,no,237,694,739,1386,2345,2308,1407,1201,478
45039,Fairfield County,South Carolina,11003,849,240,0.0772,0.1567,no,1984,2,no,173,702,1146,1767,2020,2091,1447,675,133
45041,Florence County,South Carolina,62090,1980,328,0.0319,0.1491,no,1986,2,no,2430,4846,6464,9469,9059,10649,10191,5961,1041
45043,Georgetown County,South Carolina,37173,916,209,0.0246,0.0795,no,1993,2,no,732,1308,2493,4139,7133,7390,7842,4179,1041
45045,Greenville County,South Carolina,238260,7578,697,0.0318,0.1295,no,1992,1,no,5914,17355,23556,29530,27350,36670,40381,38660,11266
45047,Greenwood County,South Carolina,31702,2724,429,0.0859,0.2507,no,1977,1,no,1521,3704,4019,5628,3733,4575,3404,1965,429
45049,Hampton County,South Carolina,8645,346,98,0.0400,0.1678,no,1984,3,no,315,790,952,1379,1410,1914,1056,408,75
45051,Horry County,South Carolina,217419,1591,286,0.0073,0.0412,no,1999,2,no,1878,5479,6973,18854,38776,37220,53739,41968,10941
45053,Jasper County,South Carolina,14758,555,212,0.0376,0.0512,no,2003,2,no,110,91,489,1433,1016,2595,3291,3658,1520
45055,Kershaw County,South Carolina,30134,725,197,0.0241,0.1074,no,1993,2,no,563,1948,2397,3771,4179,5743,5784,3773,1251
45057,Lancaster County,South Carolina,43832,1705,308,0.0389,0.1352,no,2000,1,no,1441,2782,3281,4543,3574,4464,8715,10491,2836
45059,Laurens County,South Carolina,32027,1514,262,0.0473,0.1573,no,1985,2,no,1184,2340,3598,5054,5006,6033,3770,2818,710
45061,Lee County,South Carolina,7602,234,90,0.0308,0.1460,no,1983,3,no,298,578,898,1444,1393,1452,879,305,121
45063,Lexington County,South Carolina,132916,2705,391,0.0204,0.0797,no,1993,1,no,1904,5985,10811,20139,18356,22791,24626,20941,4658
45065,McCormick County,South Carolina,5675,293,108,0.0516,0.1799,no,1987,5,no,152,576,589,919,453,1123,779,506,285
45067,Marion County,South Carolina,14505,860,208,0.0593,0.2079,no,1982,4,no,525,1631,1600,2310,1657,2755,1826,1090,251
45069,Marlboro County,South Carolina,12077,1129,217,0.0935,0.2474,no,1977,2,no,881,978,1710,2044,1869,1984,716,735,31
45071,Newberry County,South Carolina,18558,1960,347,0.1056,0.2689,no,1981,3,no,678,2353,1668,2465,2499,2849,2771,1092,223
45073,Oconee County,South Carolina,42100,1697,339,0.0403,0.1211,no,1990,2,no,1207,2196,3519,6191,6323,7372,7494,4706,1395
45075,Orangeburg County,South Carolina,41527,1360,218,0.0327,0.1532,no,1983,2,no,1801,3203,4431,8025,7603,7758,4528,2350,468
45077,Pickens County,South Carolina,58677,2383,369,0.0406,0.1291,no,1989,1,no,1630,3561,4729,8064,10002,11454,8692,6279,1883
45079,Richland County,South Carolina,187611,8022,649,0.0428,0.1554,no,1989,2,no,7155,13985,16684,24869,24539,24960,36020,26996,4381
45081,Saluda County,South Carolina,9543,836,189,0.0876,0.2034,no,1987,2,no,507,598,783,1097,1360,2187,1137,847,191
45083,Spartanburg County,South Carolina,144170,7975,821,0.0553,0.1589,no,1990,2,no,5118,9818,12916,19401,16046,21788,21992,21353,7763
45085,Sumter County,South Carolina,47582,1591,402,0.0334,0.1202,no,1987,2,no,894,3233,4096,7120,9146,8629,6953,4760,1160
45087,Union County,South Carolina,13527,2056,314,0.1520,0.3046,no,1972,2,no,598,1467,2006,2576,1251,1805,1176,452,140
45089,Williamsburg County,South Carolina,14907,750,212,0.0503,0.1407,no,1985,2,no,454,893,1697,2487,2590,2500,1833,1495,208
45091,York County,South Carolina,120653,3318,460,0.0275,0.0872,no,2000,1,no,2269,4933,6111,11581,12923,18937,29225,26634,4722
46003,Aurora County,South Dakota,1261,451,54,0.3577,0.4845,no,1962,5,no,37,123,123,132,61,79,125,129,1
46005,Beadle County,South Dakota,8474,2309,242,0.2725,0.4658,no,1963,3,no,731,907,1010,1045,548,564,556,751,53
46007,Bennett County,South Dakota,1151,162,53,0.1407,0.3779,no,1973,3,no,119,154,73,215,176,149,54,49,0
46009,Bon Homme County,South Dakota,2842,994,122,0.3498,0.5225,no,1958,4,no,188,303,285,357,204,185,89,218,19
46011,Brookings County,South Dakota,15179,2469,337,0.1627,0.2445,no,1983,4,no,399,843,1443,2148,1064,1533,2249,2672,359
46013,Brown County,South Dakota,18090,3753,437,0.2075,0.3462,no,1973,2,no,832,1677,1906,2589,1503,1720,1754,2127,229
46015,Brule County,South Dakota,2367,542,109,0.2290,0.4018,no,1971,4,no,213,196,196,349,248,188,229,200,6
46017,Buffalo County,South Dakota,578,46,25,0.0796,0.1211,yes,1976,3,no,0,24,116,167,67,94,36,23,5
46019,Butte County,South Dakota,4783,744,174,0.1556,0.2762,no,1982,5,no,231,346,348,611,577,642,725,527,32
46021,Campbell County,South Dakota,920,250,60,0.2717,0.5022,no,1960,4,no,101,111,102,65,81,95,53,49,13
46023,Charles Mix County,South Dakota,3668,1009,111,0.2751,0.4160,no,1971,2,no,141,376,270,495,333,416,370,219,39
46025,Clark County,South Dakota,1609,611,78,0.3797,0.5320,no,1957,5,no,79,166,102,222,102,101,139,58,29
46027,Clay County,South Dakota,6262,1170,249,0.1868,0.2878,no,1976,3,no,312,320,661,1052,366,616,407,1329,29
46029,Codington County,South Dakota,13533,2405,316,0.1777,0.3078,no,1978,3,no,602,1158,680,2263,1334,1441,1774,1537,339
46031,Corson County,South Dakota,1359,238,39,0.1751,0.3024,no,1974,3,no,31,142,181,219,157,90,228,52,21
46033,Custer County,South Dakota,5291,566,153,0.1070,0.1922,no,1994,5,no,240,211,340,691,374,605,1242,854,168
46035,Davison County,South Dakota,9579,2144,355,0.2238,0.3699,no,1972,2,no,664,735,936,1686,702,699,1063,842,108
46037,Day County,South Dakota,3440,953,110,0.2770,0.4395,no,1967,4,no,282,277,292,501,195,285,315,317,23
46039,Deuel County,South Dakota,2155,601,92,0.2789,0.4251,no,1971,4,no,144,171,109,363,196,235,159,128,49
46041,Dewey County,South Dakota,1931,173,38,0.0896,0.2056,no,1978,3,no,77,147,272,389,275,292,204,91,11
46043,Douglas County,South Dakota,1338,510,71,0.3812,0.4985,no,1960,6,no,48,109,138,165,70,63,57,157,21
46045,Edmunds County,South Dakota,1898,371,65,0.1955,0.4273,no,1967,4,no,140,300,195,267,172,214,127,112,0
46047,Fall River County,South Dakota,4093,1287,189,0.3144,0.4302,no,1972,3,no,225,249,126,739,402,218,420,379,48
46049,Faulk County,South Dakota,1085,338,53,0.3115,0.4479,no,1964,6,no,63,85,127,196,63,95,61,54,3
46051,Grant County,South Dakota,3456,943,181,0.2729,0.3834,no,1972,3,no,172,210,263,664,298,347,324,127,108
46053,Gregory County,South Dakota,2188,675,74,0.3085,0.4698,no,1963,4,no,133,220,197,279,144,163,197,167,13
46055,Haakon County,South Dakota,895,166,55,0.1855,0.3665,no,1974,8,no,31,131,78,98,153,81,88,64,5
46057,Hamlin County,South Dakota,2860,906,97,0.3168,0.4434,no,1969,5,no,123,239,183,332,159,212,295,327,84
46059,Hand County,South Dakota,1719,550,102,0.3200,0.4456,no,1966,7,no,79,137,151,278,157,128,159,73,7
46061,Hanson County,South Dakota,1291,487,73,0.3772,0.5438,no,1956,5,no,84,131,97,117,66,74,134,92,9
46063,Harding County,South Dakota,688,134,43,0.1948,0.3968,no,1973,4,no,62,77,33,112,88,50,80,46,6
46065,Hughes County,South Dakota,7997,718,131,0.0898,0.2196,no,1978,2,no,94,944,805,1759,1004,905,1038,686,44
46067,Hutchinson County,South Dakota,3236,862,101,0.2664,0.4836,no,1962,4,no,315,388,327,636,171,174,253,75,35
46069,Hyde County,South Dakota,617,220,41,0.3566,0.4992,no,1960,7,no,15,73,56,114,38,28,33,32,8
46071,Jackson County,South Dakota,1086,113,52,0.1041,0.2035,no,1979,3,no,34,74,69,270,137,112,173,104,0
46073,Jerauld County,South Dakota,963,359,72,0.3728,0.5202,no,1958,7,no,54,88,80,92,46,64,91,85,4
46075,Jones County,South Dakota,479,95,40,0.1983,0.3528,no,1973,4,no,20,54,42,105,33,61,55,13,1
46077,Kingsbury County,South Dakota,2663,857,81,0.3218,0.4379,no,1967,5,no,127,182,228,300,178,230,322,197,42
46079,Lake County,South Dakota,5797,1232,165,0.2125,0.3334,no,1975,3,no,312,389,513,864,460,806,568,542,111
46081,Lawrence County,South Dakota,14840,2786,424,0.1877,0.2817,no,1987,3,no,284,1111,530,1552,1657,1650,2551,2322,397
46083,Lincoln County,South Dakota,28710,2384,318,0.0830,0.1079,no,2005,1,no,347,367,472,1445,1112,4202,8082,8548,1751
46085,Lyman County,South Dakota,1553,204,51,0.1314,0.2389,no,1976,3,no,76,91,220,325,194,179,178,76,10
46087,McCook County,South Dakota,2473,696,76,0.2814,0.4367,no,1970,4,no,107,277,146,305,171,272,281,185,33
46089,McPherson County,South Dakota,1205,310,64,0.2573,0.4606,no,1962,3,no,123,122,207,173,121,42,51,55,1
46091,Marshall County,South Dakota,2436,706,115,0.2898,0.3994,no,1970,4,no,86,181,236,446,195,100,335,151,0
46093,Meade County,South Dakota,12871,998,245,0.0775,0.1586,no,1990,3,no,427,616,488,2326,1523,2026,2348,1825,294
46095,Mellette County,South Dakota,779,129,46,0.1656,0.3402,no,1969,4,no,39,97,141,150,101,36,59,27,0
46097,Miner County,South Dakota,1180,440,72,0.3729,0.5559,no,1954,7,no,114,102,152,100,80,53,70,52,17
46099,Minnehaha County,South Dakota,89418,9726,680,0.1088,0.2194,no,1987,1,no,2852,7038,6541,11342,10070,12015,13383,13648,2803
46101,Moody County,South Dakota,2759,832,102,0.3016,0.3672,no,1972,4,no,93,88,286,343,269,246,207,313,82
46102,Oglala Lakota County,South Dakota,3470,160,90,0.0461,0.1190,yes,1987,5,no,141,112,233,803,433,878,545,165,0
46103,Pennington County,South Dakota,51681,3375,440,0.0653,0.2198,no,1982,2,no,1617,6370,4092,9140,5241,5638,8035,6399,1774
46105,Perkins County,South Dakota,1744,367,79,0.2104,0.4243,no,1966,4,no,179,194,222,344,130,100,123,75,10
46107,Potter County,South Dakota,1567,253,54,0.1615,0.3172,no,1974,3,no,71,173,192,242,165,119,252,93,7
46109,Roberts County,South Dakota,4848,1076,95,0.2219,0.3519,no,1974,3,no,250,380,405,884,498,456,466,401,32
46111,Sanborn County,South Dakota,1168,411,69,0.3519,0.5180,no,1958,6,no,102,92,127,135,79,83,106,20,13
46115,Spink County,South Dakota,3010,1210,117,0.4020,0.5076,no,1959,5,no,112,206,210,387,156,259,251,195,24
46117,Stanley County,South Dakota,1542,134,79,0.0869,0.1349,yes,1993,2,no,7,67,36,328,73,417,265,202,13
46119,Sully County,South Dakota,934,160,44,0.1713,0.3105,no,1979,5,no,53,77,59,131,79,120,141,110,4
46121,Todd County,South Dakota,2879,178,75,0.0618,0.1257,no,1981,3,no,63,121,258,772,569,383,322,213,0
46123,Tripp County,South Dakota,2762,703,153,0.2545,0.4048,no,1969,5,no,141,274,307,441,189,232,277,172,26
46125,Turner County,South Dakota,3913,1429,124,0.3652,0.4827,no,1962,4,no,175,285,302,523,196,300,365,292,46
46127,Union County,South Dakota,7588,1211,181,0.1596,0.2181,no,1993,2,no,150,294,308,1158,318,1316,1518,1224,91
46129,Walworth County,South Dakota,2932,604,128,0.2060,0.3342,no,1969,3,no,128,248,548,508,294,141,160,280,21
46135,Yankton County,South Dakota,10616,1524,255,0.1436,0.2888,no,1977,2,no,441,1101,972,1784,884,1575,1181,1093,61
46137,Ziebach County,South Dakota,885,75,29,0.0847,0.1638,no,1987,6,no,34,36,54,184,84,237,160,21,0
47001,Anderson County,Tennessee,35880,1485,296,0.0414,0.3145,no,1977,2,no,5847,3951,3700,4481,4455,5194,4035,2013,719
47003,Bedford County,Tennessee,20488,1074,241,0.0524,0.1634,no,1990,2,no,406,1867,1918,2054,2867,3642,3765,2056,839
47005,Benton County,Tennessee,8569,357,141,0.0417,0.1853,no,1980,3,no,307,924,1191,1544,1016,1524,954,689,63
47007,Bledsoe County,Tennessee,5912,255,98,0.0431,0.1203,no,1993,3,no,193,263,370,707,824,1103,1363,673,161
47009,Blount County,Tennessee,61850,3204,509,0.0518,0.1762,no,1990,2,no,2957,4736,4176,8288,7830,10462,11054,7760,1383
47011,Bradley County,Tennessee,45949,2182,460,0.0475,0.1321,no,1986,2,no,1110,2780,4781,8239,6241,7666,7415,4677,858
47013,Campbell County,Tennessee,20559,1144,227,0.0556,0.1908,no,1984,2,no,767,2012,1747,3147,3671,3293,2749,1834,195
47015,Cannon County,Tennessee,6453,312,102,0.0483,0.1776,no,1990,3,no,205,629,669,699,671,1480,904,660,224
47017,Carroll County,Tennessee,13100,1042,215,0.0795,0.2394,no,1977,2,no,958,1136,1957,2125,1360,2097,1387,943,95
47019,Carter County,Tennessee,28118,3379,382,0.1202,0.2887,no,1977,2,no,2168,2570,2993,4277,3043,4551,3243,1630,264
47021,Cheatham County,Tennessee,17449,757,243,0.0434,0.1033,no,1992,2,no,174,871,1299,1964,2723,3904,3163,1986,608
47023,Chester County,Tennessee,7279,346,163,0.0475,0.1671,no,1989,3,no,318,552,449,978,1112,1392,1371,641,120
47025,Claiborne County,Tennessee,15512,1159,252,0.0747,0.1358,no,1987,2,no,366,582,1210,2916,2177,2318,2911,1705,168
47027,Clay County,Tennessee,4005,132,86,0.0330,0.1006,yes,1985,3,no,69,202,357,854,851,455,654,361,70
47029,Cocke County,Tennessee,17957,1304,273,0.0726,0.1722,no,1987,3,no,623,1166,1615,2504,2496,3780,2745,1308,416
47031,Coffee County,Tennessee,25467,714,193,0.0280,0.1593,no,1986,2,no,861,2483,2908,3842,3140,4529,3872,2359,759
47033,Crockett County,Tennessee,6134,364,107,0.0593,0.1932,no,1979,3,no,281,540,787,1154,723,1090,792,378,25
47035,Cumberland County,Tennessee,31455,794,201,0.0252,0.0732,no,1994,2,no,649,858,1726,4787,4576,6474,7036,3400,1155
47037,Davidson County,Tennessee,357113,21631,1601,0.0606,0.1831,no,1986,2,no,11894,31876,36894,44212,49874,36967,47397,57158,19210
47039,Decatur County,Tennessee,6591,164,79,0.0249,0.1467,no,1984,3,no,282,521,830,1200,816,1078,957,653,90
47041,DeKalb County,Tennessee,10155,445,141,0.0438,0.1090,no,1986,3,no,139,523,1407,1747,1354,1504,1777,1004,255
47043,Dickson County,Tennessee,23657,1664,348,0.0703,0.1604,no,1988,2,no,910,1221,1720,3340,3686,3973,4165,2244,734
47045,Dyer County,Tennessee,16311,1762,386,0.1080,0.2716,no,1978,3,no,1040,1628,1574,2856,1875,2702,2093,629,152
47047,Fayette County,Tennessee,18494,219,88,0.0118,0.0705,no,1999,2,no,431,653,1429,2159,1568,3273,5039,2824,899
47049,Fentress County,Tennessee,9260,449,166,0.0485,0.1213,no,1987,3,no,327,347,972,1470,1477,1621,1284,1018,295
47051,Franklin County,Tennessee,20110,1355,277,0.0674,0.2019,no,1985,2,no,1080,1625,1574,2847,3010,3340,2700,1794,785
47053,Gibson County,Tennessee,22617,1763,315,0.0780,0.2777,no,1976,2,no,1662,2855,2762,3559,2451,2755,2992,1366,452
47055,Giles County,Tennessee,14221,1608,288,0.1131,0.1930,no,1982,2,no,461,676,1424,2591,1792,2389,1513,1316,451
47057,Grainger County,Tennessee,11835,861,266,0.0728,0.1371,no,1992,2,no,178,583,730,1307,1680,2884,2107,1186,319
47059,Greene County,Tennessee,32697,2457,388,0.0751,0.2015,no,1983,2,no,1151,2979,3088,5518,4450,4927,5125,2544,458
47061,Grundy County,Tennessee,6240,544,132,0.0872,0.1862,no,1987,3,no,181,437,344,968,960,1157,1166,366,117
47063,Hamblen County,Tennessee,28095,1024,281,0.0364,0.1616,no,1980,2,no,1112,2404,3964,5701,3390,4904,3122,1911,563
47065,Hamilton County,Tennessee,168013,14419,953,0.0858,0.2316,no,1982,2,no,7991,16502,18590,23433,19894,18624,23846,20580,4134
47067,Hancock County,Tennessee,3675,451,129,0.1227,0.2615,no,1982,4,no,235,275,272,496,479,498,645,289,35
47069,Hardeman County,Tennessee,10750,664,165,0.0618,0.1749,no,1982,2,no,502,714,1454,1638,2009,1844,1097,669,159
47071,Hardin County,Tennessee,15161,339,110,0.0224,0.1175,no,1986,3,no,235,1207,1588,3085,1966,3096,2374,1010,261
47073,Hawkins County,Tennessee,27445,2000,400,0.0729,0.1812,no,1986,2,no,1197,1777,2494,3834,4153,5655,4065,2004,266
47075,Haywood County,Tennessee,8260,576,169,0.0697,0.1869,no,1977,1,no,450,518,1161,2041,1170,873,1059,386,26
47077,Henderson County,Tennessee,12963,410,157,0.0316,0.1323,no,1988,3,no,376,929,1622,1791,1687,2830,2071,975,272
47079,Henry County,Tennessee,17088,1605,247,0.0939,0.1912,no,1984,2,no,486,1176,1424,2846,2582,2960,2359,1401,249
47081,Hickman County,Tennessee,10711,671,181,0.0626,0.1616,no,1989,3,no,486,574,727,1804,1276,2249,1742,908,274
47083,Houston County,Tennessee,3954,383,122,0.0969,0.2056,no,1981,4,no,116,314,395,692,569,593,505,258,129
47085,Humphreys County,Tennessee,8892,427,193,0.0480,0.1834,no,1978,3,no,474,730,1265,1851,1033,1226,1148,620,118
47087,Jackson County,Tennessee,5854,354,113,0.0605,0.1413,no,1989,2,no,165,308,295,686,1232,1512,718,403,181
47089,Jefferson County,Tennessee,25632,1453,370,0.0567,0.1381,no,1991,1,no,772,1314,2282,2982,3505,5377,4472,2916,559
47091,Johnson County,Tennessee,8761,834,264,0.0952,0.2023,no,1981,3,no,486,452,876,1605,1233,1516,1364,226,169
47093,Knox County,Tennessee,218661,14943,1063,0.0683,0.1956,no,1985,1,no,10315,17517,20723,31026,28183,32641,32892,24141,6280
47095,Lake County,Tennessee,2494,182,75,0.0730,0.2582,no,1975,4,no,194,268,358,465,455,308,149,99,16
47097,Lauderdale County,Tennessee,10703,792,158,0.0740,0.2144,no,1981,3,no,573,930,1150,1760,1498,1941,1518,494,47
47099,Lawrence County,Tennessee,18730,956,206,0.0510,0.1871,no,1983,2,no,898,1650,1849,3164,3194,3142,1743,1879,255
47101,Lewis County,Tennessee,5804,112,72,0.0193,0.1278,yes,1991,3,no,255,375,788,552,739,1262,1073,417,231
47103,Lincoln County,Tennessee,16291,1733,326,0.1064,0.2322,no,1985,3,no,753,1296,1179,2164,1947,2755,2634,1518,312
47105,Loudon County,Tennessee,26043,1580,325,0.0607,0.1605,no,1992,2,no,885,1716,1651,3254,3029,4352,4672,3657,1247
47107,McMinn County,Tennessee,24137,1713,287,0.0710,0.2224,no,1983,2,no,1035,2619,2371,3469,2784,3710,3907,2052,477
47109,McNairy County,Tennessee,12327,474,129,0.0385,0.1465,no,1983,3,no,579,753,1211,2639,1541,2208,1830,910,182
47111,Macon County,Tennessee,10997,559,231,0.0508,0.1444,no,1991,3,no,514,515,1320,1327,1153,2109,1850,1496,154
47113,Madison County,Tennessee,44091,2328,385,0.0528,0.1620,no,1986,2,no,1392,3422,3947,6852,6359,9061,6722,3665,343
47115,Marion County,Tennessee,14058,837,221,0.0595,0.1397,no,1985,2,no,295,832,1255,2473,2785,2235,1815,1253,278
47117,Marshall County,Tennessee,14749,1260,291,0.0854,0.1725,no,1991,3,no,542,742,1160,1933,1565,2785,2489,1683,590
47119,Maury County,Tennessee,46159,2900,473,0.0628,0.1671,no,1994,1,no,1897,2917,3326,5086,4283,6477,7451,8641,3181
47121,Meigs County,Tennessee,6275,205,105,0.0327,0.0778,yes,1994,2,no,140,143,425,611,1047,1476,1274,763,191
47123,Monroe County,Tennessee,21764,892,220,0.0410,0.1117,no,1991,2,no,553,985,1473,3565,2925,3971,4597,2299,504
47125,Montgomery County,Tennessee,93445,1786,429,0.0191,0.0819,no,1998,1,no,2086,3780,5640,9961,10085,16386,18696,19978,5047
47127,Moore County,Tennessee,3017,266,127,0.0882,0.1379,no,1991,3,no,19,131,145,398,471,665,465,419,38
47129,Morgan County,Tennessee,8566,637,199,0.0744,0.1880,no,1985,3,no,312,661,700,1307,1223,1609,913,1054,150
47131,Obion County,Tennessee,14326,1340,210,0.0935,0.2652,no,1975,2,no,909,1550,2095,2457,1772,1767,1201,978,257
47133,Overton County,Tennessee,10406,656,211,0.0630,0.1922,no,1983,3,no,405,939,1164,1635,1240,1672,1492,968,235
47135,Perry County,Tennessee,4866,299,151,0.0614,0.1638,yes,1988,5,no,166,332,581,665,492,774,860,608,89
47137,Pickett County,Tennessee,3360,82,42,0.0244,0.1095,yes,1993,4,no,68,218,324,575,272,508,1089,193,31
47139,Polk County,Tennessee,9064,744,180,0.0821,0.1549,no,1988,3,no,252,408,564,1621,1179,1767,1371,972,186
47141,Putnam County,Tennessee,36506,938,206,0.0257,0.1076,no,1991,1,no,1105,1885,2570,5232,5876,6680,6854,4683,683
47143,Rhea County,Tennessee,15451,890,271,0.0576,0.1270,no,1988,3,no,341,732,1151,2839,2178,2469,3079,1654,118
47145,Roane County,Tennessee,25680,1366,293,0.0532,0.2288,no,1979,2,no,1188,3322,2625,4708,3465,3236,3802,1509,459
47147,Robertson County,Tennessee,29824,1627,312,0.0546,0.1230,no,1994,2,no,494,1547,1678,3691,3775,5593,6410,3623,1386
47149,Rutherford County,Tennessee,138929,2365,410,0.0170,0.0654,no,2001,1,no,1650,5073,5286,11649,16999,24365,33620,30025,7897
47151,Scott County,Tennessee,9873,429,167,0.0435,0.1060,no,1988,3,no,93,525,925,1660,1563,1792,1900,721,265
47153,Sequatchie County,Tennessee,6992,457,174,0.0654,0.1396,no,1993,3,no,190,329,412,760,1004,1210,1520,950,160
47155,Sevier County,Tennessee,58967,1724,400,0.0292,0.0746,no,1995,1,no,719,1958,3446,7194,9329,10581,13948,8198,1870
47157,Shelby County,Tennessee,404333,23695,1191,0.0586,0.2675,no,1977,1,no,23828,60648,47348,64689,54406,53582,47715,24061,4361
47159,Smith County,Tennessee,8752,733,174,0.0838,0.2064,no,1988,4,no,439,634,706,1229,805,1946,1289,689,282
47161,Stewart County,Tennessee,6718,354,131,0.0527,0.1137,no,1989,3,no,190,220,684,1063,906,1332,1288,558,123
47163,Sullivan County,Tennessee,76324,5711,610,0.0748,0.2780,no,1977,1,no,5529,9979,8742,12021,9279,11489,7871,4998,705
47165,Sumner County,Tennessee,83236,2011,427,0.0242,0.0723,no,1995,1,no,1067,2939,8046,11565,9867,12064,14883,17278,3516
47167,Tipton County,Tennessee,24417,1323,340,0.0542,0.1289,no,1993,1,no,777,1048,876,3410,3133,5396,6018,1877,559
47169,Trousdale County,Tennessee,3974,317,134,0.0798,0.1233,no,1989,7,no,53,120,298,771,460,452,620,626,257
47171,Unicoi County,Tennessee,8749,978,234,0.1118,0.2593,no,1977,2,no,574,717,849,1860,1109,1384,901,339,38
47173,Union County,Tennessee,9831,703,241,0.0715,0.1373,no,1993,2,no,189,458,712,1054,1222,1951,2312,1038,192
47175,Van Buren County,Tennessee,2922,303,141,0.1037,0.1708,no,1978,2,no,96,100,311,805,153,391,293,388,82
47177,Warren County,Tennessee,18537,1097,242,0.0592,0.1660,no,1979,2,no,876,1105,2711,3841,2018,3217,1885,1332,455
47179,Washington County,Tennessee,62077,4959,506,0.0799,0.2007,no,1985,2,no,2594,4906,5925,8547,7937,9492,10127,6168,1422
47181,Wayne County,Tennessee,7211,435,132,0.0603,0.1921,no,1982,3,no,478,472,897,1162,962,1444,803,428,130
47183,Weakley County,Tennessee,15056,1134,245,0.0753,0.2116,no,1977,2,no,739,1313,2541,2482,1953,2050,1635,1055,154
47185,White County,Tennessee,12335,807,228,0.0654,0.1640,no,1984,4,no,484,732,1663,1945,1286,2535,1498,1054,331
47187,Williamson County,Tennessee,96921,2184,477,0.0225,0.0445,no,2002,2,no,547,1581,3181,8428,10360,18938,21358,25689,4655
47189,Wilson County,Tennessee,63031,1419,329,0.0225,0.0673,no,2000,2,no,1018,1803,4649,6063,8013,8880,12933,13929,4324
48001,Anderson County,Texas,20648,1463,358,0.0709,0.1657,no,1985,2,no,681,1277,1680,3311,3739,2183,3115,2582,617
48003,Andrews County,Texas,7153,7,14,0.0010,0.2115,yes,1983,3,no,65,1441,839,865,1165,618,497,1360,296
48005,Angelina County,Texas,37023,1291,269,0.0349,0.1412,no,1986,1,no,1302,2636,3878,5551,6513,5114,5606,4362,770
48007,Aransas County,Texas,15999,284,139,0.0178,0.0632,no,1998,4,no,214,513,901,1895,2811,1748,3204,3418,1011
48009,Archer County,Texas,3966,200,70,0.0504,0.2249,no,1982,2,no,204,488,437,495,782,572,371,373,44
48011,Armstrong County,Texas,886,164,42,0.1851,0.4086,no,1965,5,no,44,154,148,152,129,26,26,35,8
48013,Atascosa County,Texas,19214,420,167,0.0219,0.1212,no,1993,2,no,487,1422,1337,3087,1968,3406,3013,3558,516
48015,Austin County,Texas,14319,1077,269,0.0752,0.1620,no,1992,3,no,447,796,902,1398,2165,2210,2798,1849,677
48017,Bailey County,Texas,2740,47,41,0.0172,0.2916,yes,1969,4,no,170,582,670,485,468,7,195,91,25
48019,Bandera County,Texas,11585,572,199,0.0494,0.1015,no,1997,3,no,203,401,390,1028,1593,2142,2990,1809,457
48021,Bastrop County,Texas,39706,2217,481,0.0558,0.0955,no,1999,2,no,496,1079,1773,3193,5519,6154,8389,8397,2489
48023,Baylor County,Texas,2190,149,63,0.0680,0.3438,no,1966,3,no,133,471,535,340,337,27,62,136,0
48025,Bee County,Texas,10650,526,152,0.0494,0.1774,no,1978,2,no,382,981,1576,2232,2083,1046,781,842,201
48027,Bell County,Texas,155018,3018,417,0.0195,0.0812,no,1996,2,no,2863,6708,10245,20575,22240,21094,29822,32202,6251
48029,Bexar County,Texas,820780,34758,1283,0.0423,0.1569,no,1990,2,no,32732,61328,69257,99667,118506,87449,141402,138180,37501
48031,Blanco County,Texas,6129,365,141,0.0596,0.1620,no,1998,3,no,297,331,145,451,595,1096,1323,1112,414
48033,Borden County,Texas,368,11,11,0.0299,0.3125,yes,1973,10,no,33,71,58,36,30,52,28,49,0
48035,Bosque County,Texas,9348,803,180,0.0859,0.2337,no,1979,2,no,484,898,1347,1269,1477,1139,1033,739,159
48037,Bowie County,Texas,39948,1676,345,0.0420,0.1549,no,1984,2,no,1172,3339,4673,6265,6442,6986,4329,4349,717
48039,Brazoria County,Texas,150321,1794,361,0.0119,0.0763,no,1996,1,no,2867,6814,11213,20810,18780,20465,31393,29537,6648
48041,Brazos County,Texas,100826,1445,294,0.0143,0.0663,no,1997,1,no,2032,3210,4329,12229,17202,14312,19348,22717,4002
48043,Brewster County,Texas,5917,518,160,0.0875,0.2354,no,1979,4,no,417,458,784,860,720,503,777,630,250
48045,Briscoe County,Texas,849,112,46,0.1319,0.4429,no,1963,4,no,71,193,142,189,74,6,41,14,7
48047,Brooks County,Texas,3884,67,56,0.0173,0.4107,yes,1970,8,no,821,707,327,412,578,192,322,452,6
48049,Brown County,Texas,19246,1040,176,0.0540,0.2443,no,1978,2,no,1818,1843,2078,3775,3283,2023,1794,1288,304
48051,Burleson County,Texas,9579,367,141,0.0383,0.1297,no,1991,3,no,368,507,590,968,1831,1614,1309,1585,440
48053,Burnet County,Texas,25555,511,168,0.0200,0.0641,no,1997,2,no,333,793,1613,3794,3063,3996,6114,4337,1001
48055,Caldwell County,Texas,17582,1303,267,0.0741,0.1640,no,1991,2,no,655,926,1134,1978,2535,2425,3270,2523,833
48057,Calhoun County,Texas,10833,109,86,0.0101,0.2113,yes,1978,3,no,437,1743,1677,1775,1615,876,1252,1197,152
48059,Callahan County,Texas,6539,793,195,0.1213,0.3108,no,1977,3,no,427,812,464,1066,791,507,892,583,204
48061,Cameron County,Texas,159679,3392,482,0.0212,0.0958,no,1992,2,no,3723,8190,9086,23151,26382,25358,34206,22291,3900
48063,Camp County,Texas,5824,76,76,0.0130,0.1173,yes,1985,3,no,149,458,502,1252,1001,1060,772,508,46
48065,Carson County,Texas,2810,657,145,0.2338,0.5103,no,1959,4,no,226,551,282,424,230,207,174,40,19
48067,Cass County,Texas,13993,823,190,0.0588,0.1923,no,1980,3,no,607,1261,1080,3126,2017,1877,1408,1497,297
48069,Castro County,Texas,3024,226,88,0.0747,0.3810,no,1966,3,no,169,757,593,353,291,302,158,154,21
48071,Chambers County,Texas,18937,340,164,0.0180,0.0710,no,2004,3,no,140,864,840,1560,1766,2510,4093,4548,2276
48073,Cherokee County,Texas,21053,1459,295,0.0693,0.1836,no,1987,2,no,883,1523,1447,2672,3777,2729,3728,2454,381
48075,Childress County,Texas,2772,744,187,0.2684,0.4643,no,1963,6,no,233,310,308,271,266,152,315,134,39
48077,Clay County,Texas,5163,419,99,0.0812,0.2371,no,1978,3,no,238,567,506,1002,698,630,469,548,86
48079,Cochran County,Texas,1268,5,8,0.0039,0.3021,yes,1971,3,no,117,261,230,266,153,114,86,34,2
48081,Coke County,Texas,2144,146,62,0.0681,0.2850,no,1974,3,no,147,318,298,383,441,252,55,86,18
48083,Coleman County,Texas,4899,562,142,0.1147,0.4266,no,1966,4,no,722,806,575,568,538,308,488,221,111
48085,Collin County,Texas,437396,2362,538,0.0054,0.0193,no,2003,1,no,2168,3927,8904,27967,55965,84647,109163,112907,29386
48087,Collingsworth County,Texas,1487,409,88,0.2751,0.4802,no,1961,4,no,123,182,337,216,68,57,28,64,3
48089,Colorado County,Texas,10102,1153,346,0.1141,0.2832,no,1983,3,no,620,1088,814,953,1402,1440,1445,1020,167
48091,Comal County,Texas,77961,1933,449,0.0248,0.0583,no,2005,1,no,908,1708,2603,6273,8610,9533,15896,22190,8307
48093,Comanche County,Texas,6940,970,182,0.1398,0.3307,no,1977,3,no,752,573,658,781,1005,608,830,608,155
48095,Concho County,Texas,1414,275,65,0.1945,0.3656,no,1973,5,no,141,101,132,183,212,157,131,77,5
48097,Cooke County,Texas,17944,1079,240,0.0601,0.1993,no,1983,3,no,1015,1482,1715,3008,1943,2224,2759,2242,477
48099,Coryell County,Texas,29512,765,195,0.0259,0.1160,no,1987,2,no,641,2016,2604,5560,4255,4064,4650,4145,812
48101,Cottle County,Texas,930,203,58,0.2183,0.5000,no,1960,6,no,57,205,105,156,67,45,37,55,0
48103,Crane County,Texas,1840,18,27,0.0098,0.2864,yes,1977,5,no,117,392,164,316,362,108,196,131,36
48105,Crockett County,Texas,1729,123,91,0.0711,0.2938,yes,1976,11,no,266,119,246,198,60,315,0,271,131
48107,Crosby County,Texas,2659,206,69,0.0775,0.4156,no,1964,2,no,321,578,554,496,165,173,82,82,2
48109,Culberson County,Texas,1097,39,51,0.0356,0.2197,yes,1975,5,no,126,76,185,223,236,104,68,25,15
48111,Dallam County,Texas,3052,246,162,0.0806,0.2874,yes,1977,5,no,259,372,283,490,295,577,234,276,20
48113,Dallas County,Texas,1064965,36057,1560,0.0339,0.1687,no,1983,1,no,34105,109492,129348,168893,183734,115864,135108,128381,23983
48115,Dawson County,Texas,4903,531,204,0.1083,0.4216,no,1963,3,no,475,1061,1105,757,441,288,70,147,28
48117,Deaf Smith County,Texas,6984,346,138,0.0495,0.2254,no,1971,2,no,458,770,1784,1640,608,249,757,300,72
48119,Delta County,Texas,2450,204,78,0.0833,0.2829,no,1980,4,no,204,285,170,360,418,287,269,163,90
48121,Denton County,Texas,376754,2902,599,0.0077,0.0256,no,2003,1,no,2339,4416,8111,28037,54459,60335,92711,97766,25678
48123,DeWitt County,Texas,9238,1071,231,0.1159,0.2804,no,1978,2,no,547,972,815,1480,1060,1117,1013,979,184
48125,Dickens County,Texas,1151,114,36,0.0990,0.4796,no,1962,5,no,117,321,150,151,71,50,83,84,10
48127,Dimmit County,Texas,4023,170,127,0.0423,0.1827,yes,1985,6,no,236,329,220,754,569,368,569,730,78
48129,Donley County,Texas,1951,334,75,0.1712,0.3470,no,1972,3,no,155,188,208,415,149,171,191,134,6
48131,Duval County,Texas,4420,241,108,0.0545,0.2602,no,1980,3,no,265,644,298,758,1027,412,648,92,35
48133,Eastland County,Texas,9384,1757,256,0.1872,0.4626,no,1966,5,no,1137,1447,632,1161,1039,574,895,464,278
48135,Ector County,Texas,68899,427,230,0.0062,0.2173,yes,1984,2,no,2666,11881,5592,10071,10060,6801,6915,12584,1902
48137,Edwards County,Texas,815,144,80,0.1767,0.3337,yes,1975,11,no,38,90,89,96,45,67,140,104,2
48139,Ellis County,Texas,75422,2565,328,0.0340,0.0827,no,2002,1,no,1269,2406,3436,6732,9042,9005,17658,17084,6225
48141,El Paso County,Texas,323571,13171,986,0.0407,0.1607,no,1988,1,no,9384,29441,27377,46372,45810,41335,48882,54173,7626
48143,Erath County,Texas,18694,1200,238,0.0642,0.1561,no,1991,2,no,534,1184,1237,2654,2204,2682,2848,3684,467
48145,Falls County,Texas,7450,717,191,0.0962,0.2819,no,1976,3,no,428,955,744,1590,797,626,755,778,60
48147,Fannin County,Texas,14814,1655,270,0.1117,0.2033,no,1987,2,no,685,672,1143,1908,2012,2106,2519,1638,476
48149,Fayette County,Texas,13233,1923,269,0.1453,0.2711,no,1984,2,no,610,1055,835,1491,1676,1640,2086,1497,420
48151,Fisher County,Texas,2016,185,59,0.0918,0.4499,no,1963,3,no,235,487,355,311,166,93,100,80,4
48153,Floyd County,Texas,2592,222,76,0.0856,0.4533,no,1962,3,no,220,733,716,313,105,110,142,31,0
48155,Foard County,Texas,623,189,50,0.3034,0.5361,no,1958,4,no,35,110,59,145,17,30,29,2,7
48157,Fort Bend County,Texas,305633,2385,603,0.0078,0.0230,no,2005,1,no,1438,3214,5523,25582,37759,41924,76103,92607,19098
48159,Franklin County,Texas,5121,237,97,0.0463,0.1092,no,1988,3,no,104,218,224,936,1026,886,742,644,104
48161,Freestone County,Texas,9123,496,132,0.0544,0.1611,no,1987,2,no,305,669,625,1550,1287,1170,1513,1345,163
48163,Frio County,Texas,6393,239,148,0.0374,0.1269,yes,1986,4,no,177,395,704,1031,1138,761,937,949,62
48165,Gaines County,Texas,7719,310,160,0.0402,0.1501,yes,1986,2,no,179,670,1165,466,1693,1079,736,1245,176
48167,Galveston County,Texas,161868,8455,558,0.0522,0.1241,no,1990,1,no,3206,8425,15602,22884,22069,19073,30122,27706,4326
48169,Garza County,Texas,2190,57,51,0.0260,0.3059,yes,1973,7,no,115,498,356,218,257,277,319,93,0
48171,Gillespie County,Texas,14373,1280,316,0.0891,0.1616,no,1991,3,no,393,650,622,1933,2047,2087,2605,2182,574
48173,Glasscock County,Texas,513,13,15,0.0253,0.1930,yes,1981,11,no,22,64,118,29,86,38,52,77,14
48175,Goliad County,Texas,3547,221,82,0.0623,0.1672,no,1989,5,no,118,254,355,502,376,692,396,549,84
48177,Gonzales County,Texas,9020,775,198,0.0859,0.2588,no,1983,3,no,849,710,617,1205,1212,1196,1129,1234,93
48179,Gray County,Texas,9952,1130,195,0.1135,0.4900,no,1961,3,no,1220,2526,1451,1215,1137,399,286,439,149
48181,Grayson County,Texas,62132,4298,547,0.0692,0.2032,no,1985,1,no,3404,4924,7551,6988,8017,7216,8053,8919,2762
48183,Gregg County,Texas,53883,1549,294,0.0287,0.1515,no,1980,1,no,1848,4764,6805,12055,9207,5634,6011,5446,564
48185,Grimes County,Texas,12349,520,169,0.0421,0.1041,no,1997,3,no,187,578,668,1028,1989,1619,2022,2817,921
48187,Guadalupe County,Texas,69700,1431,347,0.0205,0.0751,no,2003,2,no,1504,2302,2595,5526,7759,9482,16261,17764,5076
48189,Hale County,Texas,13392,680,195,0.0508,0.2715,no,1969,2,no,685,2271,3244,2571,1713,1043,570,571,44
48191,Hall County,Texas,1739,597,79,0.3433,0.5141,no,1959,4,no,112,185,330,327,67,35,40,46,0
48193,Hamilton County,Texas,4372,771,167,0.1763,0.4424,no,1965,4,no,643,520,480,580,351,245,370,364,48
48195,Hansford County,Texas,2275,152,55,0.0668,0.2668,no,1970,3,no,60,395,507,533,271,99,129,123,6
48197,Hardeman County,Texas,1808,480,91,0.2655,0.4845,no,1961,4,no,179,217,316,206,104,111,78,93,24
48199,Hardin County,Texas,25100,606,189,0.0241,0.1094,no,1994,2,no,751,1389,2105,3479,2940,3587,4762,4323,1158
48201,Harris County,Texas,1917790,48871,2157,0.0255,0.1169,no,1988,2,no,49946,125429,167913,318740,292528,214933,342090,300151,57189
48203,Harrison County,Texas,29756,1966,370,0.0661,0.2062,no,1984,2,no,1670,2501,3346,3965,3693,3694,5016,3379,526
48205,Hartley County,Texas,1814,138,67,0.0761,0.2613,no,1979,6,no,79,257,208,263,269,330,165,92,13
48207,Haskell County,Texas,3081,566,101,0.1837,0.4424,no,1964,3,no,275,522,418,272,484,191,145,196,12
48209,Hays County,Texas,104675,1128,334,0.0108,0.0411,no,2007,1,no,1254,1918,2465,5995,11224,11398,24742,33997,10554
48211,Hemphill County,Texas,1763,343,110,0.1946,0.3369,no,1975,4,no,137,114,102,339,253,154,161,148,12
48213,Henderson County,Texas,41852,875,226,0.0209,0.0900,no,1988,2,no,1038,1852,3250,7162,7945,5593,6829,5825,1483
48215,Hidalgo County,Texas,308556,3021,442,0.0098,0.0429,no,2000,2,no,3275,6952,11634,29778,46235,55888,82880,59773,9120
48217,Hill County,Texas,16434,1478,257,0.0899,0.2354,no,1984,2,no,1074,1317,1382,2131,2063,2474,2199,1795,521
48219,Hockley County,Texas,9233,463,140,0.0501,0.2298,no,1978,2,no,558,1101,1180,1715,1736,1020,853,515,92
48221,Hood County,Texas,29066,452,146,0.0156,0.0427,no,1998,2,no,338,452,910,4004,4736,4321,6418,6184,1251
48223,Hopkins County,Texas,15882,1073,230,0.0676,0.1730,no,1985,2,no,767,907,1405,2695,2234,2100,2048,2284,369
48225,Houston County,Texas,10837,805,219,0.0743,0.1764,no,1981,2,no,489,618,1125,2212,2189,1306,1215,720,158
48227,Howard County,Texas,14048,901,224,0.0641,0.3829,no,1966,2,no,1072,3406,2930,1962,1242,830,638,1003,64
48229,Hudspeth County,Texas,1133,39,29,0.0344,0.1289,yes,1983,4,no,25,82,159,201,208,120,156,143,0
48231,Hunt County,Texas,43022,1475,330,0.0343,0.0997,no,1990,1,no,644,2172,4510,6047,6699,5595,6620,6956,2304
48233,Hutchinson County,Texas,10170,179,79,0.0176,0.3478,no,1969,2,no,1174,2184,1711,1631,1789,704,437,341,20
48235,Irion County,Texas,771,121,49,0.1569,0.2789,no,1980,6,no,49,45,92,73,189,82,56,56,8
48237,Jack County,Texas,3811,348,120,0.0913,0.2779,no,1975,3,no,196,515,463,736,570,298,311,319,55
48239,Jackson County,Texas,7029,411,139,0.0585,0.2609,no,1978,3,no,561,862,716,1183,1002,691,841,648,114
48241,Jasper County,Texas,16727,396,164,0.0237,0.1090,no,1987,3,no,346,1082,1839,2902,2753,2877,1927,2301,304
48243,Jeff Davis County,Texas,1531,139,105,0.0908,0.1744,yes,1991,6,no,41,87,0,131,330,259,411,133,0
48245,Jefferson County,Texas,109884,3773,543,0.0343,0.1727,no,1978,3,no,3765,11439,21733,18944,12117,10337,13900,11877,1999
48247,Jim Hogg County,Texas,1872,142,77,0.0759,0.2858,yes,1977,6,no,132,261,155,332,205,247,166,232,0
48249,Jim Wells County,Texas,16229,712,247,0.0439,0.1847,no,1981,3,no,509,1776,1824,3045,1926,2232,1821,1845,539
48251,Johnson County,Texas,70796,1468,307,0.0207,0.0703,no,1997,2,no,946,2563,4316,8636,10720,10351,13994,12636,5166
48253,Jones County,Texas,7062,857,211,0.1214,0.3989,no,1969,3,no,901,1059,795,1098,681,541,457,544,129
48255,Karnes County,Texas,5975,501,171,0.0838,0.2362,no,1988,5,no,355,555,234,768,729,844,903,985,101
48257,Kaufman County,Texas,54130,1459,310,0.0270,0.0618,no,2005,1,no,500,1388,2083,3835,6092,5653,12783,13395,6942
48259,Kendall County,Texas,19213,851,300,0.0443,0.0687,no,2002,1,no,230,238,443,1568,1810,3394,5218,4379,1082
48261,Kenedy County,Texas,127,24,12,0.1890,0.5748,no,1957,6,no,13,36,14,8,5,7,0,20,0
48263,Kent County,Texas,523,94,36,0.1797,0.3289,no,1973,4,no,12,66,61,95,45,36,75,39,0
48265,Kerr County,Texas,25632,913,222,0.0356,0.1255,no,1987,2,no,1108,1196,1825,4131,5118,3672,4289,2767,613
48267,Kimble County,Texas,2736,313,123,0.1144,0.2372,no,1981,5,no,174,162,324,359,342,308,439,275,40
48269,King County,Texas,189,16,13,0.0847,0.2910,yes,1968,7,no,25,14,47,30,27,3,22,5,0
48271,Kinney County,Texas,1482,115,78,0.0776,0.1478,yes,1983,3,no,12,92,16,392,418,362,71,4,0
48273,Kleberg County,Texas,14012,784,300,0.0560,0.2708,no,1976,2,no,640,2371,1670,2436,1266,1630,1417,1661,137
48275,Knox County,Texas,1804,228,74,0.1264,0.3697,no,1966,2,no,192,247,389,281,271,92,51,49,4
48277,Lamar County,Texas,22824,1058,234,0.0464,0.1200,no,1987,2,no,609,1071,2036,3853,4144,3225,3340,3053,435
48279,Lamb County,Texas,5885,446,139,0.0758,0.3400,no,1966,1,no,493,1062,1589,870,603,251,291,280,0
48281,Lampasas County,Texas,9871,857,270,0.0868,0.2015,no,1990,3,no,269,863,550,1092,1255,1576,1796,1349,264
48283,La Salle County,Texas,2271,266,138,0.1171,0.2558,yes,1984,6,no,71,244,77,356,341,241,392,276,7
48285,Lavaca County,Texas,10518,1272,235,0.1209,0.3071,no,1977,2,no,791,1167,998,1417,1388,920,929,1380,256
48287,Lee County,Texas,7981,709,241,0.0888,0.1521,no,1992,3,no,134,371,488,798,1250,1397,1679,1017,138
48289,Leon County,Texas,9067,380,150,0.0419,0.1043,no,1991,3,no,272,294,500,1231,1729,1468,1685,1406,102
48291,Liberty County,Texas,36121,534,209,0.0148,0.0742,no,1996,2,no,707,1438,2108,5332,4290,6273,6333,6811,2295
48293,Limestone County,Texas,10443,713,164,0.0683,0.1761,no,1983,2,no,356,770,1034,1812,1791,1248,1588,910,221
48295,Lipscomb County,Texas,1432,191,41,0.1334,0.2863,no,1973,3,no,106,113,209,371,235,35,88,80,4
48297,Live Oak County,Texas,5996,143,71,0.0238,0.1151,no,1985,3,no,186,361,622,1172,1020,802,890,752,48
48299,Llano County,Texas,15788,393,137,0.0249,0.0739,no,1990,2,no,156,617,1580,2454,2695,2560,2960,1979,394
48301,Loving County,Texas,33,19,27,0.5758,0.6667,yes,,,yes,0,3,2,0,2,2,2,3,0
48303,Lubbock County,Texas,139344,3510,452,0.0252,0.1673,no,1985,1,no,4522,15285,16922,20748,17506,14823,20393,21542,4093
48305,Lynn County,Texas,2521,214,70,0.0849,0.3776,no,1966,2,no,196,542,550,289,251,73,108,195,103
48307,McCulloch County,Texas,4219,661,196,0.1567,0.3688,no,1971,3,no,574,321,486,644,551,420,278,210,74
48309,McLennan County,Texas,108454,5426,512,0.0500,0.2135,no,1983,1,no,3986,13744,11026,15354,15380,11639,13421,15743,2735
48311,McMullen County,Texas,348,30,25,0.0862,0.2845,yes,1986,15,no,15,54,41,16,31,56,60,45,0
48313,Madison County,Texas,5107,280,140,0.0548,0.1944,no,1985,3,no,420,293,444,706,884,456,877,653,94
48315,Marion County,Texas,5623,307,115,0.0546,0.1627,no,1981,3,no,229,379,688,1144,755,711,780,431,199
48317,Martin County,Texas,2135,140,83,0.0656,0.2431,yes,1974,4,no,130,249,436,316,187,60,244,318,55
48319,Mason County,Texas,2430,423,156,0.1741,0.3412,no,1976,7,no,297,109,217,271,361,170,476,95,11
48321,Matagorda County,Texas,19058,1212,404,0.0636,0.2022,no,1979,2,no,672,1969,2060,3926,2991,1615,2145,2185,283
48323,Maverick County,Texas,20445,730,260,0.0357,0.0742,no,1997,2,no,273,515,923,2249,2750,3762,4827,3967,449
48325,Medina County,Texas,19890,1104,306,0.0555,0.1414,no,1996,2,no,683,1025,1313,1719,2084,3559,3696,4025,682
48327,Menard County,Texas,1383,325,90,0.2350,0.4158,no,1972,7,no,157,93,84,183,195,128,122,96,0
48329,Midland County,Texas,72723,709,198,0.0097,0.1615,no,1992,3,no,1927,9109,4503,7347,11660,7212,8294,18756,3206
48331,Milam County,Texas,11641,692,162,0.0594,0.2068,no,1983,3,no,329,1386,897,2047,1578,1244,1567,1715,186
48333,Mills County,Texas,2597,391,97,0.1506,0.3073,no,1977,3,no,188,219,218,398,218,382,316,216,51
48335,Mitchell County,Texas,3691,499,152,0.1352,0.4909,no,1961,4,no,519,794,409,657,437,87,153,126,10
48337,Montague County,Texas,10348,916,173,0.0885,0.2251,no,1979,2,no,591,822,1173,1854,1086,1026,1241,1327,312
48339,Montgomery County,Texas,266019,1860,594,0.0070,0.0175,no,2004,1,no,995,1792,5910,25510,29990,40608,68557,70404,20393
48341,Moore County,Texas,8277,212,99,0.0256,0.2544,no,1975,2,no,668,1226,1221,1672,909,659,759,885,66
48343,Morris County,Texas,5821,242,109,0.0416,0.2364,no,1975,3,no,281,853,894,1166,1107,334,543,261,140
48345,Motley County,Texas,734,187,48,0.2548,0.4755,no,1961,4,no,65,97,158,77,54,19,30,37,10
48347,Nacogdoches County,Texas,29156,1172,275,0.0402,0.1384,no,1985,2,no,751,2112,2314,5835,5146,4544,3793,3223,266
48349,Navarro County,Texas,22191,1530,278,0.0689,0.1956,no,1983,3,no,1095,1715,1944,4046,3034,2784,2928,2278,837
48351,Newton County,Texas,6492,244,101,0.0376,0.1211,no,1988,3,no,190,352,521,854,1289,992,808,1055,187
48353,Nolan County,Texas,7104,836,189,0.1177,0.4022,no,1965,2,no,605,1416,1275,1253,937,342,189,219,32
48355,Nueces County,Texas,154408,4119,551,0.0267,0.2143,no,1983,2,no,8128,20839,16578,20605,26354,17210,19531,18362,2682
48357,Ochiltree County,Texas,4345,109,64,0.0251,0.1390,yes,1976,3,no,153,342,1070,802,653,432,156,616,12
48359,Oldham County,Texas,776,121,36,0.1559,0.3312,no,1967,3,no,50,86,180,112,31,53,82,44,17
48361,Orange County,Texas,37937,1319,288,0.0348,0.1572,no,1983,2,no,1068,3577,5007,6442,5791,3344,5424,5236,729
48363,Palo Pinto County,Texas,15206,1499,299,0.0986,0.2410,no,1979,2,no,880,1285,2053,2181,1800,1335,2246,1439,488
48365,Panola County,Texas,10853,296,116,0.0273,0.1450,no,1984,3,no,448,830,1301,1895,1487,1290,1643,1396,267
48367,Parker County,Texas,59879,1268,241,0.0212,0.0634,no,2002,1,no,749,1781,3100,5007,7389,7995,13666,14058,4866
48369,Parmer County,Texas,3745,153,74,0.0409,0.2411,no,1973,3,no,245,505,736,892,370,316,230,298,0
48371,Pecos County,Texas,5897,134,85,0.0227,0.1806,yes,1981,5,no,188,743,828,982,609,634,842,838,99
48373,Polk County,Texas,26469,668,195,0.0252,0.0788,no,1989,2,no,379,1038,1628,5211,4589,4250,3916,4036,754
48375,Potter County,Texas,49390,5188,491,0.1050,0.4529,no,1963,2,no,6374,10808,6660,5324,4599,3762,3628,2521,526
48377,Presidio County,Texas,3273,429,147,0.1311,0.3416,no,1982,5,no,439,250,265,145,659,613,210,263,0
48379,Rains County,Texas,5925,83,58,0.0140,0.0614,yes,1996,2,no,83,198,438,588,849,1144,1133,1247,162
48381,Randall County,Texas,61677,1167,330,0.0189,0.1316,no,1986,1,no,1782,5165,7552,10208,8323,5489,9359,10920,1712
48383,Reagan County,Texas,1336,26,37,0.0195,0.1909,yes,1982,4,no,0,229,154,175,340,185,105,122,0
48385,Real County,Texas,1951,205,87,0.1051,0.1445,no,1989,5,no,9,68,201,182,339,269,264,403,11
48387,Red River County,Texas,6194,500,163,0.0807,0.1669,no,1981,3,no,196,338,440,1506,1065,708,688,648,105
48389,Reeves County,Texas,5167,204,104,0.0395,0.2727,yes,1975,5,no,232,973,887,588,446,599,289,864,85
48391,Refugio County,Texas,3359,118,62,0.0351,0.2813,yes,1973,4,no,336,491,601,455,362,315,195,360,126
48393,Roberts County,Texas,393,110,40,0.2799,0.4249,no,1966,7,no,27,30,47,54,36,64,24,1,0
48395,Robertson County,Texas,8612,632,165,0.0734,0.1966,no,1985,3,no,268,793,792,1382,901,1211,1205,1231,197
48397,Rockwall County,Texas,43580,170,93,0.0039,0.0116,yes,2006,2,no,40,297,360,2273,5025,6158,13371,11678,4208
48399,Runnels County,Texas,4990,655,136,0.1313,0.5545,no,1958,2,no,789,1323,555,492,453,353,160,182,28
48401,Rusk County,Texas,21311,1305,295,0.0612,0.2274,no,1980,2,no,1303,2239,1531,4127,3111,2201,3342,2008,144
48403,Sabine County,Texas,7697,200,104,0.0260,0.0907,yes,1991,3,no,65,433,452,1267,1323,1533,1205,996,223
48405,San Augustine County,Texas,4814,310,151,0.0644,0.1464,no,1989,4,no,83,312,502,649,634,1320,517,412,75
48407,San Jacinto County,Texas,15011,230,115,0.0153,0.0806,no,1991,2,no,276,704,690,2831,2412,2425,3026,1861,556
48409,San Patricio County,Texas,30435,928,248,0.0305,0.1707,no,1982,2,no,1199,3069,3255,6191,3294,3079,4285,4122,1013
48411,San Saba County,Texas,2835,336,100,0.1185,0.3048,no,1981,3,no,254,274,262,258,538,256,351,243,63
48413,Schleicher County,Texas,1287,86,43,0.0668,0.3201,no,1976,5,no,30,296,80,256,248,45,121,113,12
48415,Scurry County,Texas,6881,443,190,0.0644,0.4278,no,1968,5,no,737,1764,641,1260,1069,367,168,389,43
48417,Shackelford County,Texas,1575,250,86,0.1587,0.3987,no,1970,6,no,118,260,155,160,182,126,205,117,2
48419,Shelby County,Texas,11584,550,155,0.0475,0.1562,no,1984,2,no,526,733,929,2248,1880,1688,1276,1627,127
48421,Sherman County,Texas,1135,182,62,0.1604,0.3912,no,1966,4,no,108,154,222,109,73,70,164,53,0
48423,Smith County,Texas,99673,3582,454,0.0359,0.1777,no,1986,1,no,4758,9367,8874,14818,13535,11834,16667,13126,3112
48425,Somervell County,Texas,4017,302,178,0.0752,0.1494,yes,1995,3,no,82,216,176,366,453,775,827,711,109
48427,Starr County,Texas,23139,256,103,0.0111,0.0438,no,1994,2,no,359,399,1242,2288,4906,4867,4641,3811,370
48429,Stephens County,Texas,4676,583,148,0.1247,0.2295,no,1975,2,no,289,201,642,1242,661,431,376,135,116
48431,Sterling County,Texas,524,27,21,0.0515,0.1927,yes,1983,4,no,16,58,58,57,138,105,27,35,3
48433,Stonewall County,Texas,791,80,38,0.1011,0.3161,no,1971,3,no,43,127,125,214,55,53,28,49,17
48435,Sutton County,Texas,1766,234,107,0.1325,0.3199,no,1972,8,no,122,209,287,161,319,247,121,66,0
48437,Swisher County,Texas,3029,536,155,0.1770,0.4685,no,1961,3,no,276,607,680,425,270,35,71,126,3
48439,Tarrant County,Texas,843257,23955,1139,0.0284,0.1299,no,1990,1,no,21191,64409,62508,102519,151509,112424,158556,120602,25584
48441,Taylor County,Texas,62198,4532,514,0.0729,0.3252,no,1978,2,no,4140,11552,5005,7553,9204,6034,5410,6954,1814
48443,Terrell County,Texas,639,226,73,0.3537,0.5415,no,1957,10,no,42,78,87,96,50,47,0,13,0
48445,Terry County,Texas,4789,182,130,0.0380,0.3905,yes,1965,3,no,529,1159,984,736,571,143,150,259,76
48447,Throckmorton County,Texas,991,185,49,0.1867,0.4823,no,1961,4,no,98,195,169,132,64,64,45,10,29
48449,Titus County,Texas,12146,269,111,0.0221,0.1209,no,1985,2,no,466,734,1436,2109,2148,1992,1830,1032,130
48451,Tom Green County,Texas,52318,2189,422,0.0418,0.2326,no,1980,1,no,1898,8084,5844,7929,9710,5045,4791,5759,1069
48453,Travis County,Texas,618236,11521,986,0.0186,0.0673,no,1999,2,no,9299,20767,36271,70536,93398,79091,117055,145478,34820
48455,Trinity County,Texas,8326,425,149,0.0510,0.1085,no,1988,2,no,213,265,364,1515,1647,1222,1116,1157,402
48457,Tyler County,Texas,9518,371,157,0.0390,0.1274,no,1985,2,no,142,700,968,1793,1509,1485,1119,1232,199
48459,Upshur County,Texas,17519,763,178,0.0436,0.1407,no,1989,3,no,708,994,1195,3068,2383,2116,2754,3068,470
48461,Upton County,Texas,1683,166,56,0.0986,0.4409,no,1967,9,no,169,407,147,178,309,60,126,106,15
48463,Uvalde County,Texas,10095,920,261,0.0911,0.1687,no,1983,2,no,175,608,1176,1607,1872,1373,1195,939,230
48465,Val Verde County,Texas,18711,715,198,0.0382,0.1442,no,1983,2,no,577,1407,2132,3707,2937,2830,2389,1674,343
48467,Van Zandt County,Texas,25903,800,251,0.0309,0.1019,no,1991,2,no,501,1338,2535,3958,3254,4370,4604,3614,929
48469,Victoria County,Texas,39481,1520,276,0.0385,0.2024,no,1983,3,no,1794,4676,4389,6000,5443,4934,4440,5587,698
48471,Walker County,Texas,30383,549,208,0.0181,0.0450,no,1989,2,no,186,633,2031,6535,6139,4034,3853,5261,1162
48473,Waller County,Texas,20345,224,108,0.0110,0.0573,no,1998,2,no,190,752,1330,1541,3271,3493,3536,4419,1589
48475,Ward County,Texas,5165,156,72,0.0302,0.2742,no,1973,3,no,285,975,879,1088,727,117,207,647,84
48477,Washington County,Texas,17642,1185,273,0.0672,0.1593,no,1989,2,no,671,955,1193,2591,2436,2019,3098,2930,564
48479,Webb County,Texas,88176,2952,435,0.0335,0.0963,no,1997,2,no,1680,3863,4581,7702,11906,17350,20899,15063,2180
48481,Wharton County,Texas,17711,1356,309,0.0766,0.2356,no,1980,2,no,848,1969,1578,3228,2433,2026,1996,1831,446
48483,Wheeler County,Texas,2606,474,98,0.1819,0.4298,no,1971,3,no,386,260,132,543,280,146,83,298,4
48485,Wichita County,Texas,55750,5220,498,0.0936,0.3121,no,1972,2,no,3084,9097,8272,9390,8292,3843,5315,2928,309
48487,Wilbarger County,Texas,5845,1126,276,0.1926,0.4445,no,1965,5,no,543,929,716,1006,732,274,258,212,49
48489,Willacy County,Texas,6885,167,81,0.0243,0.1811,no,1984,3,no,485,595,942,762,1171,952,773,904,134
48491,Williamson County,Texas,262644,3374,488,0.0128,0.0242,no,2006,1,no,1291,1703,3293,14907,29126,40012,65394,77965,25579
48493,Wilson County,Texas,19480,443,141,0.0227,0.0592,no,2000,1,no,366,345,870,1289,1871,4676,4676,3955,989
48495,Winkler County,Texas,3227,9,7,0.0028,0.2581,yes,1968,3,no,330,494,924,638,252,160,90,321,9
48497,Wise County,Texas,27530,665,199,0.0242,0.1076,no,1996,2,no,635,1662,1282,2748,3943,4941,5180,4819,1655
48499,Wood County,Texas,22388,808,261,0.0361,0.1114,no,1990,2,no,831,856,2031,2997,3468,4619,3633,2722,423
48501,Yoakum County,Texas,3028,122,85,0.0403,0.2586,yes,1977,4,no,126,535,267,688,286,459,353,181,11
48503,Young County,Texas,8545,717,197,0.0839,0.2731,no,1976,2,no,318,1299,1040,1486,1524,746,595,672,148
48505,Zapata County,Texas,6255,76,55,0.0122,0.0938,yes,1992,2,no,0,511,432,727,1083,1780,1024,597,25
48507,Zavala County,Texas,3946,398,260,0.1009,0.1875,yes,1979,6,no,131,211,722,544,434,782,130,582,12
49001,Beaver County,Utah,2969,768,185,0.2587,0.3809,no,1976,5,no,247,116,113,381,300,548,301,188,7
49003,Box Elder County,Utah,20760,2455,304,0.1183,0.2351,no,1983,3,no,855,1571,2103,2961,1638,2538,3025,2616,998
49005,Cache County,Utah,46665,4499,398,0.0964,0.1677,no,1992,1,no,1317,2012,2930,6779,4337,6613,8285,7714,2179
49007,Carbon County,Utah,9669,1536,264,0.1589,0.3997,no,1972,2,no,1363,966,398,2373,1144,827,446,536,80
49009,Daggett County,Utah,1163,49,23,0.0421,0.0860,no,1979,3,no,17,34,85,423,104,134,192,124,1
49011,Davis County,Utah,120879,2551,542,0.0211,0.0978,no,1993,1,no,2331,6945,8786,17915,16045,18873,24192,19118,4123
49013,Duchesne County,Utah,9028,533,89,0.0590,0.1490,no,1986,2,no,392,420,505,1753,1404,1301,1535,1073,112
49015,Emery County,Utah,4122,470,115,0.1140,0.1778,no,1978,2,no,147,116,158,1403,704,658,309,104,53
49017,Garfield County,Utah,3620,418,104,0.1155,0.2378,no,1982,4,no,254,189,239,617,426,664,533,256,24
49019,Grand County,Utah,5424,146,89,0.0269,0.1353,yes,1988,5,no,64,524,507,908,663,815,761,915,121
49021,Iron County,Utah,23550,559,140,0.0237,0.0693,no,1997,1,no,466,606,665,3154,2649,5253,4959,4220,1019
49023,Juab County,Utah,4080,813,166,0.1993,0.2760,no,1982,5,no,255,58,231,592,396,289,725,558,163
49025,Kane County,Utah,6422,254,87,0.0396,0.0931,no,1994,2,no,98,246,184,953,910,1411,1565,706,95
49027,Millard County,Utah,5045,1186,197,0.2351,0.3839,no,1974,3,no,340,411,295,776,797,392,495,289,64
49029,Morgan County,Utah,3942,525,160,0.1332,0.2050,no,1997,4,no,113,170,193,445,216,454,898,771,157
49031,Piute County,Utah,869,188,46,0.2163,0.3590,no,1976,3,no,51,73,23,172,71,62,169,49,11
49033,Rich County,Utah,3373,284,75,0.0842,0.1325,no,1992,5,no,29,134,220,738,206,354,960,396,52
49035,Salt Lake County,Utah,449662,32415,1106,0.0721,0.1832,no,1986,1,no,14400,35568,36397,75054,52296,59673,62878,66478,14503
49037,San Juan County,Utah,5679,167,68,0.0294,0.1340,no,1986,2,no,122,472,457,1155,745,1097,1013,396,55
49039,Sanpete County,Utah,10578,2358,216,0.2229,0.2852,no,1985,3,no,357,302,293,1400,1219,1767,1754,985,143
49041,Sevier County,Utah,8831,1748,249,0.1979,0.3208,no,1977,3,no,613,472,524,1437,860,1256,1106,662,153
49043,Summit County,Utah,26549,877,163,0.0330,0.0496,no,1995,1,no,221,219,677,3528,4771,5897,6554,3325,480
49045,Tooele County,Utah,24965,1352,261,0.0542,0.1336,no,1998,1,no,760,1223,1413,1964,1983,4892,5347,4382,1649
49047,Uintah County,Utah,13838,395,141,0.0285,0.0979,no,1992,4,no,404,556,970,2567,1776,1284,3578,2129,179
49049,Utah County,Utah,211066,7290,617,0.0345,0.0953,no,2001,1,no,5069,7754,8616,23988,16599,32891,47344,47436,14079
49051,Wasatch County,Utah,16228,952,220,0.0587,0.0913,no,2005,2,no,339,190,421,987,956,2402,4109,4985,887
49053,Washington County,Utah,82189,941,276,0.0114,0.0292,no,2003,2,no,568,887,1255,5433,10142,16197,22058,18714,5994
49055,Wayne County,Utah,1735,229,74,0.1320,0.2138,no,1985,10,no,59,83,79,354,126,306,278,209,12
49057,Weber County,Utah,100568,8832,588,0.0878,0.2438,no,1984,2,no,5176,10508,8339,12887,10379,13908,16110,11000,3429
50001,Addison County,Vermont,17617,4569,295,0.2594,0.3249,no,1977,2,no,396,759,1319,2445,2685,2007,1947,1287,203
50003,Bennington County,Vermont,20903,5225,430,0.2500,0.3532,no,1972,2,no,705,1453,2385,3309,3544,1488,1975,653,166
50005,Caledonia County,Vermont,16164,5315,390,0.3288,0.3998,no,1973,2,no,652,496,984,2147,2267,1385,1832,995,91
50007,Chittenden County,Vermont,74888,12980,886,0.1733,0.2562,no,1981,1,no,1725,4484,5727,10906,12958,9313,7346,8649,800
50009,Essex County,Vermont,4952,1357,152,0.2740,0.3841,no,1973,3,no,130,415,356,665,577,446,803,180,23
50011,Franklin County,Vermont,23019,5728,440,0.2488,0.3237,no,1979,2,no,586,1137,1387,3070,3148,2457,2838,2486,182
50013,Grand Isle County,Vermont,5326,1024,142,0.1923,0.2623,no,1984,3,no,131,242,451,517,844,691,828,543,55
50015,Lamoille County,Vermont,14320,2659,368,0.1857,0.2457,no,1982,3,no,188,672,1098,2184,2283,1917,2105,889,325
50017,Orange County,Vermont,15078,3950,340,0.2620,0.3282,no,1978,3,no,513,486,1090,1972,2239,1662,2097,912,157
50019,Orleans County,Vermont,16751,3846,279,0.2296,0.3081,no,1978,2,no,508,807,1293,2530,2430,1834,2385,970,148
50021,Rutland County,Vermont,33991,10604,601,0.3120,0.4092,no,1969,2,no,1286,2020,3324,5379,5184,2794,2170,1102,128
50023,Washington County,Vermont,31004,8498,541,0.2741,0.3608,no,1973,2,no,877,1811,2967,5142,4265,2939,2652,1655,198
50025,Windham County,Vermont,30183,7335,461,0.2430,0.3381,no,1974,1,no,968,1903,2740,5110,5299,2462,3143,928,295
50027,Windsor County,Vermont,34846,9469,465,0.2717,0.3720,no,1973,1,no,1466,2028,2780,5325,6271,3253,2791,1253,210
51001,Accomack County,Virginia,22052,3689,395,0.1673,0.2806,no,1982,2,no,1086,1413,1986,2212,3682,2781,3890,1186,127
51003,Albemarle County,Virginia,49159,2905,379,0.0591,0.1003,no,1992,2,no,592,1435,3241,6849,8168,8864,8010,7606,1489
51005,Alleghany County,Virginia,7913,1760,296,0.2224,0.3883,no,1969,3,no,690,623,932,1073,1308,732,697,86,12
51007,Amelia County,Virginia,5815,477,215,0.0820,0.1403,no,1993,4,no,20,319,328,676,759,960,1375,646,255
51009,Amherst County,Virginia,14364,1235,255,0.0860,0.2253,no,1978,2,no,725,1276,1791,2571,1909,2232,1810,729,86
51011,Appomattox County,Virginia,7459,705,180,0.0945,0.2401,no,1981,4,no,416,670,737,1100,715,985,1154,919,58
51013,Arlington County,Virginia,121970,9993,613,0.0819,0.3349,no,1976,2,no,15935,14918,13640,10176,13368,10646,16723,14179,2392
51015,Augusta County,Virginia,33111,2751,410,0.0831,0.1692,no,1989,2,no,907,1943,2283,4270,4784,7136,5584,3203,250
51017,Bath County,Virginia,3228,769,207,0.2382,0.3603,no,1977,5,no,116,278,142,454,349,284,611,219,6
51019,Bedford County,Virginia,37484,2220,327,0.0592,0.1231,no,1990,1,no,937,1457,2330,5432,6432,7904,6287,3858,627
51021,Bland County,Virginia,3210,413,128,0.1287,0.2424,no,1984,4,no,127,238,197,435,514,533,482,207,64
51023,Botetourt County,Virginia,15069,1300,197,0.0863,0.1846,no,1984,2,no,580,902,1200,2739,2087,2494,2312,1109,346
51025,Brunswick County,Virginia,7957,876,193,0.1101,0.2732,no,1979,3,no,461,837,522,1355,753,1447,1164,514,28
51027,Buchanan County,Virginia,10321,487,177,0.0472,0.2023,no,1979,2,no,851,750,1006,2275,1596,1495,1276,564,21
51029,Buckingham County,Virginia,7284,701,183,0.0962,0.1746,no,1990,3,no,266,305,380,1045,990,1268,1561,690,78
51031,Campbell County,Virginia,25533,1533,294,0.0600,0.1712,no,1982,2,no,927,1912,3128,4567,3952,3538,3365,2315,296
51033,Caroline County,Virginia,12920,641,196,0.0496,0.1169,no,1993,2,no,245,624,802,2112,1459,1925,3300,1412,400
51035,Carroll County,Virginia,16696,1438,319,0.0861,0.2328,no,1981,3,no,894,1554,1480,2699,2043,2736,2745,986,121
51036,Charles City County,Virginia,3270,234,75,0.0716,0.1771,no,1988,2,no,138,207,299,364,482,658,489,358,41
51037,Charlotte County,Virginia,5973,846,192,0.1416,0.2640,no,1981,3,no,180,551,624,662,863,1120,742,369,16
51041,Chesterfield County,Virginia,145709,2094,500,0.0144,0.0598,no,1990,1,no,1460,5154,10047,23791,29850,22975,25290,19762,5286
51043,Clarke County,Virginia,6553,1163,233,0.1775,0.2666,no,1980,4,no,246,338,622,910,631,848,1154,501,140
51045,Craig County,Virginia,2398,350,148,0.1460,0.1989,no,1981,6,no,34,93,230,468,348,145,546,147,37
51047,Culpeper County,Virginia,19773,1145,260,0.0579,0.1279,no,1994,2,no,313,1071,1202,2421,2472,3372,5013,2330,434
51049,Cumberland County,Virginia,4736,378,161,0.0798,0.1755,no,1986,3,no,234,219,567,469,820,1015,554,372,108
51051,Dickenson County,Virginia,7362,557,135,0.0757,0.2234,no,1982,3,no,652,436,738,1091,1167,1194,952,546,29
51053,Dinwiddie County,Virginia,11982,765,247,0.0638,0.1330,no,1987,3,no,222,607,1365,1795,1895,2110,2115,887,221
51057,Essex County,Virginia,5811,432,154,0.0743,0.2676,no,1980,3,no,393,730,336,1052,907,625,1099,194,43
51059,Fairfax County,Virginia,430047,4773,530,0.0111,0.1100,no,1983,1,no,7860,34690,56948,83166,97455,60451,48553,30750,5401
51061,Fauquier County,Virginia,28621,3051,372,0.1066,0.1783,no,1987,1,no,604,1448,1456,3574,5873,4181,5419,2648,367
51063,Floyd County,Virginia,7977,902,182,0.1131,0.2067,no,1987,3,no,304,443,426,1175,1001,1447,1622,540,117
51065,Fluvanna County,Virginia,11495,590,217,0.0513,0.1029,no,1995,2,no,99,494,366,871,1550,3302,2923,1067,233
51067,Franklin County,Virginia,28408,1691,278,0.0595,0.1433,no,1988,2,no,635,1745,1945,3871,5542,5168,5476,1986,349
51069,Frederick County,Virginia,37288,1301,286,0.0349,0.0858,no,1996,2,no,569,1330,2103,3839,6114,6139,8610,5972,1311
51071,Giles County,Virginia,8338,965,212,0.1157,0.4006,no,1972,4,no,1373,1002,651,1122,781,1226,720,364,134
51073,Gloucester County,Virginia,17309,1305,334,0.0754,0.1429,no,1987,2,no,315,854,1056,2716,3568,2363,3249,1550,333
51075,Goochland County,Virginia,11208,433,179,0.0386,0.0783,no,2000,2,no,132,313,548,995,1583,1588,2660,2332,624
51077,Grayson County,Virginia,8961,1375,214,0.1534,0.3185,no,1975,3,no,567,912,1058,1251,937,1567,861,326,107
51079,Greene County,Virginia,8852,589,233,0.0665,0.1210,no,1994,1,no,198,284,450,977,1096,2089,1964,1037,168
51081,Greensville County,Virginia,4026,280,153,0.0695,0.1764,yes,1979,3,no,105,325,479,905,513,681,476,185,77
51083,Halifax County,Virginia,17443,2107,310,0.1208,0.2831,no,1974,3,no,885,1946,2468,2935,1970,2564,1909,633,26
51085,Hanover County,Virginia,44589,1827,366,0.0410,0.1055,no,1991,2,no,1001,1876,3703,5972,7415,9119,7023,5426,1227
51087,Henrico County,Virginia,144916,3982,531,0.0275,0.1845,no,1985,1,no,6692,16063,14603,18615,24595,23525,21150,13330,2361
51089,Henry County,Virginia,25404,1573,304,0.0619,0.2466,no,1974,2,no,1620,3072,4358,5483,3831,3292,1275,868,32
51091,Highland County,Virginia,1864,660,134,0.3541,0.4297,no,1971,7,no,75,66,109,213,210,171,292,48,20
51093,Isle of Wight County,Virginia,17125,983,229,0.0574,0.1240,no,1993,2,no,402,738,945,2287,2344,3012,3353,2382,679
51095,James City County,Virginia,34726,406,160,0.0117,0.0427,no,1997,1,no,275,803,1463,3293,6365,6983,8993,5360,785
51097,King and Queen County,Virginia,3511,374,116,0.1065,0.1863,no,1991,3,no,73,207,141,407,498,769,774,246,22
51099,King George County,Virginia,10679,367,132,0.0344,0.0844,no,2000,2,no,191,343,612,1226,1202,1270,3449,1709,310
51101,King William County,Virginia,7730,751,217,0.0972,0.1436,no,1996,3,no,118,241,342,714,871,1360,1650,1396,287
51103,Lancaster County,Virginia,7496,647,157,0.0863,0.1700,no,1982,2,no,140,487,859,1330,1545,888,962,621,17
51105,Lee County,Virginia,10851,1091,209,0.1005,0.3059,no,1977,2,no,1049,1179,777,1907,1577,1585,1115,516,55
51107,Loudoun County,Virginia,147003,3318,359,0.0226,0.0380,no,2002,1,no,574,1699,3943,8794,15472,29813,44313,35034,4043
51109,Louisa County,Virginia,18366,1172,212,0.0638,0.1166,no,1995,2,no,188,781,870,1768,2553,3900,4132,2504,498
51111,Lunenburg County,Virginia,5908,1072,194,0.1814,0.3284,no,1972,3,no,471,397,809,890,562,742,599,349,17
51113,Madison County,Virginia,6140,767,177,0.1249,0.2355,no,1980,3,no,336,343,719,925,670,923,938,401,118
51115,Mathews County,Virginia,5493,945,250,0.1720,0.3129,no,1976,4,no,226,548,557,799,671,904,657,148,38
51117,Mecklenburg County,Virginia,19315,1629,253,0.0843,0.2057,no,1983,2,no,824,1520,1837,2998,2428,3200,2995,1632,252
51119,Middlesex County,Virginia,7153,707,173,0.0988,0.2529,no,1982,3,no,391,711,595,965,982,1163,1103,510,26
51121,Montgomery County,Virginia,42794,1915,366,0.0447,0.1440,no,1986,2,no,1946,2303,2981,7549,7265,6360,6169,5352,954
51125,Nelson County,Virginia,9995,1074,233,0.1075,0.1832,no,1986,2,no,221,536,630,1217,2349,1562,1880,412,114
51127,New Kent County,Virginia,9795,385,202,0.0393,0.1183,yes,1997,3,no,422,352,426,1171,1239,1304,1792,1858,846
51131,Northampton County,Virginia,7550,1484,217,0.1966,0.3493,no,1982,5,no,384,769,258,780,505,945,1713,620,92
51133,Northumberland County,Virginia,9044,713,226,0.0788,0.1826,no,1989,3,no,363,575,554,967,1534,1423,1978,904,33
51135,Nottoway County,Virginia,6749,1054,215,0.1562,0.3498,no,1973,4,no,430,877,728,827,575,990,941,236,91
51137,Orange County,Virginia,16131,1036,268,0.0642,0.1616,no,1993,3,no,483,1087,1282,1457,2198,2066,4309,1820,393
51139,Page County,Virginia,11955,2475,393,0.2070,0.3489,no,1974,2,no,473,1223,1037,1986,1530,1257,1254,582,138
51141,Patrick County,Virginia,10023,823,228,0.0821,0.2283,no,1980,2,no,630,835,992,1764,1526,1651,1110,538,154
51143,Pittsylvania County,Virginia,29443,2364,348,0.0803,0.2167,no,1981,2,no,1262,2753,2756,4988,4631,5355,3869,1298,167
51145,Powhatan County,Virginia,12021,385,120,0.0320,0.0664,no,1996,2,no,90,323,403,1577,1611,2761,2765,1801,305
51147,Prince Edward County,Virginia,9209,1301,320,0.1413,0.2543,no,1980,4,no,443,598,813,1403,1181,1275,1423,694,78
51149,Prince George County,Virginia,13532,287,147,0.0212,0.0668,yes,1992,2,no,234,383,1093,1826,2445,2731,2790,1562,181
51153,Prince William County,Virginia,161852,1941,340,0.0120,0.0436,no,1995,1,no,1015,4095,10556,21556,28840,26958,41975,21955,2961
51155,Pulaski County,Virginia,17056,1230,242,0.0721,0.2715,no,1975,2,no,1628,1773,1754,3910,2063,2224,1824,572,78
51157,Rappahannock County,Virginia,3865,731,192,0.1891,0.2626,no,1982,3,no,54,230,249,529,740,575,603,154,0
51159,Richmond County,Virginia,3970,356,143,0.0897,0.2300,no,1978,3,no,367,190,373,868,389,523,466,268,170
51161,Roanoke County,Virginia,42331,1698,290,0.0401,0.1671,no,1978,1,no,1439,3936,6937,8841,5782,5519,4856,2876,447
51163,Rockbridge County,Virginia,11361,1841,316,0.1620,0.2792,no,1980,3,no,518,813,1056,1401,1446,1824,1775,495,192
51165,Rockingham County,Virginia,36550,4255,441,0.1164,0.2064,no,1986,2,no,1083,2205,2634,4981,4959,5419,6158,4032,824
51167,Russell County,Virginia,12761,1000,231,0.0784,0.1920,no,1980,2,no,589,861,1161,2905,2036,1758,1621,804,26
51169,Scott County,Virginia,11780,1368,231,0.1161,0.3211,no,1975,2,no,779,1635,1315,1740,1366,1731,1314,500,32
51171,Shenandoah County,Virginia,21395,3371,406,0.1576,0.2250,no,1983,2,no,485,957,1657,3417,3167,2492,4300,1101,448
51173,Smyth County,Virginia,15080,1619,230,0.1074,0.2987,no,1973,2,no,936,1949,2136,2711,2041,1904,1069,676,39
51175,Southampton County,Virginia,7810,1052,229,0.1347,0.2410,no,1981,3,no,230,600,725,1242,936,1088,1237,618,82
51177,Spotsylvania County,Virginia,55427,927,253,0.0167,0.0553,no,1997,1,no,892,1245,1104,5187,9841,12709,13360,7967,2195
51179,Stafford County,Virginia,54659,1138,321,0.0208,0.0579,no,1997,1,no,588,1440,1883,6162,7977,11695,12647,9819,1310
51181,Surry County,Virginia,3451,393,92,0.1139,0.2486,no,1983,4,no,172,293,297,420,454,508,548,295,71
51183,Sussex County,Virginia,4706,402,88,0.0854,0.2191,no,1980,4,no,213,416,287,1012,525,667,689,395,100
51185,Tazewell County,Virginia,19768,2440,357,0.1234,0.3108,no,1975,2,no,1508,2195,1935,3678,2782,2628,1571,974,57
51187,Warren County,Virginia,17064,1416,300,0.0830,0.2015,no,1986,2,no,631,1392,1063,2578,2420,3109,3152,1056,247
51191,Washington County,Virginia,25570,2028,271,0.0793,0.1815,no,1983,2,no,945,1669,2200,5080,3326,4949,3408,1685,280
51193,Westmoreland County,Virginia,11448,950,299,0.0830,0.2495,no,1984,4,no,662,1244,877,1466,1233,1181,2499,1169,167
51195,Wise County,Virginia,16627,1803,246,0.1084,0.2466,no,1980,3,no,1071,1227,1287,2839,2495,2725,2120,1020,40
51197,Wythe County,Virginia,14030,1914,330,0.1364,0.2430,no,1979,3,no,754,741,1427,2369,1469,2388,1970,893,105
51199,York County,Virginia,28506,281,112,0.0099,0.0829,no,1992,2,no,429,1652,2243,3058,5022,6348,5445,3408,620
51510,Alexandria city,Virginia,80844,6977,510,0.0863,0.2880,no,1974,1,no,8102,8204,11602,13434,7971,6948,8804,7705,1097
51520,Bristol city,Virginia,8641,1564,260,0.1810,0.3772,no,1967,2,no,654,1041,1520,1362,993,638,683,186,0
51530,Buena Vista city,Virginia,2949,316,145,0.1072,0.3425,no,1972,4,no,131,563,375,584,367,268,204,127,14
51540,Charlottesville city,Virginia,21610,3938,417,0.1822,0.3883,no,1968,2,no,1209,3244,2984,2469,1823,1262,1786,2724,171
51550,Chesapeake city,Virginia,96816,2441,413,0.0252,0.1007,no,1989,1,no,1701,5605,8825,12083,19556,18508,13030,13219,1848
51570,Colonial Heights city,Virginia,8114,522,143,0.0643,0.2736,no,1970,3,no,415,1283,1921,1683,916,748,518,83,25
51580,Covington city,Virginia,3035,1050,219,0.3460,0.6310,no,1951,5,no,426,439,427,228,206,123,111,11,14
51590,Danville city,Virginia,22376,4067,356,0.1818,0.4789,no,1961,2,no,2633,4016,3305,4002,1578,1261,1115,353,46
51595,Emporia city,Virginia,2726,480,150,0.1761,0.5334,no,1959,3,no,198,776,341,339,195,223,167,0,7
51600,Fairfax city,Virginia,9313,31,30,0.0033,0.3113,yes,1967,2,no,287,2581,2446,820,687,740,683,795,243
51610,Falls Church city,Virginia,6585,389,105,0.0591,0.3292,no,1971,3,no,985,794,1055,768,455,320,921,748,150
51620,Franklin city,Virginia,3910,500,197,0.1279,0.4307,no,1967,7,no,295,889,414,311,259,615,443,176,8
51630,Fredericksburg city,Virginia,12419,1669,235,0.1344,0.2381,no,1986,4,no,541,747,1096,1506,1011,1139,1606,2625,479
51640,Galax city,Virginia,3214,374,131,0.1164,0.3783,no,1967,3,no,340,502,580,620,278,227,211,52,30
51650,Hampton city,Virginia,62588,4038,476,0.0645,0.2558,no,1974,1,no,3800,8170,12159,7450,9229,6710,5641,4901,490
51660,Harrisonburg city,Virginia,18667,1427,250,0.0764,0.1828,no,1987,2,no,549,1436,1155,2560,3032,3094,3206,1933,275
51670,Hopewell city,Virginia,10448,1461,298,0.1398,0.3346,no,1972,2,no,686,1349,1330,2358,1092,697,789,595,91
51678,Lexington city,Virginia,2808,840,252,0.2991,0.5207,no,1959,5,no,162,460,537,239,241,241,10,67,11
51680,Lynchburg city,Virginia,34208,6707,483,0.1961,0.3694,no,1971,2,no,1932,3999,4023,5764,2877,1916,4006,2637,347
51683,Manassas city,Virginia,14505,370,107,0.0255,0.0717,no,1985,1,no,70,600,1968,2074,4523,2402,1071,1128,299
51685,Manassas Park city,Virginia,5569,26,32,0.0047,0.1494,yes,1997,2,no,41,765,287,290,304,1459,1793,604,0
51690,Martinsville city,Virginia,7035,1390,234,0.1976,0.5430,no,1958,2,no,644,1786,1085,864,624,388,225,29,0
51700,Newport News city,Virginia,82052,3980,464,0.0485,0.2017,no,1979,1,no,3708,8863,12410,13160,14212,11371,8011,6014,323
51710,Norfolk city,Virginia,103524,15894,919,0.1535,0.4438,no,1964,2,no,10111,19941,13319,10486,10819,6215,7203,8260,1276
51720,Norton city,Virginia,1764,321,125,0.1820,0.3447,no,1973,3,no,82,205,129,449,261,134,148,19,16
51730,Petersburg city,Virginia,18075,2997,380,0.1658,0.3792,no,1970,2,no,1308,2549,2139,2976,1901,1254,1574,1182,195
51735,Poquoson city,Virginia,4971,424,145,0.0853,0.2438,no,1977,2,no,486,302,533,1092,937,367,536,220,74
51740,Portsmouth city,Virginia,43318,5152,540,0.1189,0.3949,no,1967,2,no,5242,6714,6252,6155,4226,3729,2987,2552,309
51750,Radford city,Virginia,6459,613,158,0.0949,0.3168,no,1976,4,no,716,717,728,757,1171,705,823,189,40
51760,Richmond city,Virginia,114293,32445,1010,0.2839,0.5116,no,1959,1,no,10657,15374,13175,9400,7971,6226,6439,10338,2268
51770,Roanoke city,Virginia,49106,12152,801,0.2475,0.5304,no,1958,1,no,5626,8270,5870,6196,3385,2773,2794,1797,243
51775,Salem city,Virginia,11112,1455,283,0.1309,0.3173,no,1971,2,no,497,1574,1837,2398,1412,842,578,435,84
51790,Staunton city,Virginia,12397,2460,255,0.1984,0.4479,no,1962,2,no,913,2180,2809,1362,625,541,922,512,73
51800,Suffolk city,Virginia,40499,2094,250,0.0517,0.1480,no,1996,2,no,1430,2469,2777,4302,3890,5865,8984,6892,1796
51810,Virginia Beach city,Virginia,191294,1818,273,0.0095,0.0813,no,1984,1,no,2521,11221,24016,36340,52321,24933,21240,15817,1067
51820,Waynesboro city,Virginia,10510,1295,282,0.1232,0.3601,no,1969,3,no,661,1829,1714,1027,902,1058,1063,723,238
51830,Williamsburg city,Virginia,5799,344,134,0.0593,0.1568,no,1987,3,no,150,415,844,456,1010,687,937,720,236
51840,Winchester city,Virginia,12541,2314,367,0.1845,0.4081,no,1968,4,no,1447,1357,1415,1373,1628,1267,1148,534,58
53001,Adams County,Washington,6926,901,194,0.1301,0.2628,no,1977,2,no,272,647,623,1569,523,859,851,550,131
53003,Asotin County,Washington,10183,1242,211,0.1220,0.2963,no,1976,2,no,890,885,1049,1708,984,1392,1129,768,136
53005,Benton County,Washington,83101,2054,397,0.0247,0.1793,no,1988,2,no,6606,6236,7262,14840,5540,11571,14110,12369,2513
53007,Chelan County,Washington,38677,4837,567,0.1251,0.2649,no,1983,2,no,2010,3400,3125,4654,4077,5879,6050,3709,936
53009,Clallam County,Washington,38613,2968,340,0.0769,0.2000,no,1982,2,no,2040,2715,2778,7767,4586,6880,5322,2957,600
53011,Clark County,Washington,204375,7788,722,0.0381,0.1112,no,1993,1,no,6345,8599,12328,32470,21466,42964,34427,30099,7889
53013,Columbia County,Washington,2217,749,132,0.3378,0.5679,no,1953,6,no,295,215,150,207,132,102,232,122,13
53015,Cowlitz County,Washington,46422,6348,590,0.1367,0.3041,no,1976,1,no,3527,4242,4554,7700,4095,6138,5631,3547,640
53017,Douglas County,Washington,17960,1478,261,0.0823,0.2032,no,1988,4,no,724,1448,1203,3003,1453,2733,3182,2242,494
53019,Ferry County,Washington,4117,204,59,0.0496,0.1535,no,1985,3,no,162,266,325,820,544,747,769,266,14
53021,Franklin County,Washington,31183,1052,254,0.0337,0.1533,no,1997,2,no,1305,2424,2239,4544,1592,3456,7450,5984,1137
53023,Garfield County,Washington,1221,390,106,0.3194,0.5414,no,1957,6,no,81,190,67,148,137,56,89,63,0
53025,Grant County,Washington,40214,1785,282,0.0444,0.2231,no,1988,3,no,1498,5690,2157,5878,3967,6015,7013,5360,851
53027,Grays Harbor County,Washington,36967,8435,565,0.2282,0.3424,no,1974,2,no,1662,2559,3621,6078,3602,3559,4356,2712,383
53029,Island County,Washington,42744,1368,239,0.0320,0.1191,no,1991,1,no,976,2747,3066,6336,6121,10045,7776,3593,716
53031,Jefferson County,Washington,19534,2249,294,0.1151,0.1719,no,1988,2,no,541,567,1340,2685,2939,3601,3210,1878,524
53033,King County,Washington,1003284,109564,2274,0.1092,0.2285,no,1983,1,no,45156,74569,109123,118361,135171,115078,132735,142268,21259
53035,Kitsap County,Washington,116970,8941,751,0.0764,0.1735,no,1986,1,no,6393,4960,7766,18486,18948,21570,16050,10978,2878
53037,Kittitas County,Washington,24674,2912,341,0.1180,0.1755,no,1993,2,no,613,805,1493,3145,2257,4055,5246,3525,623
53039,Klickitat County,Washington,10945,1516,268,0.1385,0.2808,no,1986,4,no,437,1120,595,1136,1032,1926,1699,1132,352
53041,Lewis County,Washington,36512,5842,485,0.1600,0.2638,no,1980,2,no,1663,2126,2670,5945,3970,6021,4836,2643,796
53043,Lincoln County,Washington,5918,1554,160,0.2626,0.4025,no,1972,2,no,362,466,423,904,438,609,652,418,92
53045,Mason County,Washington,34152,1549,286,0.0454,0.1301,no,1989,2,no,1425,1469,2544,5747,4647,7353,6258,2334,826
53047,Okanogan County,Washington,22156,2211,271,0.0998,0.2281,no,1982,2,no,1453,1389,1743,3753,2629,3341,3223,2154,260
53049,Pacific County,Washington,16325,2783,314,0.1705,0.2812,no,1979,2,no,994,813,1619,2214,2251,2056,2295,1125,175
53051,Pend Oreille County,Washington,8113,708,169,0.0873,0.2190,no,1985,3,no,512,557,484,1194,1205,1332,1293,642,186
53053,Pierce County,Washington,369709,37162,1495,0.1005,0.1969,no,1986,1,no,13968,21681,32355,51023,47827,57686,59036,40723,8248
53055,San Juan County,Washington,13990,695,95,0.0497,0.1056,no,1988,1,no,253,530,1036,2661,2268,2563,2611,1199,174
53057,Skagit County,Washington,57050,7167,500,0.1256,0.2175,no,1986,2,no,1922,3319,3521,8161,7093,10481,9357,4936,1093
53059,Skamania County,Washington,5973,510,105,0.0854,0.1686,no,1984,4,no,251,246,491,1211,625,1116,964,523,36
53061,Snohomish County,Washington,331530,16100,933,0.0486,0.1169,no,1990,1,no,6177,16464,32465,43572,49736,59660,58309,40283,8764
53063,Spokane County,Washington,231205,32890,1170,0.1423,0.3064,no,1978,1,no,14388,23562,14488,37390,20689,27934,30303,25150,4411
53065,Stevens County,Washington,22782,1981,276,0.0870,0.1857,no,1985,2,no,782,1468,1435,4188,2887,3944,3532,1935,630
53067,Thurston County,Washington,125163,5777,640,0.0462,0.1146,no,1991,1,no,3386,5177,8554,19351,17445,22143,23705,16342,3283
53069,Wahkiakum County,Washington,2250,440,121,0.1956,0.3262,no,1978,6,no,200,94,191,246,157,282,307,291,42
53071,Walla Walla County,Washington,25422,5248,550,0.2064,0.3634,no,1973,2,no,1494,2497,2103,3977,2080,2282,3117,2064,560
53073,Whatcom County,Washington,103520,11857,754,0.1145,0.1757,no,1989,2,no,2107,4228,5786,17056,12179,17141,18074,12652,2440
53075,Whitman County,Washington,22091,3483,253,0.1577,0.2733,no,1977,2,no,834,1720,2286,3653,2511,2590,2716,2081,217
53077,Yakima County,Washington,92432,12410,930,0.1343,0.2955,no,1977,2,no,6610,8297,8580,15837,9871,11538,10240,7824,1225
54001,Barbour County,West Virginia,7124,1581,293,0.2219,0.3414,no,1976,2,no,382,469,324,1389,772,843,733,572,59
54003,Berkeley County,West Virginia,53819,3992,704,0.0742,0.1372,no,1996,2,no,1281,2112,1612,5927,6405,8679,13889,8286,1636
54005,Boone County,West Virginia,10150,861,227,0.0848,0.2995,no,1976,2,no,996,1183,801,1976,1272,1529,1026,458,48
54007,Braxton County,West Virginia,6244,1099,221,0.1760,0.3379,no,1977,3,no,353,658,278,1033,986,669,763,333,72
54009,Brooke County,West Virginia,10691,2241,285,0.2096,0.4320,no,1966,3,no,752,1625,1298,1986,823,931,677,302,56
54011,Cabell County,West Virginia,46030,7670,532,0.1666,0.3607,no,1971,2,no,3446,5487,5983,7197,4017,4912,4157,2758,403
54013,Calhoun County,West Virginia,3185,375,118,0.1177,0.3454,no,1975,4,no,401,324,264,498,401,384,352,180,6
54015,Clay County,West Virginia,3961,225,93,0.0568,0.1626,no,1985,3,no,151,268,360,599,695,735,536,313,79
54017,Doddridge County,West Virginia,3235,646,140,0.1997,0.3675,no,1977,4,no,145,398,124,434,403,562,319,183,21
54019,Fayette County,West Virginia,19084,3722,419,0.1950,0.4005,no,1972,2,no,1587,2334,1394,2958,1981,2174,1950,910,74
54021,Gilmer County,West Virginia,3117,677,173,0.2172,0.3545,no,1974,3,no,213,215,210,628,571,126,299,178,0
54023,Grant County,West Virginia,5670,605,157,0.1067,0.2164,no,1980,3,no,292,330,755,873,916,715,728,437,19
54025,Greenbrier County,West Virginia,17913,2619,345,0.1462,0.2806,no,1977,2,no,1092,1316,1601,3110,2258,2582,2129,1089,117
54027,Hampshire County,West Virginia,12639,1401,299,0.1108,0.2117,no,1986,2,no,573,702,555,1642,2287,2432,2048,898,101
54029,Hancock County,West Virginia,14194,2275,299,0.1603,0.5321,no,1959,1,no,1133,4144,1774,2152,745,963,650,354,4
54031,Hardy County,West Virginia,8284,888,199,0.1072,0.1847,no,1984,2,no,157,485,750,1297,1442,1274,1364,475,152
54033,Harrison County,West Virginia,30537,7469,588,0.2446,0.4532,no,1965,2,no,2729,3642,2953,3764,2600,2960,1958,2168,294
54035,Jackson County,West Virginia,12867,792,239,0.0616,0.1758,no,1979,2,no,417,1053,1858,2464,1792,1846,1806,766,73
54037,Jefferson County,West Virginia,24774,2332,300,0.0941,0.1365,no,1991,2,no,248,801,1839,3561,3132,4103,5383,2978,397
54039,Kanawha County,West Virginia,90408,12558,772,0.1389,0.4316,no,1966,2,no,10150,16308,10896,13338,7617,8708,6656,3518,659
54041,Lewis County,West Virginia,8219,1637,227,0.1992,0.3154,no,1977,2,no,427,528,436,1463,967,1081,938,606,136
54043,Lincoln County,West Virginia,9595,528,169,0.0550,0.1603,no,1983,3,no,241,769,1002,1784,1444,1961,1282,484,100
54045,Logan County,West Virginia,14772,1895,375,0.1283,0.2706,no,1982,2,no,912,1190,881,1787,3032,2305,1740,977,53
54047,McDowell County,West Virginia,9336,2753,353,0.2949,0.5235,no,1958,4,no,1059,1075,442,1739,749,674,606,225,14
54049,Marion County,West Virginia,26276,7246,617,0.2758,0.4896,no,1961,3,no,2748,2870,2138,3255,2025,2287,1962,1477,268
54051,Marshall County,West Virginia,14701,4065,445,0.2765,0.4958,no,1961,4,no,1302,1922,1221,2370,1518,1116,549,571,67
54053,Mason County,West Virginia,12179,1422,344,0.1168,0.2950,no,1978,3,no,903,1268,1329,1437,1603,1589,1806,759,63
54055,Mercer County,West Virginia,29345,4735,446,0.1614,0.3215,no,1974,2,no,1968,2730,3193,4931,3554,3832,2736,1502,164
54057,Mineral County,West Virginia,12509,1659,304,0.1326,0.2333,no,1977,2,no,566,693,1496,2536,2210,1264,977,800,308
54059,Mingo County,West Virginia,11554,918,242,0.0795,0.2029,no,1982,2,no,737,689,523,2390,2171,2210,1180,693,43
54061,Monongalia County,West Virginia,49932,5381,557,0.1078,0.2236,no,1988,3,no,2073,3711,2618,6582,5439,6483,9504,7256,885
54063,Monroe County,West Virginia,6240,843,238,0.1351,0.2606,no,1978,2,no,387,396,611,1104,1015,838,452,567,27
54065,Morgan County,West Virginia,9250,903,244,0.0976,0.1812,no,1987,3,no,377,396,813,1214,1276,1771,1631,762,107
54067,Nicholas County,West Virginia,12550,1248,268,0.0994,0.2418,no,1981,3,no,552,1235,891,2223,2097,1638,1695,835,136
54069,Ohio County,West Virginia,21120,6948,512,0.3290,0.5458,no,1956,3,no,1826,2754,2059,2608,1365,1349,1035,1120,56
54071,Pendleton County,West Virginia,3695,628,125,0.1700,0.3139,no,1977,3,no,198,334,216,660,691,401,449,109,9
54073,Pleasants County,West Virginia,3222,496,124,0.1539,0.3054,no,1976,3,no,166,322,284,547,265,602,273,193,74
54075,Pocahontas County,West Virginia,6834,896,138,0.1311,0.2341,no,1982,2,no,345,359,449,1040,1351,926,1109,342,17
54077,Preston County,West Virginia,15183,2300,301,0.1515,0.2434,no,1982,2,no,453,942,841,2584,2078,2181,2206,1395,203
54079,Putnam County,West Virginia,24963,1322,351,0.0530,0.1443,no,1989,2,no,837,1442,1977,3654,3818,5434,4249,1964,266
54081,Raleigh County,West Virginia,34604,3005,500,0.0868,0.2875,no,1977,2,no,3515,3428,2839,6823,4392,4882,3477,2172,71
54083,Randolph County,West Virginia,13072,2402,307,0.1838,0.3257,no,1977,2,no,971,885,930,1981,1769,1914,1516,668,36
54085,Ritchie County,West Virginia,4176,879,139,0.2105,0.3178,no,1975,2,no,256,192,394,728,410,530,460,253,74
54087,Roane County,West Virginia,7146,975,189,0.1364,0.3016,no,1976,2,no,346,834,583,1381,733,1064,796,311,123
54089,Summers County,West Virginia,6541,1206,229,0.1844,0.3611,no,1974,3,no,508,648,497,1162,933,776,441,308,62
54091,Taylor County,West Virginia,7433,1903,258,0.2560,0.3674,no,1979,4,no,256,572,187,852,916,1216,786,708,37
54093,Tucker County,West Virginia,4652,871,129,0.1872,0.2616,no,1983,2,no,166,180,349,388,1075,706,574,339,4
54095,Tyler County,West Virginia,4110,1161,152,0.2825,0.4066,no,1968,4,no,209,301,470,510,437,502,243,270,7
54097,Upshur County,West Virginia,11281,1626,279,0.1441,0.2529,no,1979,2,no,373,854,1059,1935,1690,1398,1312,958,76
54099,Wayne County,West Virginia,18263,2106,406,0.1153,0.2789,no,1976,1,no,1084,1903,1835,3673,2363,2548,1766,954,31
54101,Webster County,West Virginia,4388,680,146,0.1550,0.3434,no,1975,4,no,291,536,348,672,700,468,441,252,0
54103,Wetzel County,West Virginia,7297,1926,243,0.2639,0.4694,no,1962,3,no,554,945,909,885,683,716,337,311,31
54105,Wirt County,West Virginia,2725,226,93,0.0829,0.1743,no,1985,4,no,115,134,236,445,428,507,389,203,42
54107,Wood County,West Virginia,40283,5948,606,0.1477,0.3773,no,1970,2,no,2833,6419,4698,6767,4191,4304,2650,2023,450
54109,Wyoming County,West Virginia,9953,1197,308,0.1203,0.3445,no,1974,3,no,987,1245,815,2056,1361,1007,706,548,31
55001,Adams County,Wisconsin,17008,1059,137,0.0623,0.1358,no,1984,1,no,369,882,1455,3756,2589,2622,3097,905,274
55003,Ashland County,Wisconsin,9445,2401,224,0.2542,0.3942,no,1972,2,no,551,771,689,1423,1054,1039,1128,347,42
55005,Barron County,Wisconsin,24067,4215,290,0.1751,0.3083,no,1977,1,no,1378,1827,1908,3978,2943,2901,3211,1400,306
55007,Bayfield County,Wisconsin,13356,2031,173,0.1521,0.2616,no,1982,2,no,672,791,1038,1905,1576,1749,2503,951,140
55009,Brown County,Wisconsin,115493,10669,678,0.0924,0.2239,no,1981,2,no,4641,10546,11778,18107,13594,16808,16039,10983,2328
55011,Buffalo County,Wisconsin,6522,1750,129,0.2683,0.4270,no,1969,3,no,429,606,531,891,559,638,732,350,36
55013,Burnett County,Wisconsin,15396,1308,138,0.0850,0.1805,no,1983,1,no,430,1041,1426,2893,2202,2043,3068,881,104
55015,Calumet County,Wisconsin,22493,3217,310,0.1430,0.2186,no,1987,3,no,553,1147,1992,2975,2065,3145,4652,2261,486
55017,Chippewa County,Wisconsin,29366,5552,424,0.1891,0.3095,no,1978,2,no,1136,2401,2055,4621,2949,3423,4162,2449,618
55019,Clark County,Wisconsin,14961,3710,174,0.2480,0.3924,no,1972,1,no,889,1271,1093,2423,1396,1327,1776,790,286
55021,Columbia County,Wisconsin,26880,5820,378,0.2165,0.3456,no,1976,2,no,1109,2360,1909,3626,2197,3961,4135,1343,420
55023,Crawford County,Wisconsin,8765,1628,146,0.1857,0.3197,no,1978,1,no,493,681,482,1414,1030,1242,1200,511,84
55025,Dane County,Wisconsin,261061,27221,1050,0.1043,0.2070,no,1986,1,no,8014,18814,24300,34979,27362,35201,43034,35764,6372
55027,Dodge County,Wisconsin,38524,10846,527,0.2815,0.4185,no,1970,2,no,1528,3748,3202,4519,2878,4794,4491,2165,353
55029,Door County,Wisconsin,24436,3543,356,0.1450,0.2600,no,1983,1,no,1282,1528,1403,3424,3358,3386,3694,2408,410
55031,Douglas County,Wisconsin,23154,5851,391,0.2527,0.4019,no,1969,2,no,1576,1879,2397,3565,1889,1987,2428,1339,243
55033,Dunn County,Wisconsin,18983,2994,223,0.1577,0.2639,no,1983,2,no,791,1225,1104,2723,2022,3469,2897,1566,192
55035,Eau Claire County,Wisconsin,46936,7362,533,0.1569,0.2959,no,1978,1,no,2201,4325,3611,7412,4961,6351,5599,4125,989
55037,Florence County,Wisconsin,4638,633,110,0.1365,0.2984,no,1979,2,no,246,505,364,643,473,676,716,340,42
55039,Fond du Lac County,Wisconsin,46094,11623,623,0.2522,0.3891,no,1971,2,no,2013,4298,4240,6296,3559,5449,5092,3246,278
55041,Forest County,Wisconsin,8715,1125,123,0.1291,0.2565,no,1980,2,no,537,573,696,1411,1152,1253,1216,654,98
55043,Grant County,Wisconsin,22332,5047,330,0.2260,0.3457,no,1973,1,no,1065,1609,2434,3378,2056,2519,2570,1387,267
55045,Green County,Wisconsin,16480,4337,282,0.2632,0.3879,no,1972,2,no,789,1266,1430,2394,1350,1871,2103,698,242
55047,Green Lake County,Wisconsin,10772,2579,208,0.2394,0.3772,no,1971,2,no,582,902,1158,1779,1041,1135,1102,424,70
55049,Iowa County,Wisconsin,11108,2919,204,0.2628,0.3751,no,1975,2,no,560,688,799,1218,1171,1460,1465,698,130
55051,Iron County,Wisconsin,5566,1065,111,0.1913,0.3879,no,1972,2,no,514,580,437,809,430,692,784,223,32
55053,Jackson County,Wisconsin,9750,1922,172,0.1971,0.3057,no,1979,2,no,411,648,741,1244,819,1410,1677,763,115
55055,Jefferson County,Wisconsin,36890,8951,537,0.2426,0.3801,no,1973,2,no,1424,3646,2800,4895,2718,5105,4975,1977,399
55057,Juneau County,Wisconsin,14767,2208,189,0.1495,0.2586,no,1981,2,no,633,978,1091,2263,1633,2230,2367,1181,183
55059,Kenosha County,Wisconsin,73678,12095,771,0.1642,0.3409,no,1975,2,no,4448,8575,6774,9147,6071,10310,10607,4668,983
55061,Kewaunee County,Wisconsin,9367,2618,204,0.2795,0.4138,no,1970,2,no,424,834,798,1226,848,1027,1060,435,97
55063,La Crosse County,Wisconsin,54011,8732,728,0.1617,0.3059,no,1978,1,no,2580,5210,4008,8094,5002,8094,6210,5315,766
55065,Lafayette County,Wisconsin,7234,2373,128,0.3280,0.4555,no,1966,3,no,354,568,569,1004,568,560,795,334,109
55067,Langlade County,Wisconsin,12221,2730,284,0.2234,0.3851,no,1972,2,no,871,1105,1020,1633,1328,1371,1276,724,163
55069,Lincoln County,Wisconsin,16327,3184,310,0.1950,0.3606,no,1975,2,no,1058,1645,1423,1829,1629,2391,1943,927,298
55071,Manitowoc County,Wisconsin,38084,10946,484,0.2874,0.4625,no,1964,2,no,2606,4063,3329,5251,2504,4285,3333,1527,240
55073,Marathon County,Wisconsin,60910,10024,542,0.1646,0.3072,no,1978,2,no,2931,5755,5009,8885,5813,7784,9538,4179,992
55075,Marinette County,Wisconsin,29484,4576,358,0.1552,0.3191,no,1975,1,no,1899,2932,2704,4989,3425,3431,3785,1424,319
55077,Marquette County,Wisconsin,9827,1799,153,0.1831,0.2893,no,1977,1,no,403,641,739,1945,1092,1394,1324,423,67
55078,Menominee County,Wisconsin,2186,152,54,0.0695,0.1020,no,1985,3,no,24,47,66,522,621,389,257,97,11
55079,Milwaukee County,Wisconsin,426715,118608,2106,0.2780,0.5635,no,1957,1,no,40688,81151,50911,45103,23752,23233,21869,18333,3067
55081,Monroe County,Wisconsin,20022,3536,310,0.1766,0.3094,no,1980,2,no,1168,1490,1119,2660,2197,3155,2885,1663,149
55083,Oconto County,Wisconsin,24072,3477,265,0.1444,0.2599,no,1981,2,no,956,1824,2039,3435,2568,3708,3825,1918,322
55085,Oneida County,Wisconsin,30814,2920,368,0.0948,0.2398,no,1980,1,no,1645,2825,2883,5154,4050,4781,4479,1794,283
55087,Outagamie County,Wisconsin,80915,12253,558,0.1514,0.2800,no,1980,1,no,3300,7101,6413,11299,9447,10910,11779,7002,1411
55089,Ozaukee County,Wisconsin,39872,4277,489,0.1073,0.2543,no,1978,2,no,1710,4153,4700,6588,3903,5762,4605,3476,698
55091,Pepin County,Wisconsin,3606,914,107,0.2535,0.4135,no,1970,4,no,257,320,318,488,244,270,583,171,41
55093,Pierce County,Wisconsin,17152,3159,268,0.1842,0.2714,no,1980,2,no,601,895,1384,2536,1842,2173,2827,1397,338
55095,Polk County,Wisconsin,24558,3235,267,0.1317,0.2571,no,1981,2,no,1109,1969,1773,3936,2797,3644,4260,1466,369
55097,Portage County,Wisconsin,31746,5251,377,0.1654,0.2488,no,1979,1,no,901,1745,2735,5772,3551,5057,3889,2281,564
55099,Price County,Wisconsin,10819,1985,173,0.1835,0.3327,no,1976,2,no,711,903,831,1745,1100,1458,1348,649,89
55101,Racine County,Wisconsin,85658,16331,865,0.1907,0.3947,no,1968,2,no,5665,11812,10833,11772,7161,9761,8102,3271,950
55103,Richland County,Wisconsin,8532,2418,179,0.2834,0.4113,no,1971,2,no,459,632,614,1199,819,947,975,423,46
55105,Rock County,Wisconsin,71109,13653,700,0.1920,0.3710,no,1970,2,no,5089,7637,9506,10212,5706,7690,7686,3086,844
55107,Rusk County,Wisconsin,8663,1439,140,0.1661,0.2984,no,1977,1,no,488,658,692,1500,1053,1103,1125,534,71
55109,St. Croix County,Wisconsin,38953,4447,445,0.1142,0.1745,no,1993,2,no,740,1609,1826,4335,4627,5995,10062,4131,1181
55111,Sauk County,Wisconsin,31496,5891,354,0.1870,0.2802,no,1983,2,no,1134,1800,1841,4037,3574,5181,5426,2208,404
55113,Sawyer County,Wisconsin,16250,1604,191,0.0987,0.2330,no,1985,2,no,869,1314,1252,2075,1922,2727,2976,1263,248
55115,Shawano County,Wisconsin,20670,4412,258,0.2134,0.3411,no,1975,1,no,854,1785,1615,3235,2004,2593,3117,861,194
55117,Sheboygan County,Wisconsin,53067,14921,610,0.2812,0.4085,no,1970,2,no,2485,4270,4981,7267,4443,6334,4991,2742,633
55119,Taylor County,Wisconsin,9537,1712,167,0.1795,0.3081,no,1978,2,no,591,635,597,1581,1135,1253,1244,661,128
55121,Trempealeau County,Wisconsin,13431,2824,188,0.2103,0.3253,no,1977,2,no,586,959,989,1887,1224,1872,1719,1242,129
55123,Vernon County,Wisconsin,14065,3379,269,0.2402,0.3804,no,1974,1,no,1129,843,992,1794,1182,1581,1876,1049,240
55125,Vilas County,Wisconsin,24876,1862,208,0.0749,0.2073,no,1981,2,no,1131,2163,2187,4883,3091,3535,3759,1964,301
55127,Walworth County,Wisconsin,54124,8395,669,0.1551,0.3032,no,1977,2,no,3030,4986,5227,7471,4453,8266,8095,3542,659
55129,Washburn County,Wisconsin,12853,1332,125,0.1036,0.2251,no,1982,2,no,676,885,1138,2105,1496,1825,2484,778,134
55131,Washington County,Wisconsin,59380,6768,631,0.1140,0.1984,no,1986,2,no,1238,3774,4534,10189,5702,10638,10406,4954,1177
55133,Waukesha County,Wisconsin,175591,12540,785,0.0714,0.1968,no,1981,2,no,4546,17467,19349,30962,20124,31631,21852,14195,2925
55135,Waupaca County,Wisconsin,25791,5681,369,0.2203,0.3521,no,1975,2,no,1304,2097,1855,3824,2833,3682,2993,1305,217
55137,Waushara County,Wisconsin,14875,2324,192,0.1562,0.2992,no,1977,2,no,832,1295,1182,2439,1650,2220,2061,733,139
55139,Winnebago County,Wisconsin,77318,14725,719,0.1904,0.3336,no,1975,1,no,3774,7298,7325,11143,7697,10084,9471,4766,1035
55141,Wood County,Wisconsin,34755,6067,469,0.1746,0.3458,no,1972,2,no,2075,3875,3915,6379,3395,3576,3143,1917,413
56001,Albany County,Wyoming,18851,2879,363,0.1527,0.2536,no,1978,2,no,493,1408,1835,3531,2351,1889,2174,1982,309
56003,Big Horn County,Wyoming,5372,1102,149,0.2051,0.4389,no,1968,5,no,658,598,404,894,569,307,437,357,46
56005,Campbell County,Wyoming,20023,488,215,0.0244,0.0411,no,1991,3,no,189,146,898,4329,3801,2124,5234,2615,199
56007,Carbon County,Wyoming,8236,1324,231,0.1608,0.3514,no,1973,2,no,673,897,529,2082,1041,681,685,243,81
56009,Converse County,Wyoming,6646,958,212,0.1441,0.1979,no,1978,2,no,93,264,306,2181,849,287,1184,501,23
56011,Crook County,Wyoming,3685,324,106,0.0879,0.1452,no,1986,3,no,29,182,362,608,551,300,737,521,71
56013,Fremont County,Wyoming,17469,1594,248,0.0912,0.2182,no,1978,1,no,718,1500,1802,3776,2235,2193,2543,1017,91
56015,Goshen County,Wyoming,5856,1119,163,0.1911,0.3839,no,1971,3,no,460,669,594,886,733,313,529,495,58
56017,Hot Springs County,Wyoming,2461,305,114,0.1239,0.3039,no,1974,3,no,197,246,269,535,423,178,221,78,9
56019,Johnson County,Wyoming,4659,638,188,0.1369,0.2393,no,1984,5,no,313,164,257,791,405,677,895,444,75
56021,Laramie County,Wyoming,45659,4782,474,0.1047,0.2466,no,1980,2,no,2336,4142,4212,7323,4467,5143,5850,6237,1167
56023,Lincoln County,Wyoming,9964,848,188,0.0851,0.1519,no,1988,3,no,303,363,485,1663,1571,1900,1831,877,123
56025,Natrona County,Wyoming,37309,3984,489,0.1068,0.2802,no,1977,2,no,1160,5309,2787,7278,4247,2197,4971,4836,540
56027,Niobrara County,Wyoming,1425,523,123,0.3670,0.4968,no,1962,23,no,134,51,23,219,232,72,87,58,26
56029,Park County,Wyoming,14989,1159,245,0.0773,0.2240,no,1983,2,no,881,1317,1307,2180,2411,1812,2068,1528,326
56031,Platte County,Wyoming,4688,711,165,0.1517,0.2924,no,1976,2,no,205,455,291,1163,359,704,405,353,42
56033,Sheridan County,Wyoming,15461,2314,372,0.1497,0.2574,no,1983,3,no,636,1030,1088,2092,1827,1737,2515,1793,429
56035,Sublette County,Wyoming,5280,485,159,0.0919,0.1775,no,1985,3,no,118,334,340,755,1119,634,1209,273,13
56037,Sweetwater County,Wyoming,19289,1841,338,0.0954,0.1911,no,1980,1,no,898,948,1070,5004,3392,1939,2304,1793,100
56039,Teton County,Wyoming,13658,590,250,0.0432,0.1096,no,1989,2,no,175,732,471,2402,2708,3043,2049,1245,243
56041,Uinta County,Wyoming,8901,791,218,0.0889,0.1601,no,1984,1,no,145,489,251,1536,2974,1100,855,662,98
56043,Washakie County,Wyoming,3854,512,121,0.1328,0.3739,no,1972,2,no,286,643,285,895,488,228,360,139,18
56045,Weston County,Wyoming,3406,611,146,0.1794,0.4113,no,1974,4,no,325,465,97,457,345,384,381,309,32
